WavwNum_Anatase,value_Anatase
100.0,0.0
119.7566,0.0
120.2387,228.5371
120.7209,27.95508
121.203,84.98828
121.6851,75.19824
122.1672,416.7856
122.6493,939.0723
123.1314,1641.233
123.6136,2498.993
124.0957,3491.407
124.5778,4623.5
125.0599,5870.409
125.542,7200.597
126.0241,8615.779
126.5063,10094.69
126.9884,11654.37
127.4705,13268.26
127.9526,14872.3
128.4347,16449.38
128.9168,17997.68
129.399,19482.3
129.8811,20898.31
130.3632,22281.76
130.8453,23677.77
131.3274,25074.07
131.8095,26478.0
132.2917,27884.19
132.7738,29297.27
133.2559,30732.95
133.738,32190.56
134.2201,33683.39
134.7022,35259.81
135.1843,36928.64
135.6665,38648.47
136.1486,40381.45
136.6307,42110.78
137.1128,43886.62
137.5949,45709.05
138.077,47575.27
138.5592,49575.85
139.0413,51741.28
139.5234,54020.21
140.0055,56307.27
140.4876,58615.44
140.9697,60939.81
141.4519,63299.48
141.934,65792.14
142.4161,68062.16
142.8982,70237.23
143.3803,72186.18
143.8624,73441.28
144.3446,74030.61
144.8267,73702.2
145.3088,72014.01
145.7909,69426.31
146.273,66358.56
146.7551,62802.36
147.2373,58725.87
147.7194,54639.0
148.2015,50405.07
148.6836,46228.76
149.1657,42213.54
149.6478,38237.12
150.13,34557.14
150.6121,31227.02
151.0942,28299.5
151.5763,25584.71
152.0584,23079.3
152.5405,20798.88
153.0227,18720.34
153.5048,16874.43
153.9869,15207.63
154.469,13702.67
154.9511,12402.21
155.4332,11199.41
155.9154,10064.19
156.3975,9009.978
156.8796,8061.562
157.3617,7247.131
157.8438,6517.854
158.3259,5860.161
158.808,5276.73
159.2902,4747.025
159.7723,4271.953
160.2544,3852.442
160.7365,3463.502
161.2186,3106.197
161.7007,2778.894
162.1829,2476.612
162.665,2197.984
163.1471,1945.737
163.6292,1721.602
164.1113,1527.143
164.5934,1350.318
165.0756,1187.572
165.5577,1038.039
166.0398,898.9014
166.5219,767.0994
167.004,648.4336
167.4861,549.0093
167.9683,480.2322
168.4504,411.6646
168.9325,317.6091
169.4146,206.1521
169.8967,105.7996
170.3788,36.55713
170.861,13.12329
171.3431,54.59863
171.8252,82.55151
172.3073,112.1982
172.7894,158.8206
173.2715,221.4956
173.7537,281.7803
174.2358,328.1252
174.7179,362.803
175.2,389.8545
175.6821,404.5288
176.1642,416.3311
176.6464,438.5935
177.1285,472.4082
177.6106,508.9041
178.0927,530.9266
178.5748,537.7517
179.0569,531.114
179.539,511.4449
180.0212,483.1608
180.5033,448.983
180.9854,407.1682
181.4675,366.6556
181.9496,341.9978
182.4317,331.1628
182.9139,319.0588
183.396,294.3335
183.8781,261.416
184.3602,232.2463
184.8423,211.4355
185.3244,192.965
185.8066,165.8295
186.2887,130.0496
186.7708,92.63245
187.2529,59.16296
187.735,29.1167
188.2171,0.439575
188.6993,29.36768
189.1814,58.55457
189.6635,89.05127
190.1456,120.2482
190.6277,156.3285
191.1098,204.2308
191.592,263.0573
192.0741,321.8954
192.5562,372.035
193.0383,416.8295
193.5204,478.0808
194.0025,557.3553
194.4847,649.2339
194.9668,748.3148
195.4489,854.8226
195.931,963.1656
196.4131,1079.542
196.8952,1202.083
197.3774,1297.667
197.8595,1367.355
198.3416,1404.577
198.8237,1387.545
199.3058,1312.15
199.7879,1215.818
200.2701,1117.738
200.7522,1017.359
201.2343,924.8266
201.7164,840.4254
202.1985,765.1048
202.6806,701.9518
203.1628,652.4407
203.6449,613.5363
204.127,586.0512
204.6091,571.198
205.0912,558.1902
205.5733,543.8679
206.0555,529.1508
206.5376,522.9424
207.0197,527.3258
207.5018,535.848
207.9839,541.2636
208.466,542.5673
208.9482,545.3238
209.4303,551.7777
209.9124,562.0621
210.3945,570.7146
210.8766,576.8271
211.3587,582.6009
211.8409,591.4487
212.323,604.8522
212.8051,617.1122
213.2872,625.1432
213.7693,627.152
214.2514,635.5806
214.7336,653.0337
215.2157,674.9835
215.6978,692.2582
216.1799,703.8229
216.662,713.1165
217.1441,721.0842
217.6263,726.8672
218.1084,734.4731
218.5905,744.4983
219.0726,756.2401
219.5547,767.8486
220.0368,780.1219
220.519,790.7514
221.0011,797.755
221.4832,798.7823
221.9653,802.153
222.4474,808.4175
222.9295,817.4953
223.4117,829.3188
223.8938,846.6525
224.3759,862.901
224.858,872.3268
225.3401,869.8635
225.8222,872.2117
226.3043,883.19
226.7865,902.2903
227.2686,918.7278
227.7507,931.7781
228.2328,942.442
228.7149,950.5269
229.197,957.2386
229.6792,960.041
230.1613,956.8367
230.6434,945.9956
231.1255,934.5858
231.6076,923.4827
232.0897,912.3422
232.5719,901.2095
233.054,893.5985
233.5361,881.8586
234.0182,863.3917
234.5003,836.1741
234.9824,808.1875
235.4646,780.7057
235.9467,752.4823
236.4288,720.7372
236.9109,683.42
237.393,648.4883
237.8751,618.9046
238.3573,596.3568
238.8394,575.7296
239.3215,556.8556
239.8036,538.7914
240.2857,520.7556
240.7678,502.4829
241.25,485.5544
241.7321,471.4134
242.2142,462.7981
242.6963,448.7636
243.1784,424.8869
243.6605,396.8261
244.1427,379.3
244.6248,377.5637
245.1069,378.9832
245.589,377.5929
246.0711,372.0194
246.5532,366.2663
247.0353,359.5727
247.5175,352.527
247.9996,347.9061
248.4817,347.1714
248.9638,347.3704
249.4459,346.3828
249.928,341.4597
250.4102,339.9752
250.8923,342.9763
251.3744,349.8558
251.8565,356.5827
252.3386,363.4973
252.8207,369.7595
253.3029,374.6342
253.785,378.1272
254.2671,380.0301
254.7492,379.0231
255.2313,375.6828
255.7134,377.3067
256.1956,387.3289
256.6777,398.0133
257.1598,402.7936
257.6419,398.3594
258.124,395.3334
258.6061,395.2794
259.0883,398.0023
259.5704,402.2152
260.0525,410.4942
260.5346,416.8175
261.0167,414.1614
261.4988,396.9676
261.981,384.5039
262.4631,382.8374
262.9452,392.2077
263.4273,394.8814
263.9094,388.7882
264.3915,378.8919
264.8737,370.1676
265.3558,362.6061
265.8379,356.7419
266.32,354.0123
266.8021,354.8519
267.2842,348.9976
267.7664,332.8833
268.2485,314.9664
268.7306,306.199
269.2127,309.9916
269.6948,313.0255
270.1769,311.6326
270.6591,305.2779
271.1412,297.49
271.6233,287.1897
272.1054,276.9504
272.5875,270.7006
273.0696,269.7139
273.5518,268.2504
274.0339,264.2761
274.516,257.4147
274.9981,249.6083
275.4802,240.2129
275.9623,231.1135
276.4445,225.3619
276.9266,223.5206
277.4087,221.9223
277.8908,219.1195
278.3729,214.9792
278.855,211.4761
279.3372,208.9715
279.8193,207.2053
280.3014,205.6597
280.7835,204.1712
281.2656,199.4805
281.7477,188.7286
282.2298,172.1337
282.7119,160.7653
283.1941,154.8277
283.6762,152.8253
284.1583,154.231
284.6404,159.6078
285.1225,162.9156
285.6046,159.5039
286.0868,149.8866
286.5689,144.433
287.051,144.4295
287.5331,146.5309
288.0152,145.4634
288.4973,141.1662
288.9795,135.7172
289.4616,129.043
289.9437,121.643
290.4258,117.3277
290.9079,117.0039
291.39,117.9425
291.8722,116.0365
292.3543,111.3459
292.8364,105.6905
293.3185,98.92862
293.8006,91.78424
294.2827,87.04529
294.7649,84.99533
295.247,84.98654
295.7291,86.92764
296.2112,90.65866
296.6933,94.1676
297.1754,97.21899
297.6576,99.34805
298.1397,99.59674
298.6218,98.04266
299.1039,93.92059
299.586,82.79651
300.0681,66.84827
300.5503,55.56863
301.0324,57.92026
301.5145,67.89148
301.9966,74.83551
302.4787,77.91537
302.9608,77.86652
303.443,73.06375
303.9251,65.09149
304.4072,59.29175
304.8893,60.01947
305.3714,64.07819
305.8535,68.05255
306.3357,72.19568
306.8178,73.59909
307.2999,66.73685
307.782,54.47888
308.2641,44.423
308.7462,41.72195
309.2284,42.71069
309.7105,43.77216
310.1926,44.43774
310.6747,45.34253
311.1568,47.90393
311.6389,51.05804
312.1211,52.51477
312.6032,49.42719
313.0853,45.21301
313.5674,42.89227
314.0495,43.46033
314.5316,43.57007
315.0138,40.55927
315.4959,35.7229
315.978,31.47137
316.4601,29.14679
316.9422,27.55353
317.4243,25.54932
317.9065,22.44244
318.3886,21.38397
318.8707,27.53076
319.3528,35.92047
319.8349,38.87164
320.317,28.60809
320.7992,16.59027
321.2813,7.458069
321.7634,1.830078
322.2455,1.34436
322.7276,0.728699
323.2097,1.817932
323.6919,3.710693
324.174,3.780701
324.6561,3.609924
325.1382,4.164734
325.6203,6.203125
326.1024,5.827209
326.5845,1.64978
327.0667,10.47675
327.5488,13.5697
328.0309,0.064879999
328.513,9.626099
328.9951,8.710022
329.4772,6.123962
329.9594,18.04449
330.4415,26.88416
330.9236,32.7674
331.4057,35.66162
331.8878,32.20502
332.3699,29.98383
332.8521,31.05945
333.3342,36.11169
333.8163,39.36401
334.2984,40.11816
334.7805,39.62146
335.2626,38.76855
335.7448,35.70374
336.2269,36.16388
336.709,44.0755
337.1911,59.6131
337.6732,62.7746
338.1553,47.14423
338.6375,27.92798
339.1196,20.67401
339.6017,29.56403
340.0838,36.6153
340.5659,37.63861
341.048,33.40448
341.5302,30.6972
342.0123,30.15442
342.4944,29.43182
342.9765,25.92975
343.4586,19.35315
343.9407,13.80597
344.4229,10.36938
344.905,8.579773
345.3871,7.465881
345.8692,7.237427
346.3513,6.330383
346.8334,3.116394
347.3156,2.213135
347.7977,7.470581
348.2798,12.33228
348.7619,16.88043
349.244,21.01282
349.7261,24.80481
350.2083,29.56964
350.6904,36.34534
351.1725,44.91913
351.6546,55.04852
352.1367,67.74524
352.6188,79.83392
353.101,84.73572
353.5831,83.82593
354.0652,84.62891
354.5473,93.19659
355.0294,106.2978
355.5115,119.2726
355.9937,131.5276
356.4758,142.7103
356.9579,151.3265
357.44,158.4126
357.9221,166.6249
358.4042,179.8697
358.8864,193.6222
359.3685,202.3796
359.8506,203.2656
360.3327,206.8216
360.8148,220.3562
361.2969,240.9406
361.7791,263.1923
362.2612,285.0928
362.7433,307.8796
363.2254,333.3163
363.7075,363.201
364.1896,388.7863
364.6718,404.6697
365.1539,415.5476
365.636,427.6357
366.1181,438.7062
366.6002,454.7361
367.0823,478.6785
367.5645,511.5756
368.0466,546.254
368.5287,585.2313
369.0108,623.8608
369.4929,656.897
369.975,676.0472
370.4571,698.2954
370.9392,724.4585
371.4214,754.4056
371.9035,795.0594
372.3856,855.6419
372.8677,919.212
373.3498,972.4957
373.8319,1010.476
374.3141,1045.546
374.7962,1075.108
375.2783,1101.529
375.7604,1144.378
376.2425,1210.603
376.7246,1280.938
377.2068,1340.923
377.6889,1388.236
378.171,1436.927
378.6531,1487.275
379.1352,1540.389
379.6173,1600.488
380.0995,1670.946
380.5816,1735.78
381.0637,1781.743
381.5458,1809.909
382.0279,1849.493
382.51,1904.326
382.9922,1968.712
383.4743,2036.664
383.9564,2107.942
384.4385,2177.293
384.9206,2248.207
385.4027,2315.758
385.8849,2364.038
386.367,2388.409
386.8491,2409.451
387.3312,2454.254
387.8133,2515.209
388.2954,2570.071
388.7776,2606.74
389.2597,2633.011
389.7418,2658.979
390.2239,2684.802
390.706,2705.728
391.1881,2713.753
391.6703,2716.014
392.1524,2722.944
392.6345,2745.792
393.1166,2768.028
393.5987,2782.531
394.0808,2789.072
394.563,2784.408
395.0451,2759.097
395.5272,2725.048
396.0093,2693.132
396.4914,2677.129
396.9735,2648.677
397.4557,2595.877
397.9378,2524.066
398.4199,2453.486
398.902,2390.746
399.3841,2327.796
399.8662,2260.384
400.3484,2185.157
400.8305,2108.982
401.3126,2030.897
401.7947,1952.617
402.2768,1877.645
402.7589,1809.451
403.2411,1739.446
403.7232,1664.818
404.2053,1584.522
404.6874,1503.816
405.1695,1419.923
405.6516,1339.051
406.1338,1271.086
406.6159,1219.254
407.098,1167.005
407.5801,1108.575
408.0622,1044.074
408.5443,986.1637
409.0265,935.0445
409.5086,888.2807
409.9907,844.3561
410.4728,802.8326
410.9549,760.3225
411.437,713.9704
411.9192,667.1085
412.4013,629.9631
412.8834,602.4884
413.3655,577.2936
413.8476,545.3789
414.3297,511.7556
414.8119,489.3398
415.2939,484.1475
415.7761,483.2598
416.2582,473.0356
416.7403,454.2949
417.2224,430.5063
417.7045,396.6799
418.1866,362.1269
418.6688,336.5877
419.1509,322.847
419.633,312.5099
420.1151,301.2676
420.5972,289.964
421.0793,279.7977
421.5615,273.4231
422.0436,266.5834
422.5257,256.7775
423.0078,243.6323
423.4899,231.0121
423.972,219.3
424.4542,209.1234
424.9363,201.2985
425.4184,199.4668
425.9005,196.058
426.3826,188.514
426.8647,177.2865
427.3469,169.0502
427.829,167.7307
428.3111,165.7177
428.7932,158.1265
429.2753,140.3019
429.7574,127.0616
430.2396,120.6817
430.7217,118.7427
431.2038,114.5204
431.6859,106.3892
432.168,100.2495
432.6501,100.5782
433.1323,108.1263
433.6144,108.6536
434.0965,100.6063
434.5786,89.40991
435.0607,83.22382
435.5428,81.77094
436.025,79.34851
436.5071,72.64874
436.9892,63.78925
437.4713,58.33154
437.9534,56.31592
438.4355,55.86902
438.9177,57.88403
439.3998,60.09729
439.8819,57.18518
440.364,43.73553
440.8461,29.84058
441.3282,26.6839
441.8104,32.02948
442.2925,36.89886
442.7746,36.95642
443.2567,33.95782
443.7388,28.56891
444.2209,19.04181
444.7031,12.00751
445.1852,12.52417
445.6673,17.01813
446.1494,19.37817
446.6315,14.83459
447.1136,10.65527
447.5958,10.12048
448.0779,14.5047
448.56,16.42249
449.0421,12.30518
449.5242,7.183472
450.0063,5.725769
450.4885,13.74323
450.9706,16.22852
451.4527,8.884521
451.9348,6.403503
452.4169,17.22687
452.899,24.11578
453.3812,25.69379
453.8633,17.90234
454.3454,1.828979
454.8275,10.54895
455.3096,3.875183
455.7917,10.72083
456.2739,20.46674
456.756,25.44421
457.2381,26.42023
457.7202,21.3493
458.2023,12.39435
458.6844,7.266724
459.1666,6.394165
459.6487,6.322388
460.1308,3.671814
460.6129,0.795044
461.095,5.609375
461.5771,12.71686
462.0592,17.76166
462.5414,13.79407
463.0235,2.547058
463.5056,5.25708
463.9877,0.705566
464.4698,8.259705
464.9519,15.34784
465.4341,19.18225
465.9162,21.0531
466.3983,19.37738
466.8804,16.10449
467.3625,15.28394
467.8446,20.73669
468.3268,25.98663
468.8089,28.35663
469.291,26.62769
469.7731,26.8515
470.2552,30.8595
470.7373,35.5257
471.2195,37.03619
471.7016,31.24176
472.1837,31.59131
472.6658,42.90979
473.1479,62.43622
473.63,74.63501
474.1122,78.42151
474.5943,78.58484
475.0764,75.56012
475.5585,69.77246
476.0406,72.94238
476.5227,88.20862
477.0049,107.8206
477.487,119.7752
477.9691,125.0338
478.4512,129.4472
478.9333,135.5361
479.4154,142.6782
479.8976,150.3384
480.3797,158.5175
480.8618,166.1714
481.3439,173.7264
481.826,179.8004
482.3081,182.1484
482.7903,173.9107
483.2724,168.8566
483.7545,175.6071
484.2366,191.882
484.7187,209.4904
485.2008,227.3176
485.683,244.2012
486.1651,259.7995
486.6472,275.2156
487.1293,286.8515
487.6114,288.5151
488.0935,288.3077
488.5757,297.0165
489.0578,321.8112
489.5399,344.6603
490.022,361.0613
490.5041,371.3895
490.9862,383.6721
491.4684,396.8348
491.9505,414.2578
492.4326,439.4106
492.9147,472.9026
493.3968,507.4703
493.8789,543.4361
494.3611,578.7298
494.8432,605.6198
495.3253,625.2634
495.8074,650.4704
496.2895,693.7377
496.7716,745.8031
497.2538,789.4096
497.7359,822.9758
498.218,854.7927
498.7001,891.4722
499.1822,930.6071
499.6643,968.4166
500.1465,1001.216
500.6286,1035.186
501.1107,1073.339
501.5928,1115.632
502.0749,1162.152
502.557,1218.621
503.0392,1275.643
503.5213,1328.641
504.0034,1377.216
504.4855,1422.475
504.9676,1459.979
505.4497,1496.245
505.9318,1540.087
506.4139,1595.374
506.8961,1649.581
507.3782,1702.845
507.8603,1754.797
508.3424,1801.703
508.8245,1840.985
509.3066,1878.785
509.7888,1922.178
510.2709,1971.326
510.753,2015.096
511.2351,2052.973
511.7172,2083.348
512.1993,2100.021
512.6815,2104.549
513.1636,2108.073
513.6457,2123.365
514.1278,2137.241
514.6099,2126.174
515.092,2090.165
515.5742,2054.053
516.0563,2038.298
516.5384,2030.147
517.0205,2015.344
517.5026,1988.111
517.9847,1955.255
518.4669,1919.54
518.949,1881.316
519.4311,1840.384
519.9132,1792.298
520.3953,1744.443
520.8774,1699.049
521.3596,1655.87
521.8417,1614.515
522.3238,1578.472
522.8059,1542.821
523.288,1501.681
523.7701,1453.007
524.2523,1401.712
524.7344,1348.036
525.2165,1293.078
525.6986,1240.859
526.1807,1190.63
526.6628,1145.417
527.145,1111.214
527.6271,1084.146
528.1092,1047.918
528.5913,999.5486
529.0734,950.5911
529.5555,912.9561
530.0377,883.6005
530.5198,856.6113
531.0019,831.7167
531.484,805.5575
531.9661,772.9588
532.4482,735.3137
532.9304,701.8787
533.4125,679.0812
533.8946,659.9167
534.3767,639.9055
534.8588,618.2312
535.3409,596.1623
535.8231,574.3997
536.3052,552.2305
536.7873,528.8389
537.2694,500.7508
537.7515,476.6046
538.2336,460.0092
538.7158,449.9087
539.1979,433.6853
539.68,409.1379
540.1621,384.1999
540.6442,365.3192
541.1263,352.119
541.6085,336.4822
542.0906,316.7102
542.5727,296.9747
543.0548,283.5013
543.5369,275.3257
544.019,268.7063
544.5012,264.137
544.9833,258.9637
545.4654,248.8083
545.9475,234.3041
546.4296,220.7192
546.9117,212.9283
547.3939,206.5821
547.876,197.8464
548.3581,184.5234
548.8402,171.6408
549.3223,161.3335
549.8044,152.0832
550.2866,141.2334
550.7687,125.4493
551.2508,111.5417
551.7329,101.1022
552.215,94.07904
552.6971,88.19586
553.1793,83.99677
553.6614,79.90222
554.1435,74.42218
554.6256,67.37958
555.1077,62.08081
555.5898,59.20557
556.072,57.27966
556.5541,54.08783
557.0362,49.78381
557.5183,45.21844
558.0004,40.70105
558.4825,36.211
558.9647,31.19696
559.4468,25.84125
559.9289,22.06366
560.411,23.1684
560.8931,25.31995
561.3752,25.0249
561.8574,21.20886
562.3395,15.70728
562.8216,4.899475
563.3037,6.386292
563.7858,10.36218
564.2679,7.097412
564.7501,17.19452
565.2322,10.32892
565.7143,11.72375
566.1964,22.76862
566.6785,18.60583
567.1606,11.18896
567.6428,7.929382
568.1249,9.186646
568.607,9.478027
569.0891,7.822449
569.5712,6.866699
570.0533,12.1864
570.5355,22.2674
571.0176,29.51514
571.4997,28.43842
571.9818,24.95776
572.4639,28.67249
572.946,38.15594
573.4281,44.7735
573.9102,42.95563
574.3923,36.38818
574.8745,26.45349
575.3566,10.68835
575.8387,0.692139
576.3208,3.661682
576.8029,13.09613
577.285,21.12048
577.7672,30.26044
578.2493,33.57977
578.7314,26.86273
579.2135,13.16248
579.6956,7.880005
580.1777,14.97424
580.6599,20.72656
581.142,16.75897
581.6241,3.24054
582.1062,7.038513
582.5883,13.52026
583.0704,19.07214
583.5526,28.01923
584.0347,38.71008
584.5168,45.64661
584.9989,45.31207
585.481,43.54254
585.9631,46.49115
586.4453,52.85736
586.9274,58.85846
587.4095,60.56647
587.8916,63.06958
588.3737,70.35138
588.8558,83.54346
589.338,94.19489
589.8201,97.03412
590.3022,99.15869
590.7843,105.8133
591.2664,118.9865
591.7485,133.2538
592.2307,149.6768
592.7128,166.2122
593.1949,177.1854
593.677,181.4566
594.1591,187.8088
594.6412,199.2792
595.1234,215.3828
595.6055,236.4997
596.0876,262.729
596.5697,286.3927
597.0518,297.6471
597.5339,303.8281
598.0161,317.7697
598.4982,343.4592
598.9803,369.6316
599.4624,387.7408
599.9445,401.7002
600.4266,417.5496
600.9088,434.8732
601.3909,456.535
601.873,485.7473
602.3551,521.2537
602.8372,552.5837
603.3193,574.3903
603.8015,598.0472
604.2836,629.252
604.7657,668.7755
605.2478,706.4888
605.7299,742.0641
606.212,776.8185
606.6942,809.2403
607.1763,840.3839
607.6584,884.381
608.1405,948.145
608.6226,1019.294
609.1047,1084.216
609.5869,1143.455
610.069,1201.011
610.5511,1254.71
611.0332,1310.003
611.5153,1369.943
611.9974,1435.433
612.4796,1504.682
612.9617,1575.938
613.4438,1652.247
613.9259,1734.626
614.408,1825.087
614.8901,1920.207
615.3723,2017.225
615.8544,2121.341
616.3365,2239.363
616.8186,2375.778
617.3007,2508.599
617.7828,2629.817
618.265,2743.995
618.7471,2862.771
619.2292,2987.183
619.7113,3120.682
620.1934,3263.111
620.6755,3415.1
621.1577,3583.863
621.6398,3770.633
622.1219,3954.309
622.604,4110.329
623.0861,4257.6
623.5682,4415.822
624.0504,4597.168
624.5325,4781.866
625.0146,4962.411
625.4967,5142.854
625.9788,5333.389
626.4609,5544.21
626.9431,5750.163
627.4252,5942.476
627.9073,6123.483
628.3894,6315.987
628.8715,6525.601
629.3536,6729.108
629.8358,6904.877
630.3179,7058.215
630.8,7222.197
631.2821,7401.837
631.7642,7580.547
632.2463,7755.625
632.7285,7918.271
633.2106,8049.501
633.6927,8136.026
634.1748,8199.703
634.6569,8245.122
635.139,8276.89
635.6212,8306.39
636.1033,8341.939
636.5854,8371.489
637.0675,8396.114
637.5496,8416.32
638.0317,8406.056
638.5139,8362.275
638.996,8294.064
639.4781,8202.692
639.9602,8088.249
640.4423,7973.238
640.9244,7861.897
641.4066,7739.908
641.8887,7577.601
642.3708,7385.261
642.8529,7201.901
643.335,7047.153
643.8171,6897.217
644.2993,6736.719
644.7814,6563.904
645.2635,6378.862
645.7456,6162.751
646.2277,5948.785
646.7098,5751.724
647.192,5575.004
647.6741,5398.466
648.1562,5222.035
648.6383,5043.634
649.1204,4862.316
649.6025,4671.81
650.0847,4496.524
650.5668,4340.95
651.0489,4193.185
651.531,4041.246
652.0131,3884.397
652.4952,3732.286
652.9774,3587.963
653.4595,3449.349
653.9416,3314.878
654.4237,3185.486
654.9058,3064.257
655.3879,2958.236
655.8701,2856.553
656.3522,2750.073
656.8343,2637.054
657.3164,2535.155
657.7985,2459.639
658.2806,2387.721
658.7628,2305.797
659.2449,2207.99
659.727,2113.749
660.2091,2020.769
660.6912,1934.511
661.1733,1864.9
661.6555,1812.021
662.1375,1758.499
662.6196,1699.645
663.1017,1639.238
663.5839,1585.197
664.066,1535.482
664.5481,1483.104
665.0302,1420.011
665.5123,1356.792
665.9944,1300.528
666.4766,1251.065
666.9587,1207.631
667.4408,1177.767
667.9229,1146.481
668.405,1104.756
668.8871,1048.011
669.3693,995.6262
669.8514,944.323
670.3335,899.9408
670.8156,873.5076
671.2977,867.0261
671.7798,853.1853
672.262,826.5785
672.7441,792.8
673.2262,758.6403
673.7083,724.5646
674.1904,693.6419
674.6725,668.5347
675.1547,646.6351
675.6368,627.2128
676.1189,609.8184
676.601,590.4868
677.0831,562.5198
677.5652,535.8811
678.0474,517.0941
678.5295,509.0209
679.0116,498.2657
679.4937,483.7498
679.9758,467.8901
680.4579,452.7947
680.9401,438.4598
681.4222,422.8301
681.9043,406.1207
682.3864,389.1452
682.8685,372.6465
683.3506,356.2494
683.8328,339.6837
684.3149,320.4425
684.797,303.5078
685.2791,296.4281
685.7612,296.0535
686.2433,291.7509
686.7255,272.7385
687.2076,254.5064
687.6897,244.6316
688.1718,244.3069
688.6539,241.6791
689.136,236.246
689.6182,230.097
690.1003,223.3616
690.5824,215.4459
691.0645,210.121
691.5466,208.2205
692.0287,205.3226
692.5109,195.4677
692.993,180.6583
693.4751,166.0946
693.9572,151.8504
694.4393,141.2917
694.9214,140.1334
695.4036,143.9924
695.8857,145.3685
696.3678,139.9988
696.8499,133.5748
697.332,127.2009
697.8141,121.2389
698.2963,116.5021
698.7784,113.0308
699.2605,110.5805
699.7426,110.0746
700.2247,111.1371
700.7068,106.5516
701.189,95.51331
701.6711,84.96051
702.1532,80.88348
702.6353,81.09326
703.1174,81.29053
703.5995,81.16791
704.0817,79.63721
704.5638,75.6698
705.0459,69.99365
705.528,63.04053
706.0101,51.16809
706.4922,43.33453
706.9744,44.05402
707.4565,48.89685
707.9386,51.31546
708.4207,51.22705
708.9028,48.68945
709.3849,43.23911
709.8671,35.67978
710.3492,26.75916
710.8313,16.60925
711.3134,11.35431
711.7955,18.72159
712.2776,30.88168
712.7598,36.03064
713.2419,34.40308
713.724,30.25467
714.2061,22.79251
714.6882,15.94846
715.1703,12.86343
715.6525,15.384
716.1346,16.32675
716.6167,13.36716
717.0988,10.1546
717.5809,9.702545
718.063,12.86264
718.5452,15.40021
719.0273,17.59839
719.5094,17.74887
719.9915,11.20044
720.4736,0.22348
720.9557,8.194977
721.4379,8.268829
721.92,6.713318
722.4021,10.34662
722.8842,17.15042
723.3663,22.11795
723.8484,23.89581
724.3306,22.89694
724.8127,16.60196
725.2948,6.021912
725.7769,2.80896
726.259,11.311
726.7411,19.5506
727.2233,21.65448
727.7054,17.94818
728.1875,15.86969
728.6696,15.55029
729.1517,15.62674
729.6339,15.35196
730.116,14.59201
730.5981,12.5947
731.0802,8.92804
731.5623,6.265778
732.0444,6.747711
732.5266,8.916382
733.0087,11.3089
733.4908,15.21765
733.9729,17.00681
734.455,15.246
734.9371,12.0322
735.4193,10.60437
735.9014,11.43149
736.3835,12.11295
736.8656,12.46979
737.3477,11.98816
737.8298,8.110504
738.312,1.759674
738.7941,2.043793
739.2762,1.756927
739.7583,7.399567
740.2404,9.834259
740.7225,9.412964
741.2047,8.236145
741.6868,5.477875
742.1689,3.578308
742.651,4.756561
743.1331,9.512268
743.6152,9.808746
744.0974,3.92984
744.5795,2.931641
745.0616,8.374542
745.5437,12.21024
746.0258,10.42236
746.5079,2.149872
746.9901,6.082214
747.4722,7.978119
747.9543,5.390717
748.4364,0.743835
748.9185,6.426666
749.4006,12.95966
749.8828,18.43881
750.3649,22.06677
750.847,22.59842
751.3291,15.04205
751.8112,11.97723
752.2933,15.74692
752.7754,23.56784
753.2575,31.07495
753.7396,38.49338
754.2217,41.03802
754.7039,34.87314
755.186,25.42514
755.6681,23.06424
756.1502,26.29272
756.6323,29.45444
757.1144,27.74283
757.5966,26.48752
758.0787,30.54904
758.5608,39.37354
759.0429,44.94757
759.525,43.22952
760.0071,40.88177
760.4893,40.5036
760.9714,42.21017
761.4535,41.90668
761.9356,38.74878
762.4177,37.48306
762.8998,44.24506
763.382,55.72134
763.8641,62.43713
764.3462,63.35144
764.8283,62.61356
765.3104,61.18811
765.7925,60.86371
766.2747,64.05249
766.7568,74.54276
767.2389,81.48157
767.721,78.12585
768.2031,73.215
768.6852,77.09677
769.1674,94.42847
769.6495,102.4152
770.1316,95.89212
770.6137,83.44296
771.0958,77.30702
771.5779,77.15504
772.0601,82.12698
772.5422,95.79878
773.0243,109.156
773.5064,112.7334
773.9885,109.8302
774.4706,108.1066
774.9528,110.3719
775.4349,113.7931
775.917,118.0318
776.3991,122.8107
776.8812,127.2366
777.3633,131.5998
777.8455,134.6552
778.3276,135.3177
778.8097,134.1892
779.2918,134.0171
779.7739,134.8589
780.256,136.4968
780.7382,140.0278
781.2203,143.2963
781.7024,143.1682
782.1845,139.67
782.6666,139.366
783.1487,149.5679
783.6309,159.061
784.113,160.7414
784.5951,152.6035
785.0772,146.7609
785.5593,143.8576
786.0414,142.6865
786.5236,141.6628
787.0057,141.2588
787.4878,144.878
787.9699,153.4341
788.452,161.4874
788.9341,163.895
789.4163,163.1299
789.8984,162.1347
790.3805,162.0112
790.8626,160.5902
791.3447,155.4081
791.8268,149.701
792.309,147.1148
792.7911,148.5361
793.2732,150.609
793.7553,152.7639
794.2374,155.3027
794.7195,160.1705
795.2017,166.3266
795.6838,168.5556
796.1659,163.3792
796.648,156.5802
797.1301,151.4978
797.6122,148.3301
798.0944,148.1008
798.5765,158.2493
799.0586,163.3035
799.5407,156.319
800.0228,142.1745
800.5049,135.5075
800.9871,137.8063
801.4692,140.9603
801.9513,142.9434
802.4334,143.8943
802.9155,142.9324
803.3976,140.4046
803.8798,138.7827
804.3619,142.3548
804.844,144.4214
805.3261,138.8878
805.8082,126.8202
806.2903,117.4597
806.7725,113.2474
807.2546,111.8748
807.7367,113.3659
808.2188,117.564
808.7009,119.9238
809.183,120.288
809.6652,118.8472
810.1473,113.9985
810.6294,108.0817
811.1115,107.5214
811.5936,112.3295
812.0757,115.6664
812.5579,111.238
813.04,104.9395
813.5221,101.4249
814.0042,102.2619
814.4863,101.827
814.9684,98.46072
815.4506,95.38495
815.9327,95.80249
816.4148,100.0542
816.8969,99.80457
817.379,94.05334
817.8611,88.24052
818.3433,88.75383
818.8254,92.64297
819.3075,95.36035
819.7896,96.16818
820.2717,95.25677
820.7538,91.24252
821.236,86.46509
821.7181,83.22446
822.2002,82.59714
822.6823,81.39003
823.1644,79.23523
823.6465,76.99704
824.1287,75.50531
824.6108,74.77657
825.0929,75.52609
825.575,78.38351
826.0571,80.91534
826.5392,80.49884
827.0214,78.19374
827.5035,75.52426
827.9856,70.672
828.4677,68.67331
828.9498,73.98859
829.4319,81.26028
829.9141,83.34857
830.3962,78.89253
830.8783,73.96844
831.3604,69.05746
831.8425,65.13072
832.3246,64.88831
832.8068,67.12161
833.2889,67.68616
833.771,63.90637
834.2531,59.84598
834.7352,57.81847
835.2173,57.57414
835.6995,58.5201
836.1816,63.47266
836.6637,65.70633
837.1458,63.26926
837.6279,58.42145
838.11,55.69998
838.5922,55.3172
839.0743,56.52248
839.5564,59.93895
840.0385,63.59395
840.5206,64.50247
841.0027,63.49817
841.4848,62.01207
841.9669,60.30324
842.449,58.95427
842.9312,58.16055
843.4133,57.89407
843.8954,58.04468
844.3775,58.89494
844.8596,59.41856
845.3417,59.10085
845.8239,58.41794
846.306,59.61185
846.7881,62.1181
847.2702,62.4122
847.7523,55.62283
848.2344,48.4232
848.7166,47.03302
849.1987,50.08958
849.6808,52.46565
850.1629,52.15665
850.645,51.72418
851.1271,52.20662
851.6093,53.37772
852.0914,53.00546
852.5735,51.15231
853.0556,48.08023
853.5377,42.5143
854.0198,36.53949
854.502,34.4379
854.9841,35.5271
855.4662,36.7442
855.9483,37.33983
856.4304,36.93863
856.9125,33.63564
857.3947,28.32408
857.8768,29.01982
858.3589,38.92986
858.841,47.12711
859.3231,49.25165
859.8052,46.79752
860.2874,45.50612
860.7695,45.2549
861.2516,44.68341
861.7337,41.69649
862.2158,39.16068
862.6979,40.87747
863.1801,45.90279
863.6622,47.73026
864.1443,41.53694
864.6264,35.48834
865.1085,31.77509
865.5906,30.18156
866.0728,28.38684
866.5549,26.1188
867.037,26.26378
867.5191,34.02536
868.0012,43.31425
868.4833,43.28072
868.9655,35.69
869.4476,29.38406
869.9297,29.12802
870.4118,29.98024
870.8939,30.00497
871.376,29.27075
871.8582,28.58896
872.3403,28.08563
872.8224,27.18388
873.3045,25.02307
873.7866,22.55148
874.2687,23.41179
874.7509,26.95256
875.233,29.30353
875.7151,27.57506
876.1972,24.44313
876.6793,21.47003
877.1614,18.58337
877.6436,15.61659
878.1257,11.68718
878.6078,9.071991
879.0899,8.449509
879.572,9.711395
880.0541,13.40535
880.5363,19.35962
881.0184,23.80609
881.5005,23.83229
881.9826,21.96785
882.4647,20.59749
882.9468,19.61284
883.429,18.43706
883.9111,17.24318
884.3932,15.21263
884.8753,10.74115
885.3574,5.235733
885.8395,6.65715
886.3217,15.96361
886.8038,22.90059
887.2859,22.21698
887.768,17.16649
888.2501,11.48886
888.7322,5.853836
889.2144,2.279099
889.6965,3.198532
890.1786,4.84491
890.6607,6.335434
891.1428,7.351196
891.6249,6.696136
892.1071,2.879074
892.5892,0.883163
893.0713,3.956741
893.5534,8.822464
894.0355,6.327438
894.5176,1.264832
894.9998,5.632919
895.4819,1.128418
895.964,8.36972
896.4461,10.86035
896.9282,9.332886
897.4103,5.599564
897.8925,3.330002
898.3746,7.983566
898.8567,5.325958
899.3388,1.281631
899.8209,4.719711
900.303,5.292938
900.7852,4.653366
901.2673,2.672852
901.7494,0.762787
902.2315,0.088088997
902.7136,0.031403001
903.1957,0.99733
903.6779,4.463181
904.16,6.395508
904.6421,5.702606
905.1242,3.908401
905.6063,3.808945
906.0884,5.335983
906.5706,7.194611
907.0527,9.916061
907.5348,11.02373
908.0169,5.328827
908.499,3.263123
908.9811,8.402451
909.4633,5.023376
909.9454,2.612045
910.4275,3.632828
910.9096,5.445969
911.3917,4.764374
911.8738,1.358292
912.356,1.699036
912.8381,3.530701
913.3202,5.291138
913.8023,9.406036
914.2844,13.83145
914.7665,15.37526
915.2487,12.86082
915.7308,8.692017
916.2129,0.617203
916.695,6.698776
917.1771,8.988754
917.6592,5.013885
918.1414,1.82785
918.6235,0.286865
919.1056,1.954193
919.5877,3.977112
920.0698,5.861984
920.5519,6.616425
921.0341,6.026901
921.5162,5.254852
921.9983,5.009933
922.4804,4.623581
922.9625,3.039154
923.4446,0.556259
923.9268,1.288864
924.4089,10.28938
924.891,17.55243
925.3731,14.06262
925.8552,4.577667
926.3373,0.904129
926.8195,2.024124
927.3016,1.299622
927.7837,1.801086
928.2658,4.736938
928.7479,5.856735
929.23,5.385147
929.7122,4.566956
930.1943,2.855377
930.6764,1.93985
931.1584,3.240875
931.6406,5.6203
932.1227,6.048782
932.6048,4.804367
933.0869,3.264389
933.569,1.237244
934.0511,0.01004
934.5333,0.839905
935.0154,3.205048
935.4975,4.295013
935.9796,3.306946
936.4617,3.535797
936.9438,6.701752
937.426,10.75757
937.9081,10.30338
938.3902,6.802063
938.8723,5.028625
939.3544,9.381012
939.8365,12.8447
940.3187,10.19395
940.8008,4.582413
941.2829,2.202988
941.765,4.559433
942.2471,6.813782
942.7292,8.686279
943.2114,9.594986
943.6935,7.786987
944.1756,4.272766
944.6577,1.888077
945.1398,1.181419
945.6219,2.16188
946.1041,6.594879
946.5862,11.79776
947.0683,14.87096
947.5504,16.36934
948.0325,13.56717
948.5146,4.66011
948.9968,3.687767
949.4789,3.674644
949.961,2.033089
950.4431,5.994629
950.9252,7.416626
951.4073,7.625069
951.8895,6.031517
952.3716,4.565704
952.8537,4.927635
953.3358,7.855438
953.8179,9.433395
954.3,9.275467
954.7822,8.875328
955.2643,9.031723
955.7464,9.566208
956.2285,10.63355
956.7106,12.42052
957.1927,13.41867
957.6749,10.9398
958.157,8.80233
958.6391,9.60437
959.1212,12.76681
959.6033,14.54293
960.0854,14.59084
960.5676,14.5909
961.0497,15.22745
961.5318,16.01655
962.0139,16.5385
962.496,16.40299
962.9781,14.52234
963.4603,8.247108
963.9424,2.621826
964.4245,0.821754
964.9066,2.190727
965.3887,1.589211
965.8708,1.170837
966.353,5.487526
966.8351,12.10773
967.3172,17.85812
967.7993,17.07317
968.2814,11.97397
968.7635,6.521706
969.2457,0.965256
969.7278,1.728981
970.2099,1.456566
970.692,6.334023
971.1741,9.937698
971.6563,12.35968
972.1384,12.19078
972.6205,8.942123
973.1026,6.368156
973.5847,8.975342
974.0668,13.52706
974.549,15.42704
975.0311,14.57196
975.5132,12.39347
975.9953,6.747528
976.4774,2.253174
976.9595,1.037544
977.4417,2.643356
977.9238,3.651688
978.4059,4.047928
978.888,4.272705
979.3701,4.290497
979.8522,4.47863
980.3344,5.68084
980.8165,7.407249
981.2986,8.298767
981.7807,7.627357
982.2628,6.592506
982.7449,4.961143
983.2271,3.412544
983.7092,3.578728
984.1913,5.194817
984.6734,5.912292
985.1555,5.258209
985.6376,3.822777
986.1198,0.21521
986.6019,3.133629
987.084,3.114494
987.5661,3.940941
988.0482,8.309601
988.5303,9.299545
989.0125,8.662796
989.4946,7.225769
989.9767,5.366234
990.4588,5.175262
990.9409,6.744293
991.423,8.372108
991.9052,9.174782
992.3873,9.397179
992.8694,8.717789
993.3515,7.135139
993.8336,7.219109
994.3157,10.09331
994.7979,11.06716
995.28,6.864723
995.7621,0.273529
996.2442,1.561989
996.7263,0.241241
997.2084,1.935791
997.6906,1.129906
998.1727,0.568398
998.6548,1.836266
999.1369,3.863686
999.619,4.548431
1000.101,3.511581
1000.583,3.639496
1001.065,5.714279
1001.547,7.918419
1002.03,7.992325
1002.512,6.712372
1002.994,4.95665
1003.476,2.287605
1003.958,1.523407
1004.44,5.808655
1004.922,9.780228
1005.404,9.558151
1005.887,5.038811
1006.369,2.215286
1006.851,0.799072
1007.333,0.309189
1007.815,0.507034
1008.297,1.363426
1008.779,3.682404
1009.261,7.198837
1009.743,9.43145
1010.226,9.920456
1010.708,9.472855
1011.19,7.970139
1011.672,5.971504
1012.154,4.809196
1012.636,4.364998
1013.118,4.228622
1013.6,4.431648
1014.083,4.642624
1014.565,4.10659
1015.047,3.614777
1015.529,4.551407
1016.011,7.652222
1016.493,9.86245
1016.975,11.03158
1017.457,11.15541
1017.939,9.190384
1018.422,6.528976
1018.904,6.079185
1019.386,8.28035
1019.868,10.16643
1020.35,10.98026
1020.832,10.62865
1021.314,8.21067
1021.796,4.190865
1022.278,5.151741
1022.761,11.23275
1023.243,15.64335
1023.725,13.60442
1024.207,9.163681
1024.689,5.318657
1025.171,2.344879
1025.653,1.066635
1026.135,2.769844
1026.618,4.504807
1027.1,5.87104
1027.582,7.045265
1028.064,9.071358
1028.546,11.50971
1029.028,13.12818
1029.51,13.55824
1029.992,13.75139
1030.474,15.21812
1030.957,16.05138
1031.439,14.28214
1031.921,9.384636
1032.403,5.206108
1032.885,1.368088
1033.367,0.057068001
1033.849,5.224152
1034.331,12.57549
1034.813,15.00176
1035.296,13.22778
1035.778,11.12531
1036.26,9.671867
1036.742,8.817993
1037.224,8.670059
1037.706,8.65284
1038.188,6.572014
1038.67,2.714699
1039.153,1.018059
1039.635,2.832466
1040.117,5.869545
1040.599,10.18078
1041.081,13.53452
1041.563,12.94725
1042.045,5.378349
1042.527,1.700905
1043.01,2.833504
1043.492,5.399269
1043.974,7.283928
1044.456,8.254005
1044.938,7.675804
1045.42,6.068352
1045.902,5.674805
1046.384,9.348076
1046.866,12.67189
1047.349,14.14531
1047.831,13.86783
1048.313,11.02097
1048.795,5.54528
1049.277,3.054787
1049.759,6.297997
1050.241,10.52455
1050.723,11.04393
1051.205,9.13591
1051.688,6.356712
1052.17,1.52137
1052.652,1.009979
1053.134,0.466743
1053.616,0.887291
1054.098,0.820671
1054.58,0.185883
1055.062,1.450813
1055.545,4.542038
1056.027,7.181778
1056.509,8.895866
1056.991,9.057571
1057.473,5.880753
1057.955,0.902344
1058.437,0.068374999
1058.919,3.433128
1059.401,6.046494
1059.884,5.392342
1060.366,4.284424
1060.848,7.036407
1061.33,11.14025
1061.812,12.50942
1062.294,7.687233
1062.776,5.133972
1063.258,6.07209
1063.74,7.821762
1064.223,8.252037
1064.705,7.617813
1065.187,6.392929
1065.669,4.725143
1066.151,4.099396
1066.633,7.018272
1067.115,9.600479
1067.597,9.161751
1068.079,7.233337
1068.562,7.035629
1069.044,9.191383
1069.526,10.25679
1070.008,9.076935
1070.49,6.729912
1070.972,2.85965
1071.454,0.635254
1071.936,0.750565
1072.419,6.311478
1072.901,9.68969
1073.383,7.511642
1073.865,4.443649
1074.347,4.27729
1074.829,6.256317
1075.311,7.454865
1075.793,7.983742
1076.276,8.736855
1076.758,11.81902
1077.24,13.48821
1077.722,10.64897
1078.204,5.529205
1078.686,3.717941
1079.168,5.39431
1079.65,6.563217
1080.132,6.100922
1080.615,5.433807
1081.097,6.527946
1081.579,8.081497
1082.061,8.354568
1082.543,6.241318
1083.025,5.362152
1083.507,6.261795
1083.989,7.10144
1084.471,6.05201
1084.954,4.149452
1085.436,4.41082
1085.918,6.628052
1086.4,8.627205
1086.882,10.7272
1087.364,11.38903
1087.846,9.075272
1088.328,5.825516
1088.811,6.14196
1089.293,9.791618
1089.775,11.12021
1090.257,8.895859
1090.739,5.934563
1091.221,3.102341
1091.703,1.336128
1092.185,2.556259
1092.667,7.75856
1093.15,8.235565
1093.632,2.529015
1094.114,1.751167
1094.596,0.819305
1095.078,6.323898
1095.56,8.268173
1096.042,7.537781
1096.524,6.504669
1097.006,4.976639
1097.489,4.809258
1097.971,7.31147
1098.453,9.745995
1098.935,7.276222
1099.417,1.428658
1099.899,0.315262
1100.381,4.980095
1100.863,8.78376
1101.346,5.911263
1101.828,2.285309
1102.31,1.914482
1102.792,4.190285
1103.274,4.238655
1103.756,1.826927
1104.238,1.81955
1104.72,7.916046
1105.203,13.90021
1105.685,11.06108
1106.167,4.350327
1106.649,1.283493
1107.131,5.890083
1107.613,9.242279
1108.095,11.26953
1108.577,12.2802
1109.059,11.88833
1109.542,10.66528
1110.024,10.35274
1110.506,10.76406
1110.988,10.54043
1111.47,6.950264
1111.952,4.698814
1112.434,6.294891
1112.916,9.417717
1113.398,7.814262
1113.881,2.550613
1114.363,0.950745
1114.845,5.878052
1115.327,9.865219
1115.809,5.974915
1116.291,0.563049
1116.773,0.854431
1117.255,2.149048
1117.738,2.520668
1118.22,0.032814
1118.702,1.806732
1119.184,0.860016
1119.666,1.700516
1120.148,6.394897
1120.63,11.63692
1121.112,13.48553
1121.594,8.903244
1122.077,6.130386
1122.559,5.966599
1123.041,7.313873
1123.523,11.08875
1124.005,14.71947
1124.487,11.25626
1124.969,0.199997
1125.451,6.251328
1125.933,0.10408
1126.416,7.473663
1126.898,13.09975
1127.38,16.66602
1127.862,16.175
1128.344,12.54134
1128.826,9.788673
1129.308,9.166649
1129.79,9.779404
1130.273,13.92953
1130.755,16.956
1131.237,13.57199
1131.719,2.482117
1132.201,0.047432002
1132.683,6.393906
1133.165,12.43448
1133.647,11.07609
1134.13,7.797615
1134.612,6.988754
1135.094,8.005104
1135.576,8.355049
1136.058,7.300415
1136.54,8.080055
1137.022,11.80402
1137.504,15.08185
1137.986,12.98318
1138.469,8.439613
1138.951,5.196968
1139.433,3.798225
1139.915,3.437035
1140.397,3.831223
1140.879,5.64003
1141.361,10.51682
1141.843,15.59237
1142.325,11.80587
1142.808,2.707787
1143.29,2.068794
1143.772,3.406143
1144.254,8.887779
1144.736,12.3669
1145.218,14.11947
1145.7,14.08369
1146.182,12.33854
1146.665,9.221367
1147.147,4.923691
1147.629,1.175362
1148.111,1.477604
1148.593,2.651997
1149.075,1.078712
1149.557,1.753483
1150.039,2.700455
1150.521,1.602604
1151.004,3.007786
1151.486,7.992485
1151.968,12.58225
1152.45,13.57552
1152.932,12.58857
1153.414,10.69426
1153.896,8.016563
1154.378,5.77692
1154.86,3.870888
1155.343,3.141289
1155.825,4.432911
1156.307,6.193157
1156.789,6.05912
1157.271,5.099625
1157.753,5.11401
1158.235,8.084084
1158.717,8.44241
1159.199,5.077644
1159.682,2.02121
1160.164,3.31636
1160.646,6.701492
1161.128,6.646015
1161.61,4.108879
1162.092,3.222679
1162.574,7.977783
1163.056,11.1188
1163.539,11.4449
1164.021,9.838058
1164.503,6.579617
1164.985,2.47858
1165.467,0.221893
1165.949,1.247543
1166.431,0.757336
1166.913,4.124161
1167.396,6.950485
1167.878,3.87709
1168.36,2.535923
1168.842,3.017635
1169.324,1.440548
1169.806,4.750263
1170.288,4.447536
1170.77,4.313423
1171.252,8.500893
1171.734,12.11514
1172.217,10.47575
1172.699,3.494164
1173.181,0.38139
1173.663,1.149506
1174.145,0.236176
1174.627,6.548424
1175.109,11.53378
1175.591,8.136978
1176.074,1.159489
1176.556,0.0064739999
1177.038,6.546768
1177.52,9.322945
1178.002,7.026218
1178.484,5.160194
1178.966,10.41492
1179.448,16.95532
1179.931,19.11608
1180.413,17.06473
1180.895,15.03611
1181.377,13.0061
1181.859,11.65088
1182.341,11.22483
1182.823,11.18826
1183.305,10.67405
1183.787,10.59315
1184.27,10.76794
1184.752,11.19528
1185.234,11.61157
1185.716,11.96162
1186.198,12.46954
1186.68,13.4885
1187.162,14.42964
1187.644,14.26573
1188.126,13.22017
1188.609,11.67844
1189.091,8.710979
1189.573,7.20615
1190.055,7.490761
1190.537,8.779362
1191.019,11.00511
1191.501,13.41661
1191.983,13.53408
1192.466,11.99032
1192.948,11.48577
1193.43,15.77671
1193.912,17.10896
1194.394,13.37305
1194.876,7.783592
1195.358,3.6819
1195.84,1.280704
1196.323,1.553314
1196.805,4.516846
1197.287,7.752533
1197.769,10.80587
1198.251,13.28018
1198.733,15.4309
1199.215,16.61653
1199.697,13.90435
1200.179,8.876175
1200.661,7.737862
1201.144,12.79857
1201.626,17.11242
1202.108,16.5404
1202.59,14.39901
1203.072,12.09943
1203.554,9.784966
1204.036,8.346741
1204.518,7.684547
1205.001,7.320114
1205.483,6.946903
1205.965,6.86158
1206.447,8.114582
1206.929,9.323475
1207.411,8.76321
1207.893,6.397217
1208.375,6.738861
1208.858,9.50367
1209.34,11.20222
1209.822,8.048676
1210.304,5.223156
1210.786,6.144318
1211.268,8.47382
1211.75,8.97559
1212.232,7.698784
1212.714,6.518715
1213.197,5.6003
1213.679,5.405212
1214.161,7.075626
1214.643,8.768951
1215.125,9.110489
1215.607,8.610802
1216.089,9.010674
1216.571,10.25316
1217.053,8.659916
1217.536,2.585701
1218.018,1.623634
1218.5,3.491383
1218.982,10.36569
1219.464,13.07202
1219.946,12.04895
1220.428,12.108
1220.91,13.18983
1221.393,12.37441
1221.875,7.335041
1222.357,2.964069
1222.839,3.642338
1223.321,6.528954
1223.803,8.766743
1224.285,10.35341
1224.767,12.09655
1225.25,13.90635
1225.732,15.47294
1226.214,17.49564
1226.696,18.02386
1227.178,14.29284
1227.66,8.806557
1228.142,5.678337
1228.624,5.117928
1229.106,6.340576
1229.589,9.3517
1230.071,11.22523
1230.553,8.22818
1231.035,4.787697
1231.517,3.696602
1231.999,4.395866
1232.481,5.57193
1232.963,7.210121
1233.445,9.261719
1233.928,11.89441
1234.41,13.10255
1234.892,9.421028
1235.374,5.131996
1235.856,3.653236
1236.338,4.495926
1236.82,5.64315
1237.302,7.180145
1237.785,6.788101
1238.267,3.409691
1238.749,0.298058
1239.231,0.109589
1239.713,1.647835
1240.195,5.05529
1240.677,9.766327
1241.159,8.724213
1241.641,1.906174
1242.124,0.22097
1242.606,8.966835
1243.088,17.63513
1243.57,14.10709
1244.052,6.624886
1244.534,3.4328
1245.016,4.768974
1245.498,7.736633
1245.98,12.30545
1246.463,15.04649
1246.945,13.30202
1247.427,10.33798
1247.909,6.69117
1248.391,4.159157
1248.873,5.319351
1249.355,10.68339
1249.837,14.22006
1250.319,15.81464
1250.802,15.80202
1251.284,13.55788
1251.766,10.6235
1252.248,6.312042
1252.73,2.657928
1253.212,4.238869
1253.694,10.88825
1254.176,13.30743
1254.659,10.82748
1255.141,7.852615
1255.623,7.149109
1256.105,7.154633
1256.587,7.540283
1257.069,7.770958
1257.551,5.885048
1258.033,2.33416
1258.516,2.88102
1258.998,8.751617
1259.48,13.26996
1259.962,10.71014
1260.444,7.045303
1260.926,5.384605
1261.408,5.060509
1261.89,3.290283
1262.372,0.851059
1262.854,2.997368
1263.337,12.34907
1263.819,19.05447
1264.301,15.37074
1264.783,10.034
1265.265,7.29744
1265.747,6.510765
1266.229,5.247406
1266.711,3.766205
1267.194,2.954773
1267.676,2.852119
1268.158,4.200432
1268.64,9.640404
1269.122,13.60258
1269.604,12.12609
1270.086,7.006367
1270.568,4.620758
1271.051,4.511566
1271.533,5.388058
1272.015,8.399822
1272.497,9.202698
1272.979,5.657696
1273.461,2.548637
1273.943,5.082424
1274.425,10.39503
1274.907,8.892056
1275.39,2.691502
1275.872,1.213551
1276.354,1.644161
1276.836,3.993835
1277.318,5.361298
1277.8,5.885674
1278.282,5.476868
1278.764,4.422626
1279.246,2.228046
1279.729,0.3167
1280.211,0.213242
1280.693,6.80212
1281.175,11.76441
1281.657,14.04427
1282.139,14.58462
1282.621,12.14488
1283.103,8.887177
1283.586,7.753117
1284.068,8.697189
1284.55,8.849785
1285.032,8.058681
1285.514,6.041946
1285.996,2.20322
1286.478,0.03059
1286.96,0.0
1500.0,0.0
