WavwNum_Armalcolite,value_Armalcolite
100.0,0.0
196.0757,0.0
196.5579,0.021584
197.04,0.073256999
197.5221,0.585869
198.0042,1.550812
198.4863,2.73024
198.9684,4.075577
199.4506,5.016411
199.9327,5.242142
200.4148,5.311325
200.8969,6.609558
201.379,9.339508
201.8611,12.21487
202.3433,14.63575
202.8254,16.61882
203.3075,17.86259
203.7896,18.07307
204.2717,17.74995
204.7538,18.22891
205.236,19.67605
205.7181,21.28191
206.2002,22.6274
206.6823,23.71388
207.1644,24.53468
207.6465,25.1404
208.1287,25.45201
208.6108,25.11722
209.0929,23.90748
209.575,22.67088
210.0571,22.07587
210.5392,22.37225
211.0214,22.05459
211.5035,20.76109
211.9856,18.84843
212.4677,17.61857
212.9498,17.41851
213.4319,17.12497
213.914,15.91589
214.3962,13.41698
214.8783,11.33627
215.3604,9.836304
215.8425,8.859764
216.3246,8.34481
216.8067,8.537842
217.2889,8.703888
217.771,8.323555
218.2531,7.127594
218.7352,6.157982
219.2173,5.460091
219.6994,5.050774
220.1816,5.123383
220.6637,5.9515
221.1458,6.750488
221.6279,6.994759
222.11,6.462601
222.5921,5.938919
223.0743,5.365456
223.5564,4.835732
224.0385,4.863747
224.5206,5.869812
225.0027,6.784477
225.4848,6.838387
225.967,5.455704
226.4491,4.640358
226.9312,4.713371
227.4133,5.485298
227.8954,6.054428
228.3775,6.406021
228.8597,6.571968
229.3418,6.568283
229.8239,6.397461
230.306,6.027748
230.7881,5.299904
231.2702,4.348183
231.7524,3.842781
232.2345,3.805168
232.7166,4.181244
233.1987,5.055138
233.6808,6.921638
234.1629,8.160378
234.6451,8.473755
235.1272,8.069763
235.6093,7.850922
236.0914,7.781296
236.5735,7.924576
237.0556,8.343765
237.5378,9.151459
238.0199,10.02753
238.502,11.03902
238.9841,12.07102
239.4662,13.01475
239.9483,13.51167
240.4305,13.8018
240.9126,14.10426
241.3947,14.53081
241.8768,15.13078
242.3589,15.66029
242.841,16.10435
243.3232,16.94196
243.8053,18.31477
244.2874,19.79491
244.7695,21.18987
245.2516,22.6938
245.7337,23.97748
246.2159,25.02046
246.698,25.85234
247.1801,26.5535
247.6622,27.17778
248.1443,27.69971
248.6264,28.10639
249.1086,28.39063
249.5907,28.37441
250.0728,28.00415
250.5549,27.50131
251.037,27.46605
251.5191,28.22354
252.0013,28.93138
252.4834,29.20045
252.9655,28.85487
253.4476,28.52815
253.9297,28.20213
254.4118,27.88525
254.894,27.55249
255.3761,27.20452
255.8582,26.82773
256.3403,26.47406
256.8224,26.28466
257.3046,25.60123
257.7867,24.17924
258.2688,22.42329
258.7509,21.13717
259.233,20.47314
259.7151,19.99335
260.1973,19.57797
260.6794,19.28987
261.1615,18.8288
261.6436,18.1757
262.1257,17.37691
262.6078,16.45529
263.09,15.28889
263.5721,14.32285
264.0542,13.77386
264.5363,13.71019
265.0184,13.58884
265.5005,13.46
265.9827,13.21677
266.4648,12.66944
266.9469,11.74834
267.429,10.7317
267.9111,9.615891
268.3932,8.380966
268.8754,7.526215
269.3575,7.21212
269.8396,7.027901
270.3217,6.387009
270.8038,5.123283
271.2859,4.045204
271.7681,3.379929
272.2502,3.120567
272.7323,3.137817
273.2144,3.602783
273.6965,4.000275
274.1786,3.558937
274.6608,2.005424
275.1429,1.120438
275.625,1.62075
276.1071,3.240456
276.5892,3.873734
277.0714,3.29789
277.5535,2.350296
278.0356,1.830147
278.5177,1.790184
278.9998,1.597786
279.4819,1.022987
279.9641,0.214394
280.4462,0.048186999
280.9283,0.358009
281.4104,0.775681
281.8925,0.492378
282.3746,0.508026
282.8568,0.974495
283.3389,0.533485
283.821,0.439178
284.3031,0.915245
284.7852,0.868805
285.2673,0.570862
285.7495,0.152504
286.2316,0.37677
286.7137,0.932335
287.1958,1.560722
287.6779,2.128227
288.16,2.303337
288.6422,2.080727
289.1243,1.792679
289.6064,1.656052
290.0885,1.638916
290.5706,1.588806
291.0527,1.504128
291.5349,1.350281
292.017,1.031876
292.4991,0.566132
292.9812,0.101273
293.4633,0.335068
293.9454,0.710754
294.4276,0.897255
294.9097,0.869728
295.3918,0.733833
295.8739,0.562462
296.356,0.377655
296.8381,0.268494
297.3203,0.364418
297.8024,0.553917
298.2845,0.582123
298.7666,0.432373
299.2487,0.248535
299.7308,0.168076
300.213,0.164978
300.6951,0.164078
301.1772,0.071419001
301.6593,0.223991
302.1414,0.35994
302.6235,1.661125
303.1057,2.879356
303.5878,3.221161
304.0699,3.018913
304.552,2.86203
305.0341,2.867264
305.5162,3.069397
305.9984,3.714241
306.4805,4.708252
306.9626,5.443298
307.4447,5.206833
307.9268,4.552048
308.4089,4.238258
308.8911,4.698029
309.3732,5.180595
309.8553,4.891151
310.3374,4.070564
310.8195,3.523758
311.3016,3.889023
311.7838,4.646797
312.2659,5.373634
312.748,6.041367
313.2301,6.543213
313.7122,6.706978
314.1943,6.662491
314.6765,6.681625
315.1586,6.935471
315.6407,7.256874
316.1228,7.479965
316.6049,7.503342
317.087,7.789688
317.5692,9.022354
318.0513,10.53698
318.5334,11.39641
319.0155,10.67501
319.4976,9.787025
319.9797,9.185074
320.4619,8.884995
320.944,9.108032
321.4261,10.76987
321.9082,12.61812
322.3903,13.45782
322.8724,11.84554
323.3546,10.39901
323.8367,9.965019
324.3188,10.51186
324.8009,10.75462
325.283,10.26411
325.7651,9.550255
326.2473,8.968376
326.7294,8.17672
327.2115,7.862099
327.6936,8.464394
328.1757,9.753899
328.6578,10.59499
329.14,10.79728
329.6221,10.71893
330.1042,10.47771
330.5863,9.869759
331.0684,9.471657
331.5505,9.443741
332.0327,9.583389
332.5148,9.442612
332.9969,8.727379
333.479,8.138077
333.9611,7.987
334.4432,8.497528
334.9254,8.472626
335.4075,7.577614
335.8896,6.429359
336.3717,5.946281
336.8538,6.41172
337.3359,6.872498
337.818,7.02182
338.3001,6.863167
338.7823,7.048981
339.2644,7.760742
339.7465,8.425888
340.2286,8.386993
340.7107,7.558662
341.1928,6.722389
341.675,6.038177
342.1571,5.436905
342.6392,4.795189
343.1213,4.059319
343.6034,3.506126
344.0855,3.465973
344.5677,3.905106
345.0498,3.959297
345.5319,3.406364
346.014,2.656158
346.4961,2.641403
346.9782,3.329712
347.4604,3.788666
347.9425,3.175369
348.4246,1.851715
348.9067,1.215126
349.3888,1.421974
349.8709,1.936661
350.3531,2.168793
350.8352,2.171501
351.3173,2.137215
351.7994,2.095901
352.2815,2.065002
352.7636,2.077377
353.2458,2.129456
353.7279,2.219475
354.21,2.448654
354.6921,2.700172
355.1742,2.774384
355.6563,2.559052
356.1385,2.190613
356.6206,1.667114
357.1027,1.043098
357.5848,0.619873
358.0669,0.602959
358.549,0.856827
359.0312,1.333504
359.5133,2.286476
359.9954,2.932388
360.4775,2.488052
360.9596,1.36628
361.4417,0.4953
361.9239,0.328224
362.406,0.44603
362.8881,0.670013
363.3702,1.008423
363.8523,1.309898
364.3344,1.573868
364.8166,1.756241
365.2987,1.810509
365.7808,1.48185
366.2629,1.265221
366.745,1.42395
367.2271,1.953812
367.7093,2.18721
368.1914,1.597603
368.6735,0.964394
369.1556,0.798805
369.6377,1.599785
370.1198,2.275856
370.602,2.832161
371.0841,3.239311
371.5662,3.388443
372.0483,3.225304
372.5304,2.866173
373.0125,2.282272
373.4947,1.240585
373.9768,0.701157
374.4589,0.929886
374.941,1.441307
375.4231,1.393867
375.9052,0.537331
376.3874,0.173622
376.8695,0.432701
377.3516,0.249878
377.8337,0.027496001
378.3158,0.45285
378.7979,0.841049
379.2801,1.000488
379.7622,0.926575
380.2443,0.743317
380.7264,0.40889
381.2085,0.032683998
381.6906,0.014664
382.1728,0.274376
382.6549,0.488274
383.137,0.103622
383.6191,0.643616
384.1012,0.655373
384.5833,0.354767
385.0655,1.505928
385.5476,1.475426
386.0297,0.539345
386.5118,0.29583
386.9939,0.438843
387.476,0.241302
387.9582,0.233147
388.4403,0.427269
388.9224,0.580154
389.4045,0.460358
389.8866,0.182869
390.3687,0.101929
390.8509,0.459312
391.333,0.683113
391.8151,0.50631
392.2972,0.031714998
392.7793,0.326614
393.2614,0.289124
393.7436,0.105408
394.2257,0.059296001
394.7078,0.188019
395.1899,0.262787
395.672,0.195236
396.1541,0.082771003
396.6363,0.082298003
397.1184,0.223854
397.6005,0.489594
398.0826,0.979202
398.5647,1.756516
399.0468,2.222168
399.529,2.131447
400.0111,1.80999
400.4932,1.51181
400.9753,1.061066
401.4574,0.87471
401.9395,1.112061
402.4217,1.672935
402.9038,2.073418
403.3859,2.28112
403.868,2.37072
404.3501,2.377541
404.8322,2.30397
405.3144,2.098007
405.7965,1.602806
406.2786,1.152504
406.7607,1.447029
407.2428,2.674652
407.7249,3.63546
408.2071,3.844223
408.6892,3.423347
409.1713,3.105042
409.6534,2.883469
410.1355,2.792274
410.6176,2.971619
411.0998,3.354309
411.5819,3.495827
412.064,3.199097
412.5461,2.811623
413.0282,2.965668
413.5103,3.582458
413.9925,4.19503
414.4746,4.573441
414.9567,4.76416
415.4388,4.796196
415.9209,4.657829
416.403,4.513245
416.8852,4.57666
417.3673,4.71405
417.8494,4.703247
418.3315,4.274048
418.8136,3.821121
419.2957,3.700623
419.7779,3.845284
420.26,3.775566
420.7421,3.043045
421.2242,2.15435
421.7063,1.479019
422.1884,1.060074
422.6706,0.874855
423.1527,1.062454
423.6348,1.460854
424.1169,1.764923
424.599,1.81916
425.0811,1.883751
425.5633,2.093987
426.0454,2.506897
426.5275,2.64978
427.0096,2.309776
427.4917,1.872047
427.9738,1.647415
428.456,1.719162
428.9381,1.829895
429.4202,1.963837
429.9023,2.113297
430.3844,2.257759
430.8665,2.394478
431.3487,2.531738
431.8308,2.693092
432.3129,2.887749
432.795,2.988159
433.2771,2.987602
433.7592,2.901161
434.2414,2.761925
434.7235,2.561798
435.2056,2.210426
435.6877,1.50676
436.1698,0.74147
436.6519,0.717865
437.1341,1.390923
437.6162,1.95639
438.0983,1.467712
438.5804,0.554176
439.0625,0.418327
439.5446,1.452675
440.0268,2.625839
440.5089,2.961967
440.991,2.754333
441.4731,2.579636
441.9552,3.090965
442.4373,3.499214
442.9195,2.987877
443.4016,1.573578
443.8837,0.606438
444.3658,0.921928
444.8479,1.740341
445.33,2.454277
445.8122,2.710495
446.2943,3.135254
446.7764,4.347847
447.2585,5.841354
447.7406,6.286964
448.2227,4.139381
448.7049,2.374199
449.187,2.063515
449.6691,3.601624
450.1512,4.174713
450.6333,3.170723
451.1154,1.857697
451.5976,1.471153
452.0797,2.276604
452.5618,3.143272
453.0439,3.981834
453.526,4.72744
454.0081,5.190445
454.4903,5.343979
454.9724,5.39856
455.4545,5.503197
455.9366,5.628296
456.4187,5.49015
456.9008,5.029541
457.383,4.587631
457.8651,4.720192
458.3472,5.233063
458.8293,5.459595
459.3114,4.890747
459.7935,4.231361
460.2757,4.564781
460.7578,5.695442
461.2399,6.639595
461.722,6.614395
462.2041,6.211479
462.6862,5.98156
463.1684,6.055397
463.6505,6.165321
464.1326,6.325119
464.6147,6.458328
465.0968,6.464661
465.5789,6.039574
466.0611,5.756302
466.5432,5.982201
467.0253,6.641541
467.5074,6.868309
467.9895,6.060669
468.4716,5.20359
468.9538,4.744781
469.4359,4.72419
469.918,5.064064
470.4001,6.09848
470.8822,7.264267
471.3643,7.649071
471.8465,6.966202
472.3286,6.314415
472.8107,5.898239
473.2928,5.745132
473.7749,6.192215
474.257,7.337845
474.7392,8.395332
475.2213,8.637245
475.7034,8.111168
476.1855,7.677727
476.6676,7.472595
477.1497,7.474335
477.6319,7.830559
478.114,8.405609
478.5961,8.748322
479.0782,8.424683
479.5603,7.936295
480.0424,7.891602
480.5246,8.221733
481.0067,8.596962
481.4888,8.87468
481.9709,9.028839
482.453,9.131523
482.9352,9.272728
483.4173,9.162125
483.8994,8.239067
484.3815,7.080116
484.8636,6.579033
485.3457,7.693581
485.8279,8.711578
486.31,9.198029
486.7921,9.154739
487.2742,8.93499
487.7563,8.18187
488.2384,7.559746
488.7206,7.561302
489.2027,8.664894
489.6848,9.082932
490.1669,8.564415
490.649,7.610069
491.1311,7.001579
491.6133,6.775734
492.0954,6.64418
492.5775,6.56636
493.0596,6.476479
493.5417,6.153221
494.0238,5.595039
494.506,5.134422
494.9881,5.121826
495.4702,5.390511
495.9523,5.517723
496.4344,5.444122
496.9165,5.35128
497.3987,5.290661
497.8808,5.209435
498.3629,5.165989
498.845,5.289703
499.3271,5.356552
499.8092,5.181519
500.2914,4.800247
500.7735,4.430626
501.2556,4.122971
501.7377,3.878811
502.2198,3.696995
502.7019,3.563263
503.1841,3.4646
503.6662,3.405308
504.1483,3.380684
504.6304,3.386135
505.1125,3.424019
505.5946,3.485744
506.0768,3.61343
506.5589,3.767502
507.041,3.712418
507.5231,3.35429
508.0052,3.049236
508.4873,2.969006
508.9695,3.11594
509.4516,3.505684
509.9337,4.225765
510.4158,4.818867
510.8979,4.665649
511.38,3.909912
511.8622,3.112026
512.3443,2.209843
512.8264,1.534313
513.3085,1.599964
513.7906,2.264168
514.2728,3.015282
514.7549,3.855
515.237,4.461201
515.7191,4.376957
516.2012,3.527233
516.6833,2.917736
517.1655,3.257561
517.6476,3.909416
518.1297,4.334045
518.6118,4.7033
519.0939,4.486485
519.576,2.944973
520.0582,0.796574
520.5403,0.27013
521.0224,0.57164
521.5045,1.34589
521.9866,1.386421
522.4688,0.695763
522.9509,0.809742
523.433,2.074306
523.9151,3.337765
524.3972,3.588093
524.8793,2.797218
525.3615,2.273594
525.8436,2.170479
526.3257,2.249313
526.8078,2.070374
527.2899,1.725346
527.772,1.685364
528.2542,2.493103
528.7363,3.425468
529.2184,3.509701
529.7005,2.827862
530.1826,1.831337
530.6647,0.356884
531.1469,1.041355
531.629,1.963943
532.1111,2.374046
532.5932,2.166027
533.0753,0.723267
533.5574,1.111637
534.0396,2.440968
534.5217,3.07613
535.0038,3.249954
535.4859,2.84473
535.968,2.000069
536.4501,1.094357
536.9323,0.082484998
537.4144,0.96524
537.8965,1.33902
538.3786,1.200665
538.8607,0.649357
539.3428,0.475433
539.825,1.504108
540.3071,1.611931
540.7892,0.919964
541.2713,0.683907
541.7534,1.22681
542.2355,1.907734
542.7177,1.748116
543.1998,0.960445
543.6819,0.224754
544.164,0.222332
544.6461,0.413483
545.1282,0.313137
545.6104,0.048992001
546.0925,0.485367
546.5746,1.240799
547.0567,1.796932
547.5388,1.702953
548.0209,0.638229
548.5031,0.197365
548.9852,0.529018
549.4673,0.529537
549.9494,0.370483
550.4315,0.13987
550.9136,0.497334
551.3958,0.614857
551.8779,0.554382
552.36,0.519073
552.8421,0.551914
553.3242,0.44442
553.8063,0.072136
554.2885,0.873356
554.7706,0.823978
555.2527,0.144363
555.7348,1.240623
556.2169,1.868874
556.699,2.085526
557.1812,2.002762
557.6633,1.587624
558.1454,1.076939
558.6275,0.481804
559.1096,0.015686
559.5917,0.106972
560.0739,0.924767
560.556,1.835682
561.0381,1.779671
561.5202,0.999928
562.0023,0.582146
562.4844,1.22794
562.9666,1.926987
563.4487,2.212711
563.9308,1.995552
564.4129,1.776814
564.895,1.509159
565.3771,1.290661
565.8593,1.230392
566.3414,1.39006
566.8235,1.449009
567.3056,1.388031
567.7877,1.194813
568.2698,0.658913
568.752,0.179436
569.2341,0.528057
569.7162,0.293728
570.1983,1.532234
570.6804,1.677883
571.1625,0.869625
571.6447,0.081744999
572.1268,0.022072
572.6089,0.186291
573.091,0.33223
573.5731,0.348633
574.0552,0.509426
574.5374,1.182018
575.0195,1.939117
575.5016,2.383667
575.9837,2.216103
576.4658,2.00288
576.9479,1.597725
577.4301,1.221752
577.9122,1.365849
578.3943,2.371529
578.8764,3.183056
579.3585,3.402508
579.8406,3.126133
580.3228,3.079052
580.8049,3.301594
581.287,3.517223
581.7691,3.465828
582.2512,3.239025
582.7333,3.248917
583.2155,3.542118
583.6975,3.853207
584.1796,3.840633
584.6617,3.702873
585.1439,3.810257
585.626,4.481022
586.1081,5.025978
586.5902,4.808884
587.0723,4.189762
587.5544,3.866524
588.0366,4.426182
588.5187,4.9076
589.0008,4.908432
589.4829,4.455021
589.965,3.928658
590.4471,3.086494
590.9293,2.65361
591.4114,2.99641
591.8935,4.182014
592.3756,5.247597
592.8577,6.291485
593.3398,6.950191
593.822,6.458752
594.3041,5.037842
594.7862,4.549732
595.2683,5.556496
595.7504,6.925179
596.2325,7.125244
596.7147,6.535057
597.1968,6.088196
597.6789,6.158138
598.161,6.445999
598.6431,6.87431
599.1252,7.380226
599.6074,7.688072
600.0895,7.454132
600.5716,7.206524
601.0537,7.253933
601.5358,7.728374
602.0179,7.900913
602.5001,7.46307
602.9822,7.063126
603.4643,7.245644
603.9464,8.203552
604.4285,8.872334
604.9106,9.081467
605.3928,9.183105
605.8749,9.85994
606.357,11.03018
606.8391,11.84436
607.3212,11.96708
607.8033,11.75422
608.2855,11.65824
608.7676,11.65578
609.2497,11.75306
609.7318,11.98951
610.2139,12.30054
610.696,12.721
611.1782,13.23676
611.6603,13.51183
612.1424,13.18922
612.6245,12.76086
613.1066,12.52474
613.5887,12.37131
614.0709,12.55134
614.553,13.22915
615.0351,14.09676
615.5172,14.83784
615.9993,15.42256
616.4814,16.06571
616.9636,16.84639
617.4457,17.6153
617.9278,18.02786
618.4099,18.11172
618.892,18.30047
619.3741,18.92916
619.8563,19.65276
620.3384,19.72285
620.8205,19.32079
621.3026,19.37128
621.7847,20.80076
622.2668,22.60741
622.749,24.09491
623.2311,25.20135
623.7132,26.03449
624.1953,26.44487
624.6774,26.7129
625.1595,27.02378
625.6417,27.31116
626.1238,27.78764
626.6059,28.47716
627.088,29.29312
627.5701,30.22993
628.0522,31.27873
628.5344,32.22647
629.0165,33.05622
629.4986,33.71705
629.9807,33.98817
630.4628,33.95542
630.9449,34.05275
631.4271,34.47284
631.9092,35.14601
632.3913,36.19617
632.8734,37.52645
633.3555,38.53434
633.8376,38.66913
634.3198,38.73066
634.8019,39.00521
635.284,39.39959
635.7661,39.77967
636.2482,40.04796
636.7303,40.52504
637.2125,41.41094
637.6946,42.90369
638.1767,43.97309
638.6588,44.58637
639.1409,44.7808
639.623,44.41679
640.1052,43.54452
640.5873,42.92995
641.0694,42.83453
641.5515,42.97881
642.0336,43.02364
642.5157,42.96991
642.9979,42.81795
643.48,42.56411
643.9621,42.21513
644.4442,41.72954
644.9263,41.14967
645.4084,40.64857
645.8906,40.37213
646.3727,40.00119
646.8548,39.28864
647.3369,38.15587
647.819,37.3251
648.3011,36.87046
648.7833,36.61749
649.2654,36.61805
649.7475,36.94704
650.2296,36.40983
650.7117,34.78412
651.1938,32.90097
651.676,31.89864
652.1581,31.54985
652.6402,31.05646
653.1223,30.15944
653.6044,29.10283
654.0865,27.74955
654.5687,26.43244
655.0508,25.64388
655.5329,26.1623
656.015,26.53175
656.4971,26.20943
656.9792,25.3016
657.4614,24.36734
657.9435,23.30881
658.4256,22.33214
658.9077,21.51561
659.3898,20.89337
659.8719,20.30916
660.3541,19.76093
660.8362,19.2619
661.3183,18.81209
661.8004,18.41776
662.2825,18.10416
662.7646,17.88772
663.2468,17.67151
663.7289,17.32384
664.211,16.91835
664.6931,16.57921
665.1752,16.38436
665.6573,16.07942
666.1395,15.52673
666.6216,14.80375
667.1037,13.96762
667.5858,12.6235
668.0679,11.6975
668.55,11.40275
669.0322,11.50785
669.5143,11.55939
669.9964,11.62197
670.4785,11.55644
670.9606,11.26826
671.4427,10.78293
671.9249,10.14653
672.407,9.392178
672.8891,8.717697
673.3712,8.591011
673.8533,8.4608
674.3354,7.18536
674.8176,4.950951
675.2997,3.567196
675.7818,4.656059
676.2639,6.340908
676.746,7.59314
677.2281,8.315254
677.7103,8.38282
678.1924,7.412716
678.6745,6.195942
679.1566,5.214096
679.6387,4.424751
680.1208,4.324337
680.603,5.100563
681.0851,6.016857
681.5672,6.142239
682.0493,5.635349
682.5314,5.14859
683.0135,4.83028
683.4957,4.611935
683.9778,4.392467
684.4599,4.228012
684.942,4.230572
685.4241,4.861
685.9063,5.220093
686.3884,4.615551
686.8705,3.422142
687.3526,2.968098
687.8347,3.909222
688.3168,4.728893
688.799,5.033791
689.2811,4.878864
689.7632,4.690945
690.2453,4.549194
690.7274,3.854881
691.2095,1.445255
691.6917,1.720112
692.1738,2.319004
692.6559,0.420918
693.138,1.396008
693.6201,0.764561
694.1022,0.58036
694.5844,0.827984
695.0665,0.452263
695.5486,1.480705
696.0307,1.47253
696.5128,1.079746
696.9949,0.805256
697.4771,0.656841
697.9592,0.652035
698.4413,0.835552
698.9234,1.107178
699.4055,1.376423
699.8876,1.645802
700.3698,1.853054
700.8519,2.032509
701.334,2.024353
701.8161,1.279072
702.2982,0.162716
702.7803,0.381805
703.2625,0.434116
703.7446,1.39925
704.2267,1.713112
704.7088,1.576649
705.1909,1.424934
705.673,1.393616
706.1552,1.331821
706.6373,1.191593
707.1194,0.989304
707.6015,0.821323
708.0836,0.733528
708.5657,0.518536
709.0479,0.084572002
709.53,0.866707
710.0121,0.676083
710.4942,0.438641
710.9763,1.273129
711.4584,0.611168
711.9406,0.573318
712.4227,0.983063
712.9048,0.572994
713.3869,0.232994
713.869,0.580139
714.3511,1.00806
714.8333,1.140358
715.3154,0.905834
715.7975,0.396503
716.2796,0.675621
716.7617,1.67664
717.2438,2.079147
717.726,1.82872
718.2081,1.538116
718.6902,1.242947
719.1723,0.920475
719.6544,0.500885
720.1365,0.038394999
720.6187,0.329948
721.1008,0.573097
721.5829,0.731445
722.065,0.932281
722.5471,1.037758
723.0292,0.864246
723.5114,0.050689999
723.9935,0.663956
724.4756,1.217918
724.9577,1.591316
725.4398,1.767662
725.9219,1.781548
726.4041,1.419769
726.8862,0.45385
727.3683,0.721924
727.8504,1.073338
728.3325,0.692772
728.8146,0.171452
729.2968,0.47448
729.7789,0.908104
730.261,0.427078
730.7431,0.648094
731.2252,1.255005
731.7073,0.379826
732.1895,0.521965
732.6716,0.742336
733.1537,0.315563
733.6358,0.131927
734.1179,0.256474
734.6,0.53125
735.0822,1.042709
735.5643,1.711151
736.0464,1.521107
736.5285,0.426907
737.0106,0.606575
737.4927,0.938168
737.9749,0.736923
738.457,0.177021
738.9391,0.713745
739.4212,1.608925
739.9033,2.460461
740.3854,3.138977
740.8676,3.507538
741.3497,3.459202
741.8318,3.483963
742.3139,3.820019
742.796,4.011776
743.2781,3.594963
743.7603,2.380985
744.2424,2.027889
744.7245,2.737129
745.2066,3.648415
745.6887,3.816242
746.1708,3.487595
746.653,3.298283
747.1351,3.367908
747.6172,3.522408
748.0993,3.656628
748.5814,3.796837
749.0635,3.967812
749.5457,4.013016
750.0278,4.098099
750.5099,4.400249
750.992,4.82246
751.4741,5.32634
751.9562,5.940464
752.4384,6.162743
752.9205,5.897686
753.4026,5.459381
753.8847,5.54771
754.3668,6.002434
754.8489,6.138588
755.3311,5.526825
755.8132,4.94101
756.2953,5.185871
756.7774,5.911747
757.2595,6.503193
757.7416,6.674538
758.2238,6.8092
758.7059,7.005726
759.188,7.227791
759.6701,7.375305
760.1522,7.371155
760.6343,7.481869
761.1165,7.92065
761.5986,8.496368
762.0807,8.806904
762.5628,8.8937
763.0449,8.992458
763.527,9.08073
764.0092,9.345333
764.4913,10.25217
764.9734,11.52058
765.4555,12.29424
765.9376,11.65613
766.4197,11.09926
766.9019,11.21629
767.384,11.82045
767.8661,12.20683
768.3482,12.33702
768.8303,12.49079
769.3124,12.80872
769.7946,13.18816
770.2767,13.53235
770.7588,13.88808
771.2409,14.20808
771.723,14.40324
772.2051,14.51642
772.6873,14.5627
773.1694,14.58941
773.6515,14.76253
774.1336,15.17162
774.6157,15.68401
775.0978,16.32501
775.58,17.08282
776.0621,17.64921
776.5442,18.0269
777.0263,18.20406
777.5084,18.05939
777.9905,17.6856
778.4727,17.50421
778.9548,17.52454
779.4369,17.80503
779.919,18.8204
780.4011,19.82765
780.8832,19.99422
781.3654,19.31198
781.8475,18.71173
782.3296,18.43645
782.8117,18.36845
783.2938,18.51137
783.7759,18.90965
784.2581,18.94996
784.7402,18.50597
785.2223,18.05765
785.7044,18.01855
786.1865,18.34762
786.6686,18.81525
787.1508,19.39143
787.6329,19.72674
788.115,19.29372
788.5971,18.64127
789.0792,18.46213
789.5613,19.0132
790.0435,19.1354
790.5256,17.78059
791.0077,16.58289
791.4898,16.55638
791.9719,17.98348
792.454,18.52577
792.9362,18.05407
793.4183,17.18784
793.9004,16.1618
794.3825,15.16878
794.8646,14.88115
795.3467,15.36081
795.8289,15.91771
796.311,16.29095
796.7931,16.34062
797.2752,15.80785
797.7573,14.42445
798.2394,13.55539
798.7216,13.56256
799.2037,13.87638
799.6858,14.2742
800.1679,14.84348
800.65,14.67644
801.1321,13.65647
801.6143,12.62459
802.0964,12.42953
802.5785,12.74007
803.0606,12.98681
803.5427,13.11207
804.0248,13.02894
804.507,12.47791
804.9891,11.84195
805.4712,11.38103
805.9533,11.08883
806.4354,11.18598
806.9175,12.11183
807.3997,12.78266
807.8818,12.05904
808.3639,9.997398
808.846,9.162815
809.3281,9.710384
809.8102,10.6222
810.2924,11.24196
810.7745,11.54509
811.2566,11.37173
811.7387,10.64148
812.2208,10.08425
812.7029,10.15371
813.1851,10.39021
813.6672,10.44792
814.1493,10.22257
814.6314,10.30618
815.1135,10.85605
815.5956,11.32035
816.0778,11.14548
816.5599,10.48027
817.042,10.04022
817.5241,9.865578
818.0062,9.680458
818.4883,9.176472
818.9705,8.606407
819.4526,8.180435
819.9347,7.912411
820.4168,7.896782
820.8989,8.500881
821.381,9.043015
821.8632,9.16618
822.3453,8.832123
822.8274,8.403976
823.3095,7.856861
823.7916,7.421127
824.2737,7.351208
824.7559,7.510616
825.238,7.7215
825.7201,7.959389
826.2022,7.940308
826.6843,7.076168
827.1664,6.220692
827.6486,6.022911
828.1307,6.658417
828.6128,7.088146
829.0949,7.220192
829.577,7.301651
830.0591,7.502205
830.5413,7.795238
831.0234,7.891598
831.5055,7.79171
831.9876,7.577766
832.4697,7.167385
832.9518,6.762199
833.434,6.639717
833.9161,6.778477
834.3982,6.859802
834.8803,6.820621
835.3624,6.679325
835.8445,6.401978
836.3267,6.001785
836.8088,5.774254
837.2909,5.749313
837.773,5.770931
838.2551,5.794807
838.7372,5.810539
839.2194,5.681438
839.7015,5.402416
840.1836,5.203537
840.6657,5.420895
841.1478,5.616322
841.6299,5.461105
842.1121,4.991261
842.5942,4.636559
843.0763,4.42989
843.5584,4.322716
844.0405,4.3293
844.5226,4.413506
845.0048,4.358944
845.4869,4.187542
845.969,4.251148
846.4511,5.066536
846.9332,5.918163
847.4153,5.819469
847.8975,5.098946
848.3796,4.708515
848.8617,5.654377
849.3438,6.177761
849.8259,5.481815
850.308,4.089626
850.7902,3.665493
851.2723,4.437447
851.7544,4.876595
852.2365,4.383335
852.7186,3.590992
853.2007,3.682526
853.6829,4.404621
854.165,5.087509
854.6471,5.619209
855.1292,5.80336
855.6113,5.226643
856.0934,4.33733
856.5756,3.968548
857.0577,4.399727
857.5398,4.867065
858.0219,5.351688
858.504,5.723038
858.9861,5.778996
859.4683,5.551598
859.9504,5.17765
860.4325,4.666218
860.9146,4.115189
861.3967,3.49424
861.8788,2.94619
862.361,2.653122
862.8431,2.839691
863.3252,2.969814
863.8073,2.916084
864.2894,2.851921
864.7715,3.127098
865.2537,3.783783
865.7358,3.846188
866.2179,3.173935
866.7,2.377796
867.1821,2.039177
867.6642,2.040527
868.1464,2.264179
868.6285,2.715679
869.1106,2.813431
869.5927,1.8153
870.0748,0.881359
870.5569,0.821804
871.0391,1.794552
871.5212,2.511292
872.0033,2.953014
872.4854,3.207836
872.9675,3.408592
873.4496,3.430801
873.9318,2.715603
874.4139,1.358181
874.896,0.516064
875.3781,1.52319
875.8602,2.713089
876.3423,2.930794
876.8245,2.114986
877.3066,1.632912
877.7887,1.481144
878.2708,1.715836
878.7529,2.610287
879.235,3.799877
879.7172,3.951962
880.1993,3.206409
880.6814,2.370255
881.1635,1.483345
881.6456,0.873814
882.1277,1.075745
882.6099,1.776287
883.092,2.011169
883.5741,0.967953
884.0562,0.341
884.5383,0.535416
885.0204,1.191647
885.5026,1.486103
885.9847,1.44466
886.4668,1.406761
886.9489,1.462757
887.431,1.641186
887.9131,2.043613
888.3953,2.44698
888.8774,2.53849
889.3595,2.143883
889.8416,1.526051
890.3237,0.303631
890.8058,0.759281
891.288,0.707249
891.7701,0.579639
892.2522,1.372967
892.7343,1.510399
893.2164,1.294331
893.6985,0.832634
894.1807,0.306385
894.6628,0.013863
895.1449,0.051846001
895.627,0.011864
896.1091,0.820602
896.5912,1.346149
897.0734,0.824951
897.5555,0.885368
898.0376,1.810848
898.5197,1.879421
899.0018,1.577972
899.4839,1.011063
899.9661,0.437534
900.4482,0.282406
900.9303,0.491028
901.4124,0.765549
901.8945,1.070282
902.3766,1.301128
902.8588,1.458309
903.3409,1.509449
903.823,1.163376
904.3051,0.18224
904.7872,0.183704
905.2693,0.830906
905.7515,2.260551
906.2336,1.802326
906.7157,0.088932
907.1978,1.038567
907.6799,0.452393
908.162,0.41885
908.6442,1.162106
909.1263,1.703575
909.6084,1.952488
910.0905,1.910744
910.5726,1.498905
911.0547,0.538269
911.5369,0.391842
912.019,0.368603
912.5011,0.29578
912.9832,0.728111
913.4653,0.772686
913.9474,0.624187
914.4296,0.200729
914.9117,0.22567
915.3938,0.399479
915.8759,0.241283
916.358,0.10582
916.8401,0.011387
917.3223,0.128345
917.8044,0.365456
918.2865,0.693913
918.7686,1.281506
919.2507,2.055073
919.7328,2.363182
920.215,1.203239
920.6971,0.010956
921.1792,0.312675
921.6613,0.211044
922.1434,0.552315
922.6255,0.661953
923.1077,0.651382
923.5898,0.556198
924.0719,0.354359
924.554,0.173248
925.0361,0.893909
925.5182,1.237587
926.0004,0.773609
926.4825,0.245712
926.9646,0.125732
927.4467,0.23354
927.9288,0.30146
928.4109,0.27906
928.8931,0.287086
929.3752,0.365341
929.8573,0.403297
930.3394,0.231346
930.8215,0.089576997
931.3036,0.375607
931.7858,0.61451
932.2679,0.717083
932.75,0.385265
933.2321,0.071696997
933.7142,0.211643
934.1964,0.935978
934.6785,1.237747
935.1606,0.919872
935.6427,0.674431
936.1248,1.061783
936.6069,1.744286
937.0891,1.366749
937.5712,0.145699
938.0533,0.827213
938.5354,0.950619
939.0175,0.662361
939.4996,0.087219
939.9818,1.052151
940.4639,1.533279
940.946,1.365406
941.4281,1.064404
941.9102,0.61739
942.3923,0.258049
942.8745,0.622627
943.3566,1.393963
943.8387,1.521095
944.3208,0.512371
944.8029,0.264011
945.285,0.232494
945.7672,1.159561
946.2493,1.758625
946.7314,1.98811
947.2135,1.891384
947.6956,1.366859
948.1777,0.879646
948.6599,0.861717
949.142,1.137665
949.6241,1.235764
950.1062,1.160301
950.5883,1.158405
951.0704,1.543503
951.5526,1.827618
952.0347,1.629421
952.5168,1.120663
952.9989,0.985378
953.481,1.314548
953.9631,1.546333
954.4453,1.466751
954.9274,1.355171
955.4095,1.843597
955.8916,2.541004
956.3737,2.589031
956.8558,1.152946
957.338,0.10569
957.8201,0.313473
958.3022,1.053726
958.7843,1.745064
959.2664,2.456596
959.7485,2.603455
960.2307,2.082348
960.7128,1.641006
961.1949,2.231819
961.677,3.175777
962.1591,3.473427
962.6412,3.007072
963.1234,2.539936
963.6055,2.313679
964.0876,2.207958
964.5697,2.220898
965.0518,2.266964
965.5339,2.189369
966.0161,1.975883
966.4982,1.832012
966.9803,1.803368
967.4624,1.914242
967.9445,2.491512
968.4266,3.194103
968.9088,3.447197
969.3909,2.468067
969.873,1.933582
970.3551,2.161137
970.8372,2.621754
971.3193,2.87326
971.8015,2.909363
972.2836,2.467457
972.7657,1.499012
973.2478,0.799091
973.7299,1.345901
974.212,2.176735
974.6942,2.441147
975.1763,2.067898
975.6584,1.890533
976.1405,1.998989
976.6226,2.159115
977.1047,2.265396
977.5869,2.385578
978.069,2.857361
978.5511,3.520779
979.0332,3.786793
979.5153,3.228691
979.9974,2.584316
980.4796,2.135082
980.9617,1.903454
981.4438,1.941315
981.9259,2.406883
982.408,2.574566
982.8901,2.311569
983.3723,2.034641
983.8544,2.278873
984.3365,2.813019
984.8186,3.218945
985.3007,3.444778
985.7828,3.455833
986.265,3.157574
986.7471,2.717377
987.2292,2.084442
987.7113,1.369114
988.1934,1.241295
988.6755,1.738129
989.1577,2.146236
989.6398,2.138363
990.1219,1.980541
990.604,1.89716
991.0861,1.899849
991.5682,2.057999
992.0504,2.841415
992.5325,3.011848
993.0146,2.080372
993.4967,1.064114
993.9788,1.058022
994.4609,1.913422
994.9431,2.330906
995.4252,2.220966
995.9073,1.848206
996.3894,1.292332
996.8715,0.801643
997.3536,0.588352
997.8358,0.633381
998.3179,0.655895
998.8,0.546776
999.2821,0.733791
999.7642,1.496292
1000.246,2.377655
1000.728,2.271614
1001.211,1.568672
1001.693,1.338367
1002.175,2.267998
1002.657,2.84877
1003.139,2.03138
1003.621,0.977608
1004.103,0.793411
1004.585,1.714733
1005.068,2.100201
1005.55,1.914505
1006.032,1.551548
1006.514,1.255875
1006.996,1.010338
1007.478,0.619034
1007.96,0.183071
1008.442,0.261131
1008.924,1.592598
1009.407,2.738258
1009.889,3.503742
1010.371,3.82864
1010.853,3.396645
1011.335,2.369339
1011.817,1.819469
1012.299,2.07719
1012.781,2.465366
1013.263,2.574833
1013.746,2.509018
1014.228,2.287933
1014.71,1.808464
1015.192,1.855766
1015.674,2.725517
1016.156,3.350903
1016.638,2.781349
1017.12,1.625774
1017.603,1.363747
1018.085,1.72229
1018.567,1.747093
1019.049,0.22493
1019.531,0.720592
1020.013,0.221764
1020.495,1.022537
1020.977,2.241283
1021.459,3.450672
1021.942,3.732883
1022.424,2.890732
1022.906,1.748837
1023.388,0.733864
1023.87,0.022282001
1024.352,0.130554
1024.834,0.339157
1025.316,0.875828
1025.799,1.686989
1026.281,2.01965
1026.763,1.37328
1027.245,0.218021
1027.727,0.358517
1028.209,0.409924
1028.691,0.101986
1029.173,0.755489
1029.656,1.55822
1030.138,2.201916
1030.62,2.511684
1031.102,2.248863
1031.584,1.286057
1032.066,0.580101
1032.548,0.135925
1033.03,0.012909
1033.512,0.466248
1033.995,1.059265
1034.477,1.044731
1034.959,0.507732
1035.441,0.170238
1035.923,0.057686001
1036.405,0.435619
1036.887,1.655312
1037.369,3.040455
1037.851,3.12215
1038.334,2.205444
1038.816,1.422466
1039.298,0.998169
1039.78,0.87249
1040.262,1.301079
1040.744,1.780312
1041.226,1.890163
1041.708,1.610718
1042.191,1.322651
1042.673,1.014481
1043.155,0.760349
1043.637,0.49752
1044.119,0.397881
1044.601,0.934929
1045.083,1.801334
1045.565,2.271866
1046.047,1.513264
1046.53,1.329323
1047.012,2.263382
1047.494,3.222019
1047.976,2.659714
1048.458,0.996731
1048.94,0.420738
1049.422,1.06731
1049.904,1.778248
1050.386,1.781219
1050.869,1.671879
1051.351,1.896961
1051.833,2.330593
1052.315,2.329575
1052.797,1.798645
1053.279,1.552414
1053.761,1.892338
1054.243,2.371052
1054.726,2.360394
1055.208,2.155014
1055.69,2.235458
1056.172,2.929722
1056.654,3.088848
1057.136,2.334248
1057.618,1.605076
1058.1,1.533592
1058.583,1.920891
1059.065,1.854633
1059.547,1.483582
1060.029,1.503407
1060.511,2.968597
1060.993,4.09119
1061.475,3.814045
1061.957,2.901218
1062.439,2.383465
1062.922,2.306187
1063.404,2.173653
1063.886,1.938168
1064.368,1.746399
1064.85,1.940697
1065.332,2.090034
1065.814,1.588604
1066.296,0.490891
1066.778,0.166744
1067.261,0.284107
1067.743,0.029716
1068.225,0.663109
1068.707,1.516453
1069.189,2.12307
1069.671,2.459522
1070.153,2.371246
1070.635,1.648983
1071.118,1.15889
1071.6,1.446056
1072.082,1.90202
1072.564,2.198013
1073.046,2.347614
1073.528,2.627289
1074.01,3.011349
1074.492,3.087006
1074.974,2.38903
1075.457,1.542656
1075.939,0.748962
1076.421,0.206833
1076.903,0.325459
1077.385,1.43351
1077.867,2.021683
1078.349,1.932171
1078.831,1.664181
1079.313,1.685493
1079.796,1.845203
1080.278,1.967083
1080.76,2.026604
1081.242,1.939892
1081.724,1.416416
1082.206,1.097275
1082.688,1.223866
1083.17,1.530434
1083.652,1.567421
1084.135,1.367985
1084.617,0.992214
1085.099,0.386765
1085.581,0.039912999
1086.063,0.528252
1086.545,1.195358
1087.027,1.674606
1087.509,1.942856
1087.992,1.862877
1088.474,1.430664
1088.956,1.024872
1089.438,0.731083
1089.92,0.662624
1090.402,1.256428
1090.884,1.981831
1091.366,2.047401
1091.849,0.859661
1092.331,0.420521
1092.813,0.928154
1093.295,1.50391
1093.777,1.35701
1094.259,0.917099
1094.741,1.114681
1095.223,1.742344
1095.705,2.05484
1096.188,1.259377
1096.67,0.868458
1097.152,1.344635
1097.634,2.01313
1098.116,1.887661
1098.598,1.169975
1099.08,0.780396
1099.562,0.78516
1100.044,1.054153
1100.527,1.849785
1101.009,2.538208
1101.491,2.767044
1101.973,2.626953
1102.455,2.341171
1102.937,1.906967
1103.419,1.305954
1103.901,0.412174
1104.384,0.137962
1104.866,0.703342
1105.348,1.926674
1105.83,2.491871
1106.312,2.204067
1106.794,1.981014
1107.276,1.825306
1107.758,1.739254
1108.24,1.742779
1108.723,1.791737
1109.205,1.900463
1109.687,1.981567
1110.169,1.849773
1110.651,1.119244
1111.133,0.84053
1111.615,1.284424
1112.097,1.793415
1112.579,1.822536
1113.062,1.507736
1113.544,1.203476
1114.026,0.95845
1114.508,1.006592
1114.99,2.071419
1115.472,2.667759
1115.954,1.944805
1116.436,0.843803
1116.919,0.689407
1117.401,1.387699
1117.883,1.498882
1118.365,0.896778
1118.847,0.488838
1119.329,1.37746
1119.811,2.255619
1120.293,2.084675
1120.776,1.178856
1121.258,0.636181
1121.74,0.477196
1122.222,0.486065
1122.704,0.628136
1123.186,0.879848
1123.668,1.407936
1124.15,1.913326
1124.632,2.018425
1125.115,1.633213
1125.597,1.433502
1126.079,1.497807
1126.561,1.469212
1127.043,1.153316
1127.525,0.771507
1128.007,0.758511
1128.489,0.917683
1128.971,0.896149
1129.454,0.507542
1129.936,0.218037
1130.418,0.104298
1130.9,0.027462
1131.382,0.169159
1131.864,0.365391
1132.346,0.016045
1132.828,0.692429
1133.311,1.076565
1133.793,0.40176
1134.275,0.128159
1134.757,0.173214
1135.239,0.00248
1135.721,0.138206
1136.203,0.261765
1136.685,0.48423
1137.167,0.81601
1137.65,1.302074
1138.132,2.501198
1138.614,3.278397
1139.096,2.770565
1139.578,1.618374
1140.06,0.677151
1140.542,0.064948998
1141.024,0.075207002
1141.506,0.74258
1141.989,1.499069
1142.471,1.427456
1142.953,1.078114
1143.435,0.786972
1143.917,0.586372
1144.399,0.519142
1144.881,0.623699
1145.363,0.584629
1145.846,0.306686
1146.328,0.014198
1146.81,0.266495
1147.292,0.376678
1147.774,0.203823
1148.256,0.31863
1148.738,0.669216
1149.22,0.860508
1149.703,0.945026
1150.185,0.930042
1150.667,0.838947
1151.149,0.539742
1151.631,0.251255
1152.113,0.416679
1152.595,1.423229
1153.077,1.729828
1153.559,0.925762
1154.042,0.214565
1154.524,0.406013
1155.006,1.011353
1155.488,0.80138
1155.97,0.124439
1156.452,0.150497
1156.934,0.639206
1157.416,1.131615
1157.898,1.037785
1158.381,0.833427
1158.863,0.927109
1159.345,0.808693
1159.827,1.140663
1160.309,0.825478
1160.791,0.631477
1161.273,0.808239
1161.755,1.042332
1162.238,1.337551
1162.72,1.532883
1163.202,1.408344
1163.684,1.045162
1164.166,1.039795
1164.648,1.387527
1165.13,1.651375
1165.612,1.480434
1166.094,1.344185
1166.577,1.624615
1167.059,1.935883
1167.541,1.4674
1168.023,0.322105
1168.505,0.0076029999
1168.987,0.68203
1169.469,1.269779
1169.951,0.773174
1170.433,0.208015
1170.916,0.068405002
1171.398,0.358124
1171.88,1.45903
1172.362,3.316505
1172.844,3.929443
1173.326,2.816895
1173.808,1.56712
1174.29,1.524704
1174.773,1.855179
1175.255,1.955978
1175.737,1.84309
1176.219,1.665707
1176.701,1.413868
1177.183,1.294624
1177.665,1.389252
1178.147,1.538921
1178.63,1.550678
1179.112,1.57111
1179.594,1.776382
1180.076,2.171005
1180.558,2.549503
1181.04,2.944996
1181.522,3.017181
1182.004,2.523857
1182.486,1.899937
1182.969,1.5536
1183.451,1.383354
1183.933,1.264526
1184.415,1.171177
1184.897,1.188511
1185.379,1.30484
1185.861,1.637234
1186.343,2.492271
1186.825,3.253716
1187.308,2.987625
1187.79,2.205387
1188.272,1.744431
1188.754,1.976578
1189.236,1.659359
1189.718,0.666546
1190.2,0.220806
1190.682,0.536358
1191.165,0.468788
1191.647,0.051086001
1192.129,0.514416
1192.611,0.817673
1193.093,0.556244
1193.575,0.57753
1194.057,0.953831
1194.539,1.365219
1195.021,1.570953
1195.504,1.657619
1195.986,1.808296
1196.468,1.938057
1196.95,1.764229
1197.432,0.94096
1197.914,0.505459
1198.396,0.565067
1198.878,0.840073
1199.36,1.123825
1199.843,1.41618
1200.325,1.808369
1200.807,2.230267
1201.289,2.359241
1201.771,1.978004
1202.253,1.654785
1202.735,1.430202
1203.217,1.350204
1203.7,1.753635
1204.182,2.163578
1204.664,1.559422
1205.146,0.140862
1205.628,0.358337
1206.11,0.856438
1206.592,1.74395
1207.074,1.975151
1207.557,1.832153
1208.039,1.493034
1208.521,1.107655
1209.003,0.954037
1209.485,1.028095
1209.967,0.86713
1210.449,0.131622
1210.931,0.140366
1211.413,0.344521
1211.896,1.161655
1212.378,2.0075
1212.86,2.687279
1213.342,2.838867
1213.824,2.424694
1214.306,1.909302
1214.788,1.122639
1215.27,0.958988
1215.752,1.852501
1216.235,2.96521
1216.717,3.15118
1217.199,2.757538
1217.681,2.232746
1218.163,1.626518
1218.645,0.963013
1219.127,0.002045
1219.609,0.210247
1220.092,0.96841
1220.574,2.339321
1221.056,1.825901
1221.538,0.494469
1222.02,0.104267
1222.502,0.396572
1222.984,0.802582
1223.466,1.027695
1223.948,1.229221
1224.431,1.407467
1224.913,1.709023
1225.395,2.743362
1225.877,3.840618
1226.359,3.962616
1226.841,2.658134
1227.323,1.92646
1227.805,1.94677
1228.287,1.732189
1228.77,0.656128
1229.252,0.463398
1229.734,0.469482
1230.216,0.168633
1230.698,0.867279
1231.18,1.566353
1231.662,2.233398
1232.144,2.912094
1232.627,3.325668
1233.109,3.300591
1233.591,3.031528
1234.073,2.609917
1234.555,2.162941
1235.037,1.817852
1235.519,1.530548
1236.001,1.875832
1236.484,2.992664
1236.966,3.531979
1237.448,2.481945
1237.93,1.116859
1238.412,0.613815
1238.894,0.635296
1239.376,0.755177
1239.858,0.928913
1240.34,1.360493
1240.823,2.070656
1241.305,2.460918
1241.787,2.013214
1242.269,1.39555
1242.751,1.069916
1243.233,0.972828
1243.715,1.039433
1244.197,1.274563
1244.679,1.5905
1245.162,1.977127
1245.644,2.078201
1246.126,1.442577
1246.608,0.857971
1247.09,0.850922
1247.572,1.188232
1248.054,1.613148
1248.536,2.103657
1249.019,1.808247
1249.501,0.823471
1249.983,0.21632
1250.465,1.019138
1250.947,1.795547
1251.429,1.639416
1251.911,1.248688
1252.393,1.317959
1252.875,1.808281
1253.358,1.991844
1253.84,1.887894
1254.322,1.638012
1254.804,1.13446
1255.286,0.734352
1255.768,0.419296
1256.25,0.290546
1256.732,0.601727
1257.214,1.190941
1257.697,1.105225
1258.179,0.502777
1258.661,0.21191
1259.143,0.933319
1259.625,1.545158
1260.107,1.839909
1260.589,2.130745
1261.071,2.085136
1261.554,2.092041
1262.036,1.859348
1262.518,1.428841
1263.0,1.07386
1263.482,0.767925
1263.964,0.954105
1264.446,1.922321
1264.928,2.765259
1265.411,2.43177
1265.893,1.602581
1266.375,1.644661
1266.857,2.286705
1267.339,2.681477
1267.821,2.333107
1268.303,1.983673
1268.785,1.636017
1269.267,1.339066
1269.75,1.177662
1270.232,1.058155
1270.714,0.687302
1271.196,0.284889
1271.678,0.466427
1272.16,1.584362
1272.642,2.251198
1273.124,2.41803
1273.606,2.238789
1274.089,1.346539
1274.571,0.620373
1275.053,1.099163
1275.535,2.20932
1276.017,2.979553
1276.499,3.41568
1276.981,3.084225
1277.463,2.007339
1277.946,1.098064
1278.428,1.222683
1278.91,1.418674
1279.392,0.936211
1279.874,0.296432
1280.356,0.149014
1280.838,0.475132
1281.32,0.813419
1281.802,1.179947
1282.285,1.637165
1282.767,2.85659
1283.249,3.328079
1283.731,1.810905
1284.213,0.091205999
1284.695,0.106167
1285.177,0.845169
1285.659,1.100613
1286.141,0.820107
1286.624,0.723995
1287.106,1.188194
1287.588,1.819714
1288.07,2.829979
1288.552,3.492546
1289.034,2.910236
1289.516,1.687016
1289.998,1.041615
1290.481,0.8894
1290.963,0.998947
1291.445,1.596928
1291.927,1.937859
1292.409,2.087265
1292.891,1.942635
1293.373,0.922966
1293.855,0.052733999
1294.338,0.642902
1294.82,2.218658
1295.302,2.806255
1295.784,2.074383
1296.266,1.295376
1296.748,0.446743
1297.23,0.050517999
1297.712,0.143066
1298.194,0.701843
1298.677,1.705505
1299.159,2.710728
1299.641,2.682381
1300.123,1.524902
1300.605,0.525009
1301.087,0.259666
1301.569,0.230202
1302.051,0.00038099999
1302.533,0.152676
1303.016,0.0
1500.0,0.0
