WavwNum_Chamosite,value_Chamosite
100.0,0.0
150.5283,0.0
151.0105,1.375589
151.4926,1.063826
151.9747,1.320155
152.4568,1.419971
152.9389,1.368842
153.421,0.628014
153.9032,0.772502
154.3853,0.657152
154.8674,0.411291
155.3495,0.830372
155.8316,0.155219
156.3138,0.419276
156.7959,0.300066
157.278,0.352216
157.7601,0.048452999
158.2422,0.139832
158.7243,0.036191002
159.2065,0.015897
159.6886,0.315137
160.1707,0.337077
160.6528,0.48559
161.1349,0.15987
161.617,0.077964999
162.0992,0.036786001
162.5813,0.161335
163.0634,0.446229
163.5455,0.873682
164.0276,1.284539
164.5097,1.620973
164.9919,1.885496
165.474,2.08761
165.9561,2.201773
166.4382,2.269907
166.9203,2.298263
167.4025,1.773026
167.8846,1.732279
168.3667,3.230834
168.8488,6.027872
169.3309,8.571118
169.813,9.770913
170.2952,10.22816
170.7773,10.67122
171.2594,11.38491
171.7415,12.15382
172.2236,12.73271
172.7057,13.14769
173.1879,13.69539
173.67,14.61688
174.1521,15.82362
174.6342,17.16089
175.1163,18.60265
175.5984,20.13837
176.0806,21.73641
176.5627,23.39666
177.0448,25.12594
177.5269,26.84026
178.009,28.61016
178.4911,30.65533
178.9733,33.37876
179.4554,36.31352
179.9375,38.62316
180.4196,40.21927
180.9017,41.78842
181.3839,43.98835
181.866,46.73044
182.3481,49.79073
182.8302,53.37722
183.3123,57.16516
183.7944,60.27834
184.2766,62.63542
184.7587,64.80433
185.2408,67.62498
185.7229,70.96521
186.205,74.17724
186.6871,76.68471
187.1693,78.76911
187.6514,81.33827
188.1335,84.52495
188.6156,87.98692
189.0977,91.38231
189.5798,94.69165
190.062,97.84366
190.5441,100.6754
191.0262,103.2732
191.5083,106.2822
191.9904,109.9116
192.4725,113.67
192.9547,116.7699
193.4368,119.2311
193.9189,121.3647
194.401,123.1633
194.8831,124.5361
195.3652,126.299
195.8474,128.8547
196.3295,131.801
196.8116,133.8927
197.2937,135.0062
197.7758,135.7558
198.2579,136.4696
198.7401,137.2075
199.2222,137.8259
199.7043,138.4416
200.1864,138.7551
200.6685,137.9724
201.1507,136.0181
201.6328,133.0205
202.1149,128.9043
202.597,123.61
203.0791,118.8044
203.5612,114.8617
204.0434,111.47
204.5255,107.8673
205.0076,104.0821
205.4897,99.99926
205.9718,95.32515
206.4539,89.83958
206.9361,85.17139
207.4182,81.73828
207.9003,79.10017
208.3824,75.63144
208.8645,70.99095
209.3466,66.3596
209.8288,62.41092
210.3109,59.23623
210.793,56.38044
211.2751,53.94376
211.7572,51.77149
212.2393,49.09308
212.7215,45.66652
213.2036,42.32165
213.6857,39.64716
214.1678,37.83055
214.6499,35.97584
215.1321,33.90021
215.6142,31.70216
216.0963,29.88771
216.5784,28.6113
217.0605,27.44232
217.5426,26.09872
218.0248,24.49292
218.5069,23.06071
218.989,21.95257
219.4711,21.05285
219.9532,19.72383
220.4353,17.6126
220.9175,15.63069
221.3996,14.38974
221.8817,14.21948
222.3638,13.96029
222.8459,13.50392
223.328,12.87418
223.8102,12.24188
224.2923,11.6381
224.7744,10.96664
225.2565,10.14866
225.7386,9.09017
226.2208,8.112844
226.7029,7.248024
227.185,6.485182
227.6671,5.819475
228.1492,5.272942
228.6313,4.79164
229.1135,4.329112
229.5956,3.806319
230.0777,3.479769
230.5598,3.436526
231.0419,3.613758
231.524,3.706462
232.0062,3.727726
232.4883,3.649641
232.9704,3.45001
233.4525,3.1002
233.9346,2.690752
234.4167,2.193135
234.8989,1.637974
235.381,1.182537
235.8631,0.899534
236.3452,0.610762
236.8273,0.179169
237.3095,0.571086
237.7916,0.700102
238.2737,0.450643
238.7558,0.454067
239.2379,0.702422
239.72,0.351809
240.2022,0.29048
240.6843,0.492884
241.1664,0.073161997
241.6485,0.405858
242.1306,0.805772
242.6127,0.152799
243.0949,0.114032
243.577,0.267028
244.0591,0.674486
244.5412,0.780612
245.0233,0.445518
245.5054,0.121384
245.9876,0.220401
246.4697,0.53357
246.9518,0.676986
247.4339,0.605621
247.916,0.431561
248.3981,0.17625
248.8803,0.287576
249.3624,0.506096
249.8445,0.304058
250.3266,0.106626
250.8087,0.117973
251.2909,0.461513
251.773,0.845406
252.2551,0.297428
252.7372,0.20716
253.2193,0.40504
253.7014,0.116485
254.1836,0.401918
254.6657,0.544287
255.1478,0.165302
255.6299,0.337238
256.112,0.857028
256.5941,1.49143
257.0763,1.770945
257.5584,1.459024
258.0405,0.945822
258.5226,1.072138
259.0047,2.149567
259.4868,3.228898
259.969,3.958043
260.4511,4.29325
260.9332,4.459649
261.4153,4.3939
261.8974,4.216906
262.3795,4.128604
262.8617,4.142672
263.3438,4.208402
263.8259,4.296909
264.308,4.393982
264.7901,4.614436
265.2722,4.968286
265.7544,5.431404
266.2365,6.025545
266.7186,6.862604
267.2007,7.469793
267.6829,7.564258
268.165,7.091623
268.6471,7.191864
269.1292,8.088977
269.6113,9.209152
270.0934,9.821067
270.5756,9.818439
271.0577,9.732682
271.5398,9.674088
272.0219,9.644327
272.504,9.741755
272.9861,10.01462
273.4683,10.30762
273.9504,10.42621
274.4325,10.32383
274.9146,10.31061
275.3967,10.51005
275.8788,10.87857
276.361,10.66433
276.8431,11.16445
277.3252,11.45864
277.8073,11.55781
278.2894,10.87786
278.7715,11.20465
279.2537,11.12828
279.7358,11.03543
280.2179,11.50438
280.7,10.93864
281.1821,11.39892
281.6642,11.44966
282.1464,11.68799
282.6285,11.52048
283.1106,11.47863
283.5927,11.843
284.0748,11.58198
284.5569,12.0051
285.0391,12.20978
285.5212,12.20735
286.0033,11.41332
286.4854,11.61368
286.9675,11.39845
287.4496,11.15443
287.9318,11.45971
288.4139,10.71789
288.896,10.98982
289.3781,10.84006
289.8602,10.86572
290.3424,10.47343
290.8245,10.19444
291.3066,10.30917
291.7887,10.18684
292.2708,9.573204
292.753,9.28563
293.2351,8.885448
293.7172,8.424609
294.1993,8.111459
294.6814,7.983323
295.1635,7.813063
295.6457,7.314267
296.1278,6.59411
296.6099,5.98091
297.092,5.718503
297.5741,5.701688
298.0562,5.593168
298.5384,5.34892
299.0205,5.125356
299.5026,5.029267
299.9847,4.897621
300.4668,4.930176
300.9489,4.888366
301.4311,4.776178
301.9132,4.382908
302.3953,4.352628
302.8774,4.176872
303.3595,3.99516
303.8416,4.015957
304.3238,3.663554
304.8059,3.681139
305.288,3.551047
305.7701,3.488538
306.2522,3.279673
306.7343,3.116007
307.2165,3.098734
307.6986,3.000408
308.1807,2.497868
308.6628,2.487255
309.1449,2.556506
309.627,2.555072
310.1092,2.515361
310.5913,2.440289
311.0734,2.203538
311.5555,1.975015
312.0376,1.509164
312.5197,1.929449
313.0019,2.170438
313.484,2.230127
313.9661,1.511654
314.4482,1.801075
314.9304,1.688448
315.4125,1.560629
315.8946,1.99576
316.3767,1.397382
316.8588,1.826312
317.3409,1.847056
317.8231,2.05661
318.3052,1.861648
318.7873,1.793386
319.2694,2.132502
319.7515,2.248186
320.2336,2.011931
320.7158,2.241548
321.1979,1.642586
321.68,1.773267
322.1621,2.219524
322.6442,2.010472
323.1263,2.25432
323.6085,2.327531
324.0906,1.620603
324.5727,2.274158
325.0548,2.341276
325.5369,1.80626
326.019,2.417303
326.5012,1.968192
326.9833,1.899348
327.4654,2.117101
327.9475,2.039042
328.4296,2.431046
328.9117,2.37302
329.3939,2.291015
329.876,2.397218
330.3581,2.017571
330.8402,2.569522
331.3223,2.517072
331.8044,2.746146
332.2866,3.013266
332.7687,2.736365
333.2508,3.097281
333.7329,2.54495
334.215,2.742662
334.6971,2.874383
335.1793,3.45259
335.6614,2.951247
336.1435,3.132812
336.6256,3.623888
337.1077,3.65924
337.5899,3.266823
338.072,3.413453
338.5541,3.615496
339.0362,3.929912
339.5183,4.302891
340.0005,4.541594
340.4826,4.709655
340.9647,5.068168
341.4468,5.780071
341.9289,6.699281
342.411,6.960164
342.8932,6.524527
343.3753,6.114903
343.8574,6.394742
344.3395,7.300425
344.8216,7.976451
345.3037,8.313442
345.7859,8.448856
346.268,8.571715
346.7501,8.704182
347.2322,8.899837
347.7143,9.27265
348.1964,9.708203
348.6786,9.865334
349.1607,9.719094
349.6428,9.647392
350.1249,10.10272
350.607,10.95675
351.0891,11.77431
351.5713,12.39518
352.0534,12.82003
352.5355,13.0039
353.0176,12.98521
353.4997,12.97892
353.9818,13.08264
354.464,13.26166
354.9461,13.45186
355.4282,13.61438
355.9103,13.80596
356.3924,14.14602
356.8745,14.57607
357.3567,14.8576
357.8388,14.81128
358.3209,14.58847
358.803,14.27655
359.2851,13.81911
359.7672,13.48288
360.2494,13.47963
360.7315,13.69189
361.2136,13.91631
361.6957,14.28376
362.1779,14.43403
362.66,14.0649
363.1421,13.06813
363.6242,12.24438
364.1063,11.92688
364.5884,11.8591
365.0706,11.78156
365.5527,11.85134
366.0348,11.68736
366.5169,11.08935
366.999,10.0868
367.4811,9.199195
367.9633,8.438161
368.4454,7.826921
368.9275,7.388743
369.4096,7.318058
369.8917,7.153051
370.3738,6.869086
370.856,6.484988
371.3381,6.04969
371.8202,5.469452
372.3023,4.960778
372.7844,4.645803
373.2665,4.616182
373.7487,4.378684
374.2308,3.762722
374.7129,2.885327
375.195,2.962383
375.6771,2.923966
376.1592,2.776665
376.6414,2.171611
377.1235,2.175075
377.6056,1.945348
378.0877,1.713342
378.5698,1.824209
379.0519,1.324894
379.5341,1.445631
380.0162,1.329509
380.4983,1.332896
380.9804,1.101585
381.4625,0.9527256
381.9446,1.05384
382.4268,1.028346
382.9089,0.799571
383.391,0.8557088
383.8731,0.4239993
384.3553,0.4346533
384.8374,0.6405029
385.3195,0.4619485
385.8016,0.5605464
386.2837,0.5640938
386.7658,0.1087042
387.248,0.460019
387.7301,0.641347
388.2122,0.582638
388.6943,0.408579
389.1764,0.579471
389.6585,0.093973003
390.1407,0.263349
390.6228,0.291454
391.1049,0.439325
391.587,0.136561
392.0691,0.208776
392.5512,0.306644
393.0334,0.677525
393.5155,0.392432
393.9976,0.413087
394.4797,0.196884
394.9618,0.375121
395.4439,0.157641
395.9261,0.080029003
396.4082,0.182925
396.8903,0.459462
397.3724,0.088113002
397.8545,0.493735
398.3366,0.22266
398.8188,0.113587
399.3009,0.246445
399.783,0.14049
400.2651,0.332189
400.7472,0.147423
401.2293,0.369198
401.7115,0.118151
402.1936,0.0068760002
402.6757,0.053612001
403.1578,0.035330001
403.6399,0.090016998
404.122,0.395107
404.6042,0.269223
405.0863,0.428618
405.5684,0.131939
406.0505,0.081997998
406.5326,0.174931
407.0147,0.282884
407.4969,0.307168
407.979,0.675428
408.4611,0.808495
408.9432,0.5101
409.4254,0.27024
409.9075,0.254679
410.3896,0.213967
410.8717,0.299195
411.3538,0.022182999
411.8359,0.089318998
412.3181,0.22777
412.8002,0.076739997
413.2823,0.346282
413.7644,0.583176
414.2465,0.792885
414.7286,0.96646
415.2108,1.10032
415.6929,1.193434
416.175,1.230186
416.6571,1.222729
417.1392,1.144017
417.6213,0.942831
418.1035,0.328269
418.5856,0.116661
419.0677,0.040573001
419.5498,0.680027
420.0319,1.347526
420.514,2.086369
420.9962,2.641573
421.4783,2.786135
421.9604,1.874517
422.4425,2.63886
422.9246,3.196928
423.4067,3.559879
423.8889,3.143316
424.371,3.733236
424.8531,3.919708
425.3352,4.089616
425.8173,4.821065
426.2994,4.517619
426.7816,4.633899
427.2637,5.069229
427.7458,5.298328
428.2279,5.332274
428.71,4.588054
429.1921,4.870182
429.6743,4.746022
430.1564,4.609653
430.6385,5.012084
431.1206,4.379621
431.6028,4.792341
432.0849,4.808249
432.567,5.011427
433.0491,4.811819
433.5312,4.712204
434.0133,4.07746
434.4955,2.904965
434.9776,1.955838
435.4597,1.475587
435.9418,1.261262
436.4239,0.982452
436.906,0.649135
437.3882,0.426021
437.8703,0.57186
438.3524,0.870313
438.8345,0.999267
439.3166,0.907696
439.7987,0.75957
440.2809,0.698683
440.763,0.662729
441.2451,0.556167
441.7272,0.197029
442.2093,0.196915
442.6914,0.20665
443.1736,0.108709
443.6557,0.367964
444.1378,0.254052
444.6199,0.572588
445.102,0.685107
445.5841,0.0064329999
446.0663,0.32937
446.5484,0.222417
447.0305,0.132916
447.5126,0.639432
447.9947,0.111045
448.4768,0.549415
448.959,0.597375
449.4411,0.833178
449.9232,0.649707
450.4053,0.100828
450.8874,0.546667
451.3695,0.828672
451.8517,0.915617
452.3338,0.248699
452.8159,0.563091
453.298,0.474467
453.7801,0.400859
454.2622,0.89509
454.7444,0.322067
455.2265,1.164057
455.7086,1.577296
456.1907,1.701152
456.6729,1.537785
457.155,1.324113
457.6371,1.445322
458.1192,1.71529
458.6013,1.890855
459.0834,1.821123
459.5656,1.75138
460.0477,1.93618
460.5298,2.318757
461.0119,2.733233
461.494,3.260114
461.9761,3.246046
462.4583,3.938351
462.9404,4.415087
463.4225,4.720019
463.9046,3.964133
464.3867,4.598481
464.8688,4.993114
465.351,5.17903
465.8331,4.563014
466.3152,4.945972
466.7973,4.945084
467.2794,4.954811
467.7615,5.559373
468.2437,5.129528
468.7258,5.693535
469.2079,5.84951
469.69,6.193678
470.1721,6.141875
470.6542,6.235844
471.1364,6.135623
471.6185,6.00156
472.1006,5.841571
472.5827,5.66363
473.0648,5.473266
473.5469,5.306795
474.0291,5.171551
474.5112,4.977056
474.9933,4.611343
475.4754,4.130563
475.9575,3.827954
476.4396,3.727735
476.9218,3.597573
477.4039,3.048087
477.886,2.252331
478.3681,1.63045
478.8503,1.351908
479.3324,1.255569
479.8145,1.248881
480.2966,1.30626
480.7787,1.336708
481.2608,1.277824
481.743,1.184182
482.2251,1.057818
482.7072,0.870916
483.1893,0.818835
483.6714,1.208477
484.1535,1.660964
484.6357,1.795905
485.1178,1.398421
485.5999,0.862109
486.082,0.047036
486.5641,0.257469
487.0462,0.075533003
487.5284,0.400656
488.0105,0.498226
488.4926,0.580311
488.9747,0.343834
489.4568,0.512615
489.9389,0.509664
490.4211,0.594319
490.9032,0.191131
491.3853,0.388077
491.8674,0.493221
492.3495,0.200954
492.8316,0.169256
493.3138,0.057974
493.7959,0.440416
494.278,0.347467
494.7601,0.070963003
495.2422,0.335584
495.7243,0.442165
496.2065,0.38278
496.6886,0.376776
497.1707,0.648938
497.6528,1.068527
498.1349,1.454452
498.617,1.726812
499.0992,2.000428
499.5813,2.370583
500.0634,2.781166
500.5455,3.125822
501.0276,3.267563
501.5097,3.417295
501.9919,3.728767
502.474,4.225338
502.9561,4.637486
503.4382,4.88511
503.9203,5.093035
504.4025,5.321029
504.8846,5.638889
505.3667,5.807335
505.8488,5.662539
506.3309,5.448797
506.813,5.734488
507.2952,6.634971
507.7773,7.519626
508.2594,8.187918
508.7415,8.646771
509.2236,8.866184
509.7057,8.831757
510.1879,8.744496
510.67,8.743846
511.1521,8.822389
511.6342,8.912735
512.1163,8.952016
512.5984,9.191037
513.0806,10.12413
513.5627,11.44601
514.0448,12.51774
514.5269,12.95001
515.009,13.12798
515.4911,13.18405
515.9733,13.15704
516.4554,13.28788
516.9375,13.82112
517.4196,14.43604
517.9017,14.94655
518.3839,15.24631
518.866,15.5556
519.3481,15.92203
519.8302,16.3416
520.3123,16.80623
520.7944,17.36082
521.2766,17.83791
521.7587,18.15235
522.2408,18.43105
522.7229,19.15639
523.205,20.39969
523.6871,21.7348
524.1693,22.86744
524.6514,23.80729
525.1335,25.16866
525.6156,27.02147
526.0977,28.89413
526.5798,30.05924
527.062,30.8744
527.5441,32.36714
528.0262,34.89133
528.5083,37.85387
528.9904,40.60169
529.4725,43.2765
529.9547,46.11929
530.4368,49.11523
530.9189,52.35518
531.401,56.00488
531.8831,60.09527
532.3652,63.83776
532.8474,66.44539
533.3295,69.03529
533.8116,72.37568
534.2937,77.06954
534.7758,81.58434
535.2579,85.64388
535.7401,89.62216
536.2222,93.97032
536.7043,98.99887
537.1865,103.7162
537.6686,107.806
538.1507,111.4899
538.6328,115.5046
539.1149,119.8792
539.597,124.5592
540.0792,129.5707
540.5613,134.9035
541.0434,140.1786
541.5255,145.3902
542.0076,150.4435
542.4897,155.5632
542.9719,160.4572
543.454,164.6096
543.9361,167.8099
544.4182,170.2288
544.9003,172.1878
545.3824,173.4451
545.8646,173.5117
546.3467,172.5569
546.8288,169.9635
547.3109,165.2414
547.793,158.4081
548.2751,150.6084
548.7573,141.5441
549.2394,131.9453
549.7215,122.1189
550.2036,111.5759
550.6857,101.8981
551.1678,93.22508
551.65,85.25326
552.1321,77.67208
552.6142,70.40231
553.0963,63.85276
553.5784,58.16438
554.0605,53.22327
554.5427,48.72545
555.0248,44.67771
555.5069,41.19827
555.989,38.73502
556.4711,36.79584
556.9532,34.48764
557.4354,31.77689
557.9175,29.11085
558.3996,26.82353
558.8817,24.78834
559.3638,22.85574
559.8459,20.92852
560.3281,19.26636
560.8102,18.17551
561.2923,17.38651
561.7744,16.48372
562.2565,15.31083
562.7386,14.10176
563.2208,12.75981
563.7029,11.36594
564.185,10.44264
564.6671,10.20594
565.1492,10.07449
565.6313,9.802847
566.1135,9.394888
566.5956,8.773841
567.0777,7.876263
567.5598,7.00338
568.0419,6.606617
568.524,6.559204
569.0062,6.112374
569.4883,4.974695
569.9704,3.748661
570.4525,3.387664
570.9346,3.56947
571.4167,3.481466
571.8989,2.306527
572.381,1.095071
572.8631,0.674161
573.3452,0.938925
573.8273,1.089681
574.3094,0.652681
574.7916,0.159557
575.2737,0.060734
575.7558,0.184911
576.2379,0.161943
576.72,0.424247
577.2021,0.254447
577.6843,0.098947003
578.1664,0.614271
578.6485,0.406781
579.1306,0.351519
579.6127,0.508237
580.0948,0.570994
580.577,0.064239003
581.0591,0.294429
581.5412,0.33695
582.0233,0.161759
582.5054,0.12688
582.9875,0.491589
583.4697,0.66839
583.9518,0.218827
584.434,0.37806
584.9161,0.52217
585.3982,0.091830999
585.8803,0.235941
586.3624,0.096933998
586.8445,0.581527
587.3267,0.745847
587.8088,0.047386002
588.2909,0.404466
588.773,0.256211
589.2551,0.151709
589.7372,0.221144
590.2194,0.297732
590.7015,0.651025
591.1836,0.580501
591.6657,0.197432
592.1478,0.084179997
592.6299,0.260189
593.1121,0.559905
593.5942,1.004983
594.0763,0.649064
594.5584,0.542838
595.0405,0.826283
595.5226,1.113266
596.0048,1.069209
596.4869,0.811486
596.969,0.501111
597.4511,0.162712
597.9332,0.197087
598.4153,0.677277
598.8975,1.149084
599.3796,1.436725
599.8617,1.297712
600.3438,1.187542
600.8259,1.203201
601.308,1.332684
601.7902,1.544845
602.2723,1.918254
602.7544,2.23737
603.2365,2.410368
603.7186,2.437545
604.2007,2.512141
604.6829,2.656379
605.165,2.729897
605.6471,2.462863
606.1292,1.993602
606.6113,1.960994
607.0934,2.481074
607.5756,3.152765
608.0577,3.596414
608.5398,3.899946
609.0219,4.211272
609.504,4.688096
609.9861,5.039517
610.4683,4.913723
610.9504,4.557932
611.4325,4.504267
611.9146,5.313435
612.3967,6.00817
612.8788,6.169652
613.361,5.865769
613.8431,5.965461
614.3252,6.709212
614.8073,7.451228
615.2894,7.826927
615.7715,7.802952
616.2537,8.024614
616.7358,8.526692
617.2179,9.097817
617.7,9.491513
618.1821,9.768589
618.6642,10.15842
619.1464,10.73945
619.6285,11.31442
620.1106,11.64599
620.5927,11.84
621.0748,12.07837
621.5569,12.40945
622.0391,12.82562
622.5212,13.31317
623.0033,13.88458
623.4854,14.57752
623.9675,15.70958
624.4496,16.63765
624.9318,17.14158
625.4139,17.23036
625.896,17.26506
626.3781,17.12622
626.8602,17.20966
627.3423,17.90734
627.8245,19.19271
628.3066,20.0547
628.7887,20.41497
629.2708,20.69453
629.7529,21.29491
630.235,22.14532
630.7172,23.09774
631.1993,24.1078
631.6815,25.25196
632.1636,26.8572
632.6457,28.56769
633.1278,29.84267
633.6099,30.04927
634.092,30.32427
634.5742,31.02429
635.0563,32.06684
635.5384,33.0659
636.0205,33.7751
636.5026,34.8226
636.9847,36.53469
637.4669,38.81279
637.949,40.42735
638.4311,41.30655
638.9132,42.03352
639.3953,42.96127
639.8774,44.10041
640.3596,45.39573
640.8417,46.84744
641.3238,48.47032
641.8059,50.36429
642.288,52.36104
642.7701,54.16819
643.2523,55.6646
643.7344,57.27938
644.2165,59.3
644.6986,61.55029
645.1807,63.83453
645.6628,66.24802
646.145,68.60124
646.6271,70.91273
647.1092,73.14599
647.5913,75.06271
648.0734,76.43054
648.5555,78.26075
649.0377,81.07746
649.5198,84.61173
650.0019,87.62556
650.484,90.16216
650.9661,92.50394
651.4482,94.66421
651.9304,96.88128
652.4125,99.57542
652.8946,102.7275
653.3767,105.8591
653.8588,108.7221
654.3409,111.4472
654.8231,114.1445
655.3052,116.7731
655.7873,119.4814
656.2694,122.3276
656.7515,125.2446
657.2336,128.1606
657.7158,131.0565
658.1979,134.0154
658.68,137.1383
659.1621,140.2136
659.6442,142.8887
660.1263,145.1505
660.6085,147.0747
661.0906,148.5546
661.5727,149.8286
662.0548,151.4114
662.5369,153.2033
663.019,154.8262
663.5012,156.0771
663.9833,157.0855
664.4654,158.0461
664.9475,158.92
665.4296,159.4227
665.9117,159.4287
666.3939,159.1075
666.876,158.4497
667.3581,157.4305
667.8402,156.6367
668.3223,156.3117
668.8044,155.8478
669.2866,154.8927
669.7687,153.4321
670.2508,151.306
670.7329,148.4188
671.215,145.232
671.6971,142.0849
672.1793,138.9946
672.6614,136.1014
673.1435,133.4678
673.6256,130.8875
674.1077,128.2633
674.5898,125.5161
675.072,122.5547
675.5541,119.3626
676.0362,115.9504
676.5183,112.086
677.0004,108.031
677.4825,104.4447
677.9647,101.5667
678.4468,98.78532
678.929,95.98924
679.4111,93.17255
679.8932,90.08546
680.3753,86.68098
680.8574,83.37072
681.3395,80.26377
681.8217,77.43111
682.3038,75.32014
682.7859,73.86905
683.268,72.20185
683.7501,69.46419
684.2322,66.42585
684.7144,63.58178
685.1965,61.03134
685.6786,58.79686
686.1607,57.09206
686.6428,55.59868
687.1249,54.09036
687.6071,52.62413
688.0892,51.02671
688.5713,49.2496
689.0534,47.4229
689.5355,45.73159
690.0176,44.15538
690.4998,42.51034
690.9819,40.7513
691.464,38.9524
691.9461,37.13254
692.4282,35.39203
692.9103,33.98408
693.3925,33.29461
693.8746,32.61979
694.3567,31.51652
694.8388,30.12956
695.3209,28.80106
695.803,27.41321
696.2852,26.33126
696.7673,25.81762
697.2494,25.69368
697.7315,25.00784
698.2136,23.58857
698.6957,22.16457
699.1779,21.00736
699.66,20.10147
700.1421,19.54942
700.6242,19.32238
701.1063,18.89242
701.5884,17.65874
702.0706,16.13636
702.5527,14.98796
703.0348,14.26046
703.5169,13.52562
703.999,12.45682
704.4811,11.39297
704.9633,10.57487
705.4454,10.05925
705.9275,9.715941
706.4096,9.652268
706.8917,9.637562
707.3738,9.504145
707.856,9.263683
708.3381,8.811453
708.8202,8.116316
709.3023,7.291528
709.7844,6.334751
710.2665,5.363908
710.7487,4.707443
711.2308,4.523802
711.7129,4.497138
712.195,4.54205
712.6771,4.536134
713.1592,4.293003
713.6414,3.410787
714.1235,2.68701
714.6056,2.483434
715.0877,2.521263
715.5698,2.232834
716.0519,1.456514
716.5341,0.7737
717.0162,0.317189
717.4983,0.057240002
717.9804,0.022398001
718.4625,0.064274997
718.9446,0.137694
719.4268,0.088345997
719.9089,0.0086859995
720.391,0.0065250001
720.8731,0.080884002
721.3552,0.013044
721.8373,0.622628
722.3195,1.071282
722.8016,0.813088
723.2837,0.957566
723.7658,0.799054
724.2479,0.111643
724.73,0.739282
725.2122,0.418041
725.6943,0.874975
726.1765,0.749394
726.6586,0.661148
727.1407,0.039507002
727.6228,0.017403999
728.1049,0.449405
728.587,0.744953
729.0692,0.821685
729.5513,0.74376
730.0334,0.456577
730.5155,0.092588
730.9976,0.254374
731.4797,0.646924
731.9619,0.786546
732.444,0.3541
732.9261,0.161319
733.4082,0.37441
733.8903,0.163431
734.3724,0.065080002
734.8546,0.132394
735.3367,0.252107
735.8188,0.225082
736.3009,0.108917
736.783,0.214209
737.2651,0.677668
737.7473,0.220819
738.2294,0.202971
738.7115,0.400614
739.1936,0.438968
739.6757,0.048551999
740.1578,0.391445
740.64,0.237791
741.1221,0.12984
741.6042,0.201861
742.0863,0.226074
742.5684,0.472998
743.0505,0.347211
743.5327,0.066027001
744.0148,0.165834
744.4969,0.615212
744.979,1.011512
745.4611,1.193222
745.9432,1.265705
746.4254,1.30167
746.9075,1.338285
747.3896,1.472443
747.8717,1.997044
748.3538,2.3788
748.8359,2.202616
749.3181,1.630381
749.8002,1.51258
750.2823,2.17408
750.7644,2.760158
751.2465,2.969361
751.7286,2.901783
752.2108,3.035818
752.6929,3.374501
753.175,3.754646
753.6571,4.150556
754.1392,4.496845
754.6213,4.69752
755.1035,4.753213
755.5856,4.665289
756.0677,4.217333
756.5498,3.810267
757.0319,3.669409
757.514,3.81574
757.9962,4.090512
758.4783,4.540692
758.9604,5.027832
759.4425,5.556038
759.9246,6.112789
760.4067,6.297519
760.8889,6.076662
761.371,5.777709
761.8531,5.458672
762.3352,5.289412
762.8173,5.787796
763.2994,6.945699
763.7816,7.870998
764.2637,7.793355
764.7458,7.422698
765.2279,7.281205
765.71,7.480195
766.1921,7.603974
766.6743,7.488446
767.1564,7.462078
767.6385,7.171506
768.1206,7.788196
768.6027,8.19851
769.0848,8.41351
769.567,7.854355
770.0491,8.312865
770.5312,8.380922
771.0133,8.442199
771.4954,9.068753
771.9775,8.644552
772.4597,9.225866
772.9418,9.389447
773.424,9.740252
773.9061,9.690036
774.3882,9.77204
774.8703,10.41154
775.3524,10.85738
775.8345,11.10753
776.3167,11.16141
776.7988,11.03435
777.2809,10.72515
777.763,10.46373
778.2451,10.54745
778.7272,10.85367
779.2094,11.10518
779.6915,11.2576
780.1736,11.33937
780.6557,11.34198
781.1378,11.38084
781.6199,11.53879
782.1021,11.93156
782.5842,12.20956
783.0663,12.4793
783.5484,12.68336
784.0305,12.7189
784.5126,12.55491
784.9948,12.6605
785.4769,13.12293
785.959,13.64684
786.4411,13.97214
786.9232,14.12481
787.4053,14.09785
787.8875,13.81504
788.3696,13.60366
788.8517,13.76473
789.3338,13.4825
789.8159,13.87657
790.298,14.06171
790.7802,14.04873
791.2623,13.24591
791.7444,13.4465
792.2265,13.24036
792.7086,13.01386
793.1907,13.34521
793.6729,12.64011
794.155,12.95915
794.6371,12.86624
795.1192,12.95277
795.6013,12.66425
796.0834,12.5016
796.5656,12.73194
797.0477,12.73446
797.5298,12.5176
798.0119,12.3705
798.494,11.7995
798.9761,11.42991
799.4583,11.36997
799.9404,11.4718
800.4225,11.45144
800.9046,11.34338
801.3867,11.37459
801.8688,11.64362
802.351,11.91488
802.8331,12.00696
803.3152,11.93453
803.7973,11.71124
804.2794,11.26104
804.7615,10.79433
805.2437,10.26634
805.7258,9.789503
806.2079,9.520728
806.69,9.555525
807.1721,9.395123
807.6542,8.941038
808.1364,8.420305
808.6185,8.142307
809.1006,8.047078
809.5827,7.953112
810.0648,7.807406
810.5469,7.697604
811.0291,7.751533
811.5112,7.849585
811.9933,7.853238
812.4754,7.710911
812.9575,7.496755
813.4396,7.144397
813.9218,6.79251
814.4039,6.675725
814.886,6.826144
815.3681,6.616282
815.8502,5.912446
816.3323,5.1264
816.8145,4.817477
817.2966,4.749599
817.7787,4.449349
818.2608,3.697412
818.7429,3.09449
819.2251,2.922297
819.7072,3.039564
820.1893,3.364027
820.6714,4.270488
821.1536,4.471557
821.6357,3.689237
822.1178,2.697111
822.5999,2.374958
823.082,2.624513
823.5641,2.799101
824.0463,2.820989
824.5284,2.791065
825.0105,2.892879
825.4926,2.949027
825.9747,2.724824
826.4568,2.093438
826.939,1.469347
827.4211,0.81393
827.9032,0.301157
828.3853,0.028310001
828.8674,0.016838999
829.3495,0.362862
829.8317,1.285909
830.3138,2.108387
830.7959,2.058271
831.278,1.470556
831.7601,1.020688
832.2422,0.784392
832.7244,0.679073
833.2065,0.897896
833.6886,1.057979
834.1707,0.780826
834.6528,0.174419
835.1349,0.0055689998
835.6171,0.033909999
836.0992,0.326795
836.5813,0.187151
837.0634,0.908236
837.5455,0.833573
838.0276,0.05511
838.5098,0.181654
838.9919,0.037138
839.474,0.058488
839.9561,0.086209998
840.4382,0.230148
840.9203,0.135698
841.4025,0.091013998
841.8846,0.103655
842.3667,0.123534
842.8488,0.148585
843.3309,0.017634001
843.813,0.439294
844.2952,0.692769
844.7773,0.355097
845.2594,0.276518
845.7415,0.1441
846.2236,0.266866
846.7057,0.122114
847.1879,0.284654
847.67,0.055296
848.1521,0.182357
848.6342,0.399429
849.1163,0.583288
849.5984,0.724604
850.0806,0.842642
850.5627,0.917153
851.0448,0.983851
851.5269,1.206949
852.009,1.563244
852.4911,1.884524
852.9733,2.104635
853.4554,2.180845
853.9375,1.951569
854.4196,1.558601
854.9017,1.332945
855.3839,1.60502
855.866,1.75592
856.3481,1.575435
856.8302,1.256658
857.3123,1.175649
857.7944,1.32334
858.2766,1.672141
858.7587,2.331527
859.2408,2.965349
859.7229,2.910096
860.205,2.460788
860.6871,2.171484
861.1693,2.316965
861.6514,2.452515
862.1335,2.459032
862.6156,2.378646
863.0977,2.249791
863.5798,1.940606
864.062,1.805269
864.5441,1.952132
865.0262,2.225762
865.5083,2.497917
865.9904,2.691759
866.4726,2.639402
866.9547,2.25826
867.4368,2.001389
867.9189,2.431834
868.4011,2.998398
868.8832,3.150779
869.3653,2.541927
869.8474,2.242806
870.3295,2.384957
870.8116,2.640746
871.2938,2.667578
871.7759,2.510507
872.258,2.628642
872.7401,3.050942
873.2222,3.53392
873.7043,3.924899
874.1865,4.21321
874.6686,4.400435
875.1507,4.495832
875.6328,4.500898
876.1149,4.360529
876.597,4.180686
877.0792,3.970793
877.5613,3.741313
878.0434,3.668418
878.5255,3.767447
879.0076,3.778222
879.4897,3.382345
879.9719,2.898382
880.454,2.874079
880.9361,3.17845
881.4182,3.358275
881.9003,2.904902
882.3824,2.658731
882.8646,3.13478
883.3467,3.99201
883.8288,4.325229
884.3109,4.029628
884.793,3.801797
885.2751,3.837338
885.7573,3.989224
886.2394,3.971382
886.7215,3.888297
887.2036,4.020273
887.6857,4.660756
888.1678,5.189138
888.65,5.283066
889.1321,5.115182
889.6142,4.914431
890.0963,4.661299
890.5784,4.476051
891.0605,4.401849
891.5427,4.341063
892.0248,4.128119
892.5069,3.777683
892.989,3.437303
893.4711,3.143861
893.9532,2.90684
894.4354,2.77836
894.9175,2.73114
895.3996,2.748904
895.8817,2.80803
896.3638,2.898427
896.8459,3.184154
897.3281,3.32635
897.8102,2.866768
898.2923,1.97064
898.7744,1.888681
899.2565,2.561049
899.7386,3.132564
900.2208,2.843143
900.7029,2.426409
901.185,2.500141
901.6671,2.970483
902.1492,3.199629
902.6313,3.133836
903.1135,2.890988
903.5956,2.441562
904.0777,1.840106
904.5598,1.297087
905.0419,0.82941
905.524,0.597231
906.0062,0.762925
906.4883,0.959361
906.9704,0.741352
907.4525,0.366571
907.9346,0.251529
908.4167,1.025734
908.8989,1.282442
909.381,0.662455
909.8631,0.017547
910.3452,0.171878
910.8273,0.0054879999
911.3094,0.228178
911.7916,0.177944
912.2737,0.024859
912.7558,0.10603
913.238,0.060164999
913.7201,0.122791
914.2022,0.432591
914.6843,0.501531
915.1664,0.043287002
915.6486,0.001433
916.1307,0.040477
916.6128,0.142649
917.0949,0.193291
917.577,0.579051
918.0591,0.719525
918.5413,0.049428001
919.0234,0.197393
919.5055,0.054299999
919.9876,0.488588
920.4697,0.952507
920.9518,0.153377
921.434,0.213597
921.9161,0.248401
922.3982,0.89305
922.8803,1.120807
923.3624,0.464508
923.8445,0.073815003
924.3267,0.189799
924.8088,0.126069
925.2909,0.106513
925.773,0.100669
926.2551,0.054653
926.7372,0.162513
927.2194,0.197049
927.7015,0.074979998
928.1836,0.40748
928.6657,0.120967
929.1478,0.107756
929.6299,0.102605
930.1121,0.159238
930.5942,0.403275
931.0763,0.34081
931.5584,0.169045
932.0405,0.097075
932.5226,0.145412
933.0048,0.198149
933.4869,0.2465
933.969,0.27515
934.4511,0.264616
934.9332,0.232187
935.4153,0.295929
935.8975,0.449395
936.3796,0.532429
936.8617,0.446012
937.3438,0.286704
937.8259,0.185485
938.308,0.079162002
938.7902,0.154808
939.2723,0.878093
939.7544,1.254644
940.2365,1.041077
940.7186,0.632756
941.2007,0.633029
941.6829,0.994619
942.165,1.10252
942.6471,0.841454
943.1292,0.602308
943.6113,0.828616
944.0934,1.199686
944.5756,1.428806
945.0577,1.477273
945.5398,1.324672
946.0219,0.812298
946.504,0.38262
946.9861,0.330177
947.4683,0.562078
947.9504,0.426687
948.4325,0.016974
948.9146,0.259394
949.3967,0.255903
949.8788,0.844365
950.361,0.954147
950.8431,0.730435
951.3252,0.623923
951.8073,0.795816
952.2894,0.852038
952.7715,0.690021
953.2537,0.459713
953.7358,0.479902
954.2179,0.659655
954.7,0.559638
955.1821,0.0020079999
955.6642,0.401869
956.1464,0.086401999
956.6285,0.491058
957.1106,0.957858
957.5927,1.308722
958.0748,1.359255
958.5569,0.953137
959.0391,0.666597
959.5212,1.03269
960.0033,1.783571
960.4855,2.090314
960.9676,2.019746
961.4497,1.955037
961.9318,1.317863
962.4139,1.890651
962.8961,2.258224
963.3782,2.431455
963.8603,1.825987
964.3424,2.227788
964.8245,2.226906
965.3066,2.210154
965.7888,2.754839
966.2709,2.266207
966.753,2.804198
967.2351,2.933323
967.7172,3.233689
968.1993,4.242368
968.6815,3.724603
969.1636,4.313721
969.6457,4.696409
970.1278,4.878354
970.6099,4.272536
971.092,4.67323
971.5742,4.67486
972.0563,4.651432
972.5384,5.187523
973.0205,4.701378
973.5026,5.248203
973.9847,5.38886
974.4669,5.703724
974.949,5.61855
975.4311,5.644602
975.9132,6.071597
976.3953,6.296456
976.8774,6.182651
977.3596,6.523919
977.8417,5.94849
978.3238,6.015271
978.8059,6.91036
979.288,7.933764
979.7701,8.227751
980.2523,7.378309
980.7344,6.754473
981.2165,6.410017
981.6986,6.360117
982.1807,6.734188
982.6628,7.409333
983.145,7.820328
983.6271,7.987622
984.1092,8.046713
984.5913,8.131183
985.0734,8.064262
985.5555,7.488468
986.0377,6.710344
986.5198,6.63625
987.0019,7.559481
987.484,8.151758
987.9661,8.154872
988.4482,7.883772
988.9304,7.684594
989.4125,7.582415
989.8946,7.646395
990.3767,7.916466
990.8588,8.114096
991.3409,8.132833
991.8231,8.036069
992.3052,7.868701
992.7873,7.634407
993.2694,7.193454
993.7515,6.523648
994.2336,6.127251
994.7158,6.568779
995.1979,7.188504
995.68,7.078864
996.1621,6.551791
996.6442,6.336202
997.1263,7.146563
997.6085,7.51728
998.0906,7.111937
998.5727,6.478303
999.0548,6.400903
999.5369,6.760931
1000.019,6.687437
1000.501,6.043884
1000.983,5.664128
1001.465,6.647407
1001.948,7.744301
1002.43,7.814548
1002.912,6.790191
1003.394,6.477544
1003.876,7.169707
1004.358,7.587566
1004.84,7.08709
1005.322,6.204632
1005.804,5.941866
1006.287,6.149471
1006.769,6.44869
1007.251,6.710981
1007.733,7.061484
1008.215,7.616167
1008.697,8.22893
1009.179,8.820356
1009.661,9.407239
1010.144,9.679201
1010.626,9.607867
1011.108,9.519291
1011.59,9.766832
1012.072,10.06317
1012.554,9.963789
1013.036,9.554774
1013.518,9.637163
1014.0,10.71468
1014.483,11.6732
1014.965,12.24955
1015.447,12.56857
1015.929,12.7438
1016.411,12.87544
1016.893,13.37478
1017.375,14.44738
1017.857,15.5511
1018.34,16.34298
1018.822,17.02488
1019.304,17.79245
1019.786,18.67041
1020.268,19.47685
1020.75,20.21928
1021.232,20.83538
1021.714,21.28363
1022.196,21.58208
1022.679,21.6531
1023.161,21.59088
1023.643,21.66737
1024.125,21.90532
1024.607,22.42028
1025.089,23.36923
1025.571,24.43055
1026.053,25.15214
1026.536,25.55861
1027.018,25.93192
1027.5,26.3119
1027.982,26.56352
1028.464,26.4641
1028.946,26.29407
1029.428,26.26995
1029.91,26.41486
1030.392,26.67367
1030.875,27.1268
1031.357,27.45353
1031.839,27.53116
1032.321,27.38024
1032.803,26.90735
1033.285,26.23351
1033.767,25.66175
1034.249,25.27546
1034.732,24.97513
1035.214,24.97356
1035.696,24.86798
1036.178,24.3063
1036.66,23.28286
1037.142,22.48128
1037.624,21.88794
1038.106,21.35804
1038.589,21.05304
1039.071,20.68427
1039.553,19.92344
1040.035,18.92303
1040.517,18.20466
1040.999,17.85723
1041.481,17.63862
1041.963,17.52629
1042.445,17.41734
1042.927,17.20694
1043.41,16.86701
1043.892,16.27955
1044.374,15.43421
1044.856,14.62422
1045.338,13.88208
1045.82,13.27031
1046.302,12.83383
1046.784,12.55432
1047.267,12.3531
1047.749,12.21275
1048.231,11.97973
1048.713,11.59624
1049.195,11.16706
1049.677,10.77533
1050.159,10.37209
1050.641,9.848828
1051.124,9.037665
1051.606,8.606876
1052.088,8.637815
1052.57,8.706975
1053.052,8.546649
1053.534,8.200216
1054.016,7.591203
1054.498,6.817277
1054.98,6.309951
1055.463,6.542971
1055.945,6.643919
1056.427,6.396815
1056.909,5.968826
1057.391,5.525139
1057.873,5.073187
1058.355,4.881703
1058.837,5.005109
1059.319,5.151054
1059.802,5.039385
1060.284,4.92685
1060.766,5.073164
1061.248,5.447415
1061.73,5.511045
1062.212,5.164573
1062.694,4.840633
1063.176,4.772415
1063.659,4.815763
1064.141,4.735445
1064.623,4.56284
1065.105,4.423734
1065.587,4.280526
1066.069,4.372662
1066.551,4.955222
1067.033,5.408872
1067.516,5.10536
1067.998,4.240136
1068.48,4.044408
1068.962,4.388375
1069.444,4.52664
1069.926,3.585912
1070.408,2.822472
1070.89,3.11188
1071.372,3.854391
1071.854,4.17718
1072.337,4.050799
1072.819,3.456184
1073.301,2.329197
1073.783,1.4308
1074.265,1.725812
1074.747,2.43107
1075.229,2.844695
1075.711,2.915134
1076.194,2.771165
1076.676,2.345898
1077.158,1.916735
1077.64,1.527914
1078.122,1.235768
1078.604,1.206622
1079.086,1.326372
1079.568,1.359225
1080.051,1.23623
1080.533,1.073074
1081.015,0.843641
1081.497,0.657346
1081.979,0.587942
1082.461,0.616256
1082.943,0.629025
1083.425,0.623359
1083.907,0.535782
1084.39,0.210382
1084.872,0.062442001
1085.354,0.016882
1085.836,0.193513
1086.318,0.113591
1086.8,0.319033
1087.282,0.662206
1087.764,0.414958
1088.247,0.301225
1088.729,0.57236
1089.211,0.330767
1089.693,0.309512
1090.175,0.555034
1090.657,0.496127
1091.139,0.543514
1091.621,0.386014
1092.104,0.10894
1092.586,0.515844
1093.068,0.276815
1093.55,0.39063
1094.032,0.106468
1094.514,0.899501
1094.996,1.192366
1095.478,0.269313
1095.96,0.267599
1096.443,0.32777
1096.925,0.59015
1097.407,0.582195
1097.889,0.322922
1098.371,0.062797002
1098.853,0.213295
1099.335,0.219122
1099.817,0.341641
1100.299,0.19821
1100.782,0.314705
1101.264,0.489922
1101.746,0.614736
1102.228,0.130374
1102.71,0.060911998
1103.192,0.076578997
1103.674,0.186481
1104.156,0.115102
1104.639,0.226942
1105.121,0.29099
1105.603,0.182968
1106.085,0.201063
1106.567,0.159999
1107.049,0.059997998
1107.531,0.203453
1108.013,0.288959
1108.495,0.394282
1108.978,0.496277
1109.46,0.495647
1109.942,0.227505
1110.424,0.032042999
1110.906,0.000749
1111.388,0.019384
1111.87,0.059916999
1112.352,0.15647
1112.834,0.052280001
1113.317,0.289264
1113.799,0.381498
1114.281,0.019409999
1114.763,0.021736
1115.245,0.023159999
1115.727,0.048661999
1116.209,0.211377
1116.691,0.493929
1117.174,0.486164
1117.656,0.072126999
1118.138,0.112749
1118.62,0.397031
1119.102,0.414368
1119.584,0.0073409998
1120.066,1.20413
1120.548,1.323873
1121.031,0.154859
1121.513,0.530512
1121.995,0.411656
1122.477,0.069214001
1122.959,0.209682
1123.441,0.330046
1123.923,0.360746
1124.405,0.198949
1124.887,0.380324
1125.37,1.099831
1125.852,1.624905
1126.334,1.338738
1126.816,0.702149
1127.298,0.780185
1127.78,1.285741
1128.262,1.532281
1128.744,0.785149
1129.227,0.536329
1129.709,1.1815
1130.191,1.933172
1130.673,2.043244
1131.155,1.690667
1131.637,1.559795
1132.119,1.63634
1132.601,1.742973
1133.083,1.712918
1133.566,1.806156
1134.048,2.314585
1134.53,2.810081
1135.012,2.590539
1135.494,1.744431
1135.976,1.188013
1136.458,0.998328
1136.94,1.029203
1137.422,1.323294
1137.905,1.665832
1138.387,1.992801
1138.869,2.254053
1139.351,2.328084
1139.833,2.217311
1140.315,1.893057
1140.797,1.273423
1141.279,0.984856
1141.762,2.124722
1142.244,3.423696
1142.726,3.59728
1143.208,2.686137
1143.69,2.482701
1144.172,3.181797
1144.654,3.37073
1145.136,1.204749
1145.619,1.705708
1146.101,2.00239
1146.583,2.095019
1147.065,1.423512
1147.547,1.758982
1148.029,1.674784
1148.511,1.574913
1148.993,2.034004
1149.475,1.46806
1149.958,1.95049
1150.44,2.022781
1150.922,2.539549
1151.404,2.388089
1151.886,2.593875
1152.368,2.666816
1152.85,2.634666
1153.332,2.513609
1153.814,2.09686
1154.297,1.598603
1154.779,1.628991
1155.261,2.020579
1155.743,2.319807
1156.225,2.136132
1156.707,2.182348
1157.189,2.794034
1157.671,3.302949
1158.154,2.968412
1158.636,2.055947
1159.118,1.785864
1159.6,2.030199
1160.082,2.193513
1160.564,1.838347
1161.046,1.576897
1161.528,1.663492
1162.01,1.837486
1162.493,1.697669
1162.975,1.336394
1163.457,1.542945
1163.939,2.277718
1164.421,2.715258
1164.903,2.007873
1165.385,1.324494
1165.867,1.192102
1166.349,1.401457
1166.832,1.750545
1167.314,2.215455
1167.796,2.268775
1168.278,1.831975
1168.76,1.53053
1169.242,2.155789
1169.724,2.713159
1170.206,2.416584
1170.689,1.658297
1171.171,1.34453
1171.653,1.459399
1172.135,1.625494
1172.617,1.777575
1173.099,1.910843
1173.581,2.109392
1174.063,2.21642
1174.546,1.996075
1175.028,1.534203
1175.51,1.228384
1175.992,1.072424
1176.474,0.992417
1176.956,0.977088
1177.438,1.082868
1177.92,1.508348
1178.402,1.917785
1178.885,1.960267
1179.367,1.617812
1179.849,1.37121
1180.331,1.244237
1180.813,1.065246
1181.295,0.651386
1181.777,0.321679
1182.259,0.531333
1182.742,0.978293
1183.224,1.352821
1183.706,1.622416
1184.188,1.660762
1184.67,1.412875
1185.152,1.308292
1185.634,1.689249
1186.116,2.035918
1186.599,1.514502
1187.081,0.692633
1187.563,0.41345
1188.045,0.941209
1188.527,1.194035
1189.009,1.138453
1189.491,0.969473
1189.973,0.706992
1190.455,0.493621
1190.938,0.527594
1191.42,0.72532
1191.902,0.966901
1192.384,1.271874
1192.866,1.516702
1193.348,1.72285
1193.83,1.740306
1194.312,1.375307
1194.794,0.875325
1195.277,0.344531
1195.759,0.086179003
1196.241,0.037207998
1196.723,0.895484
1197.205,1.441575
1197.687,1.527092
1198.169,1.484908
1198.651,1.551263
1199.134,1.650501
1199.616,1.722821
1200.098,1.749043
1200.58,1.705447
1201.062,1.59357
1201.544,1.339451
1202.026,0.853594
1202.508,0.600485
1202.99,1.265679
1203.473,2.203513
1203.955,2.486182
1204.437,2.274752
1204.919,2.202539
1205.401,2.566051
1205.883,2.556587
1206.365,2.029107
1206.847,1.47057
1207.329,1.282725
1207.812,1.371984
1208.294,1.845155
1208.776,2.51509
1209.258,2.558218
1209.74,1.603397
1210.222,0.83015
1210.704,0.358568
1211.186,0.097388998
1211.669,0.078841999
1212.151,0.093327999
1212.633,0.360028
1213.115,1.139734
1213.597,1.348726
1214.079,0.718031
1214.561,0.204964
1215.043,0.100051
1215.526,0.139024
1216.008,0.372331
1216.49,0.999196
1216.972,1.177475
1217.454,0.94144
1217.936,0.793992
1218.418,0.81929
1218.9,0.724173
1219.382,0.417191
1219.865,0.173053
1220.347,0.344318
1220.829,0.705656
1221.311,1.151486
1221.793,1.594616
1222.275,1.505683
1222.757,0.644719
1223.239,0.236879
1223.722,0.595432
1224.204,1.045741
1224.686,0.615894
1225.168,0.030138001
1225.65,0.179488
1226.132,1.022533
1226.614,1.303669
1227.096,0.903105
1227.578,0.558945
1228.061,0.431616
1228.543,0.383116
1229.025,0.100384
1229.507,0.045517001
1229.989,0.555454
1230.471,1.76888
1230.953,2.087048
1231.435,1.399807
1231.917,0.775328
1232.4,0.433699
1232.882,0.323202
1233.364,0.581143
1233.846,0.89362
1234.328,0.917143
1234.81,0.714791
1235.292,0.791353
1235.774,1.169583
1236.257,1.303255
1236.739,1.037244
1237.221,0.636214
1237.703,0.129946
1238.185,0.255193
1238.667,0.261094
1239.149,0.018347999
1239.631,0.228934
1240.114,0.372666
1240.596,0.53637
1241.078,0.752858
1241.56,0.904501
1242.042,0.828933
1242.524,0.726747
1243.006,0.751893
1243.488,0.854022
1243.97,0.8148
1244.453,0.670409
1244.935,0.809423
1245.417,1.42602
1245.899,1.803631
1246.381,1.222654
1246.863,0.559914
1247.345,0.303049
1247.827,0.350425
1248.309,0.426277
1248.792,0.527694
1249.274,0.639202
1249.756,0.7798
1250.238,0.912585
1250.72,1.196377
1251.202,1.205176
1251.684,0.605667
1252.166,0.234369
1252.649,0.301167
1253.131,0.18473
1253.613,0.558698
1254.095,0.659096
1254.577,0.799057
1255.059,1.22239
1255.541,1.47687
1256.023,1.354595
1256.505,1.030681
1256.988,0.760408
1257.47,0.587986
1257.952,0.695723
1258.434,1.153488
1258.916,1.423803
1259.398,1.382683
1259.88,1.304068
1260.362,1.239099
1260.844,1.218826
1261.327,1.362635
1261.809,1.553239
1262.291,1.592405
1262.773,1.43276
1263.255,1.276894
1263.737,1.15062
1264.219,0.989651
1264.701,0.771219
1265.184,0.567717
1265.666,0.486944
1266.148,0.462708
1266.63,0.376146
1267.112,0.214289
1267.594,0.517334
1268.076,1.390059
1268.558,1.902118
1269.041,1.728737
1269.523,1.310709
1270.005,1.033628
1270.487,0.714999
1270.969,0.039645001
1271.451,0.070280999
1271.933,0.088085003
1272.415,0.526142
1272.897,1.31231
1273.38,1.370241
1273.862,1.189988
1274.344,0.879194
1274.826,0.709086
1275.308,0.951787
1275.79,1.415924
1276.272,1.38652
1276.754,0.964538
1277.237,0.722573
1277.719,0.721879
1278.201,0.766659
1278.683,0.663605
1279.165,0.377889
1279.647,0.256778
1280.129,0.265058
1280.611,0.088596001
1281.094,0.037955001
1281.576,0.648403
1282.058,1.012483
1282.54,1.230633
1283.022,1.288001
1283.504,1.273679
1283.986,1.195272
1284.468,1.075732
1284.95,0.887251
1285.432,0.728924
1285.915,0.752642
1286.397,0.970285
1286.879,1.233092
1287.361,1.388518
1287.843,1.523305
1288.325,1.275027
1288.807,0.95331
1289.289,0.791372
1289.772,0.848166
1290.254,1.392425
1290.736,2.27945
1291.218,2.383257
1291.7,1.401572
1292.182,0.988871
1292.664,0.930607
1293.146,0.890722
1293.629,0.531273
1294.111,0.165821
1294.593,0.065736003
1295.075,0.143823
1295.557,0.200148
1296.039,0.219764
1296.521,0.192954
1297.003,0.129064
1297.485,0.147932
1297.968,0.316948
1298.45,0.427922
1298.932,0.40491
1299.414,0.329929
1299.896,0.148462
1300.378,0.010836
1300.86,0.267041
1301.342,0.968747
1301.824,0.884205
1302.307,0.0
1500.0,0.0
