WavwNum_Chromite,value_Chromite
100.0,0.0
226.1141,0.0
226.5962,1.493896
227.0783,2.009521
227.5604,2.329163
228.0425,1.429382
228.5247,0.318848
229.0068,0.093445003
229.4889,1.007813
229.971,2.890564
230.4531,3.49292
230.9352,2.068115
231.4174,0.487061
231.8995,0.224182
232.3816,0.949341
232.8637,1.819763
233.3458,2.642761
233.8279,3.320923
234.3101,3.450012
234.7922,2.648376
235.2743,1.926636
235.7564,1.825989
236.2385,2.205933
236.7206,2.820801
237.2028,3.77594
237.6849,4.871948
238.167,5.199646
238.6491,4.456726
239.1312,3.438232
239.6133,2.734619
240.0955,2.359802
240.5776,2.481323
241.0597,2.455139
241.5418,2.603394
242.0239,2.865601
242.506,3.420593
242.9882,3.822327
243.4703,3.984497
243.9524,3.927612
244.4345,3.581604
244.9166,2.85144
245.3987,1.914429
245.8809,1.655701
246.363,2.795715
246.8451,3.696594
247.3272,3.992737
247.8093,3.928223
248.2914,3.896606
248.7736,4.139282
249.2557,4.457092
249.7378,3.998169
250.2199,1.355164
250.702,0.329834
251.1841,0.0087890001
251.6663,1.257751
252.1484,2.29071
252.6305,2.528809
253.1126,2.121826
253.5947,1.52002
254.0768,0.054565001
254.559,0.744995
255.0411,0.276794
255.5232,0.698975
256.0053,1.287354
256.4874,1.111572
256.9695,0.56488
257.4517,0.528137
257.9338,1.810486
258.4159,2.668945
258.898,2.966553
259.3801,2.887024
259.8622,2.513855
260.3444,1.888306
260.8265,1.219604
261.3086,0.892822
261.7907,1.121643
262.2728,1.392273
262.7549,1.748108
263.2371,2.113708
263.7192,2.501282
264.2013,2.909424
264.6834,3.115601
265.1655,2.689453
265.6476,1.074158
266.1298,0.307495
266.6119,1.012146
267.094,2.262756
267.5761,3.326416
268.0582,4.022278
268.5403,4.356384
269.0225,4.245667
269.5046,3.529236
269.9867,3.154419
270.4688,3.638672
270.9509,4.175293
271.433,3.911316
271.9152,2.792542
272.3973,1.618835
272.8794,1.148071
273.3615,1.458191
273.8436,1.702637
274.3257,1.867737
274.8079,1.965271
275.29,1.882507
275.7721,1.649719
276.2542,1.606567
276.7363,2.060242
277.2184,2.971619
277.7006,3.773865
278.1827,4.785278
278.6648,5.545044
279.1469,5.24823
279.629,4.023682
280.1111,3.03418
280.5933,2.957764
281.0754,3.707275
281.5575,4.662292
282.0396,6.489319
282.5217,7.782166
283.0038,7.245789
283.486,5.223694
283.9681,3.509155
284.4502,2.934021
284.9323,3.11499
285.4144,3.159729
285.8965,3.09021
286.3787,2.86731
286.8608,2.234619
287.3429,1.395264
287.825,1.009094
288.3071,1.419434
288.7892,2.215637
289.2714,2.830383
289.7535,3.265076
290.2356,3.573853
290.7177,3.815674
291.1998,3.945923
291.6819,3.78302
292.1641,3.153137
292.6462,2.49707
293.1283,2.391052
293.6104,2.772339
294.0925,3.086243
294.5746,2.884399
295.0568,2.387146
295.5389,2.20697
296.021,2.533752
296.5031,3.087769
296.9852,3.840698
297.4673,4.674438
297.9495,5.186279
298.4316,5.099243
298.9137,4.672546
299.3958,4.276306
299.8779,3.930481
300.36,3.556946
300.8422,3.040833
301.3243,2.4729
301.8064,2.01239
302.2885,1.627136
302.7706,1.430237
303.2527,1.682739
303.7349,2.428223
304.217,2.997925
304.6991,2.952576
305.1812,2.609375
305.6633,2.394287
306.1454,2.405151
306.6276,2.4375
307.1097,2.278137
307.5918,1.943176
308.0739,1.662537
308.556,1.391235
309.0381,1.335632
309.5203,1.724426
310.0024,2.60144
310.4845,3.384949
310.9666,3.570251
311.4487,3.282654
311.9308,3.164917
312.413,3.443176
312.8951,3.752686
313.3772,3.638184
313.8593,3.138062
314.3414,2.646729
314.8235,2.080505
315.3057,1.675537
315.7878,2.328247
316.2699,4.714111
316.752,6.670593
317.2341,5.958191
317.7162,3.622253
318.1984,1.888733
318.6805,1.870422
319.1626,2.771362
319.6447,3.453369
320.1268,3.93158
320.6089,4.13324
321.0911,3.850891
321.5732,3.318298
322.0553,2.749268
322.5374,1.921448
323.0195,1.4599
323.5016,2.512207
323.9838,5.105469
324.4659,6.813354
324.948,6.124451
325.4301,4.437012
325.9122,3.494629
326.3943,3.468567
326.8765,3.711853
327.3586,3.943115
327.8407,4.110413
328.3228,3.878906
328.8049,3.009521
329.287,1.931885
329.7692,0.998413
330.2513,0.211365
330.7334,0.300232
331.2155,0.387878
331.6976,0.156555
332.1797,0.193481
332.6619,0.694092
333.144,1.162354
333.6261,1.474243
334.1082,1.645081
334.5903,1.66449
335.0724,1.290649
335.5546,0.909546
336.0367,1.173706
336.5188,2.133301
337.0009,2.871765
337.483,2.632629
337.9651,1.870789
338.4473,1.444458
338.9294,1.517944
339.4115,1.831116
339.8936,2.421631
340.3757,3.221924
340.8578,3.499023
341.34,2.681335
341.8221,1.442627
342.3042,0.881714
342.7863,1.101257
343.2684,1.392822
343.7505,1.330566
344.2327,1.058838
344.7148,0.930969
345.1969,1.00238
345.679,1.284241
346.1611,2.044434
346.6432,3.188171
347.1254,3.891968
347.6075,3.73822
348.0896,3.128357
348.5717,2.501282
349.0538,1.888062
349.5359,1.302124
350.0181,0.739075
350.5002,0.212891
350.9823,0.238037
351.4644,0.989319
351.9465,1.33844
352.4286,0.37677
352.9108,1.576904
353.3929,2.943726
353.875,2.81366
354.3571,1.760254
354.8392,1.21283
355.3214,1.278748
355.8035,1.50354
356.2856,1.928223
356.7677,2.368591
357.2498,2.400269
357.7319,1.84613
358.2141,1.174011
358.6962,1.061157
359.1783,1.603394
359.6604,2.08136
360.1425,2.589783
360.6246,2.896423
361.1068,2.637207
361.5889,1.82959
362.071,1.032837
362.5531,0.698059
363.0352,0.839966
363.5173,1.106873
363.9995,1.794678
364.4816,2.308655
364.9637,2.229797
365.4458,1.737183
365.9279,1.271301
366.41,1.037781
366.8922,1.035095
367.3743,1.291687
367.8564,2.13269
368.3385,2.746399
368.8206,2.954468
369.3027,2.9104
369.7849,2.726929
370.267,2.448975
370.7491,2.179199
371.2312,2.06311
371.7133,2.150269
372.1954,2.264221
372.6776,2.561157
373.1597,2.754272
373.6418,2.558838
374.1239,2.060425
374.606,1.647644
375.0881,1.655457
375.5703,2.066895
376.0524,2.199463
376.5345,1.901611
377.0166,1.52179
377.4987,1.042297
377.9808,0.550598
378.463,0.1427
378.9451,0.137207
379.4272,0.283142
379.9093,0.268494
380.3914,0.044799998
380.8735,0.286438
381.3557,0.433472
381.8378,0.526245
382.3199,0.589111
382.802,0.628052
383.2841,0.640869
383.7662,0.613464
384.2484,0.527283
384.7305,0.504333
385.2126,0.463928
385.6947,0.564514
386.1768,0.947876
386.6589,1.505981
387.1411,2.027832
387.6232,2.380005
388.1053,2.590271
388.5874,2.817139
389.0695,3.230286
389.5516,3.40863
390.0338,3.267822
390.5159,2.885315
390.998,2.23114
391.4801,1.30188
391.9622,0.383179
392.4443,0.222229
392.9265,0.517029
393.4086,0.468628
393.8907,0.289185
394.3728,1.095154
394.8549,1.666077
395.337,1.968994
395.8192,1.961182
396.3013,1.464294
396.7834,0.6427
397.2655,0.001709
397.7476,0.494873
398.2297,0.737915
398.7119,0.434998
399.194,0.072571002
399.6761,0.318726
400.1582,0.102356
400.6403,0.218506
401.1224,0.295105
401.6046,0.147949
402.0867,0.00091599999
402.5688,0.031799
403.0509,0.101929
403.533,0.465027
404.0151,1.133545
404.4973,1.604248
404.9794,1.547668
405.4615,1.182312
405.9436,0.865845
406.4257,0.641663
406.9078,0.469177
407.39,0.316589
407.8721,0.188965
408.3542,0.107544
408.8363,0.134399
409.3184,0.125916
409.8005,0.001892
410.2827,0.127808
410.7648,0.092101999
411.2469,0.135315
411.729,0.441406
412.2111,0.53656
412.6932,0.258301
413.1754,0.189148
413.6575,0.650635
414.1396,1.246887
414.6217,1.516113
415.1038,1.397766
415.5859,1.226196
416.0681,1.370361
416.5502,1.894531
417.0323,1.978149
417.5144,1.071594
417.9965,0.357422
418.4786,0.49823
418.9608,1.163635
419.4429,1.690369
419.925,1.733276
420.4071,1.420471
420.8892,1.099609
421.3713,0.517761
421.8535,0.354492
422.3356,1.10022
422.8177,1.912781
423.2998,2.039612
423.7819,1.455933
424.264,0.76416
424.7462,0.603149
425.2283,1.014221
425.7104,1.338745
426.1925,1.671021
426.6746,1.791687
427.1567,1.481567
427.6389,0.961182
428.121,0.509705
428.6031,0.228516
429.0852,0.187622
429.5673,0.660156
430.0494,1.875549
430.5316,2.792969
431.0137,3.055481
431.4958,3.010742
431.9779,2.694458
432.46,2.166626
432.9421,1.815002
433.4243,2.154968
433.9064,2.977844
434.3885,3.2547
434.8706,2.723633
435.3527,2.098145
435.8348,1.698181
436.317,1.501526
436.7991,1.564758
437.2812,2.110413
437.7633,2.649414
438.2454,2.644043
438.7275,2.167847
439.2097,1.807617
439.6918,1.809021
440.1739,1.941284
440.656,1.781372
441.1381,1.277344
441.6202,1.058899
442.1024,1.529602
442.5845,2.251343
443.0666,2.819092
443.5487,3.175354
444.0308,3.177368
444.5129,2.549622
444.9951,1.442627
445.4772,1.225281
445.9593,2.890015
446.4414,4.158691
446.9235,4.142395
447.4056,3.356567
447.8878,2.478516
448.3699,1.751587
448.852,1.239441
449.3341,1.029663
449.8162,1.117004
450.2983,1.558044
450.7805,2.902283
451.2626,4.069885
451.7447,4.360657
452.2268,3.971436
452.7089,3.636414
453.191,3.870911
453.6732,4.491577
454.1553,4.701599
454.6374,4.161804
455.1195,3.771729
455.6016,3.816345
456.0837,3.943054
456.5659,3.856934
457.048,3.513977
457.5301,3.108459
458.0122,2.680725
458.4943,2.230103
458.9764,2.582947
459.4586,4.478943
459.9407,6.126038
460.4228,6.307495
460.9049,5.672791
461.387,5.436218
461.8691,6.281311
462.3513,7.257935
462.8334,7.049561
463.3155,5.706665
463.7976,4.534058
464.2797,3.926941
464.7618,3.679993
465.244,3.544861
465.7261,3.518738
466.2082,3.559021
466.6903,3.849792
467.1724,4.096252
467.6545,3.723511
468.1367,2.748108
468.6188,2.138062
469.1009,2.713013
469.583,4.131775
470.0651,4.687744
470.5472,3.430603
471.0294,2.630188
471.5115,3.277588
471.9936,4.521057
472.4757,5.296509
472.9578,5.331116
473.4399,5.024902
473.9221,4.858521
474.4042,4.8927
474.8863,4.698547
475.3684,4.066223
475.8505,3.451172
476.3326,3.020935
476.8148,2.723877
477.2969,2.47821
477.779,2.251587
478.2611,1.995972
478.7432,1.57782
479.2253,0.877197
479.7075,0.368408
480.1896,0.213684
480.6717,0.180725
481.1538,0.082580999
481.6359,0.024597
482.118,0.134705
482.6002,1.033264
483.0823,2.245056
483.5644,2.416809
484.0465,1.254578
484.5286,0.127258
485.0107,0.40564
485.4929,0.54834
485.975,0.481628
486.4571,0.174744
486.9392,0.102417
487.4213,0.216919
487.9034,0.178284
488.3856,0.044495001
488.8677,0.486755
489.3498,0.906555
489.8319,1.092163
490.314,1.049255
490.7961,0.991577
491.2783,1.281372
491.7604,1.176086
492.2425,0.238708
492.7246,2.184265
493.2067,3.099243
493.6888,2.436401
494.171,1.069153
494.6531,0.343445
495.1352,0.505005
495.6173,0.565735
496.0994,0.456787
496.5815,0.329346
497.0637,0.226868
497.5458,0.166382
498.0279,0.154297
498.51,0.189087
498.9921,0.295044
499.4742,0.568481
499.9564,1.130737
500.4385,1.542114
500.9206,1.67749
501.4027,1.689209
501.8848,1.515259
502.3669,1.246033
502.8491,1.247803
503.3312,1.964233
503.8133,3.091064
504.2954,3.805542
504.7775,4.068481
505.2596,4.088257
505.7418,3.685913
506.2239,3.252197
506.706,3.413635
507.1881,4.366699
507.6702,5.225647
508.1523,5.326782
508.6345,5.118835
509.1166,5.462646
509.5987,6.48822
510.0808,7.457642
510.5629,7.716309
511.045,7.340088
511.5272,7.284973
512.0093,7.871338
512.4914,8.346252
512.9735,8.288696
513.4556,8.07428
513.9377,8.263855
514.4199,8.982178
514.902,9.845215
515.3841,10.39899
515.8662,10.64575
516.3483,10.57672
516.8304,9.779053
517.3126,9.1026
517.7947,8.818115
518.2768,8.798035
518.7589,8.896667
519.241,9.068604
519.7231,9.155884
520.2053,8.810608
520.6874,7.979797
521.1695,7.514771
521.6516,7.750366
522.1337,8.090881
522.6158,8.137756
523.098,7.958496
523.5801,7.75885
524.0622,7.810608
524.5443,7.679199
525.0264,6.37915
525.5085,4.248108
525.9907,3.634338
526.4728,5.838745
526.9549,8.82666
527.437,9.404785
527.9191,7.161743
528.4012,5.380432
528.8834,4.489807
529.3655,4.06958
529.8476,3.998047
530.3297,4.155579
530.8118,4.331482
531.2939,4.417236
531.7761,4.400391
532.2582,4.225525
532.7403,3.616394
533.2224,3.353088
533.7045,3.588928
534.1866,3.987915
534.6688,4.527161
535.1509,5.062256
535.633,5.255005
536.1151,4.789917
536.5972,3.959351
537.0793,3.581604
537.5615,3.782959
538.0436,3.94574
538.5257,3.95813
539.0078,3.815979
539.4899,3.428406
539.972,2.822266
540.4542,2.371216
540.9363,2.407104
541.4184,2.640442
541.9005,2.562378
542.3826,2.186096
542.8647,2.084045
543.3469,2.671875
543.829,3.619873
544.3111,4.067444
544.7932,3.943298
545.2753,3.564819
545.7574,2.542114
546.2396,1.579529
546.7217,1.401611
547.2038,1.91095
547.6859,2.458191
548.168,2.585632
548.6501,2.397034
549.1323,2.346008
549.6144,2.526306
550.0965,2.745605
550.5786,3.045349
551.0607,3.280334
551.5428,3.200867
552.025,2.895325
552.5071,2.847717
552.9892,3.550049
553.4713,4.693542
553.9534,5.488342
554.4355,5.979431
554.9177,6.146362
555.3998,5.550293
555.8819,4.692688
556.364,4.485657
556.8461,5.163086
557.3282,5.665222
557.8104,4.932922
558.2925,3.929688
558.7746,4.170532
559.2567,5.546692
559.7388,6.682434
560.2209,6.789063
560.7031,6.168213
561.1852,5.687988
561.6673,5.138916
562.1494,4.997009
562.6315,5.470825
563.1136,5.96936
563.5958,6.123047
564.0779,6.07959
564.56,6.248718
565.0421,6.93512
565.5242,7.804504
566.0063,7.831726
566.4885,6.645569
566.9706,5.760559
567.4527,5.743164
567.9348,5.999207
568.4169,6.184998
568.899,6.279907
569.3812,6.34491
569.8633,6.389465
570.3454,6.437012
570.8275,6.581482
571.3096,6.806885
571.7917,6.865662
572.2739,6.631836
572.756,6.209473
573.2381,5.735779
573.7202,5.138184
574.2023,4.774109
574.6844,4.632996
575.1666,4.774292
575.6487,5.5047
576.1308,6.550659
576.6129,7.275696
577.095,7.348511
577.5771,6.910095
578.0593,6.202209
578.5414,5.018616
579.0235,4.122864
579.5056,3.494995
579.9877,3.219727
580.4698,3.548096
580.952,4.254761
581.4341,4.891235
581.9162,5.344238
582.3983,5.452759
582.8804,4.696655
583.3625,3.200317
583.8447,2.405823
584.3268,2.817444
584.8089,3.627563
585.291,3.997925
585.7731,3.990173
586.2552,4.238098
586.7374,5.122131
587.2195,5.938721
587.7016,6.508728
588.1837,6.716858
588.6658,6.201721
589.1479,4.90155
589.6301,3.46936
590.1122,2.670166
590.5943,2.526123
591.0764,2.835876
591.5585,4.295044
592.0406,5.388184
592.5228,5.522888
593.0049,5.209534
593.487,4.995667
593.9691,5.028381
594.4512,5.253113
594.9333,5.864929
595.4155,6.668274
595.8976,6.623779
596.3797,5.436096
596.8618,4.516724
597.3439,5.047058
597.826,6.272949
598.3082,6.265747
598.7903,4.382568
599.2724,2.906494
599.7545,2.884033
600.2366,3.439758
600.7188,3.683594
601.2009,3.550842
601.683,3.41272
602.1651,3.540649
602.6472,3.799011
603.1293,3.661438
603.6115,2.80127
604.0936,2.139832
604.5757,1.775024
605.0578,1.571106
605.5399,1.505554
606.022,1.533508
606.5042,1.541016
606.9863,1.41803
607.4684,1.314636
607.9505,1.637451
608.4326,2.36499
608.9147,2.544678
609.3969,1.694946
609.879,0.661011
610.3611,0.542542
610.8432,1.233276
611.3253,1.346313
611.8074,0.061767999
612.2896,1.245422
612.7717,0.739868
613.2538,0.457458
613.7359,0.389526
614.218,1.441406
614.7001,3.556885
615.1823,4.189941
615.6644,3.2677
616.1465,2.381714
616.6286,1.167725
617.1107,0.534363
617.5928,0.992737
618.075,1.939453
618.5571,2.987244
619.0392,4.010925
619.5213,4.430725
620.0034,3.242371
620.4855,1.270752
620.9677,0.583679
621.4498,1.31012
621.9319,1.777771
622.414,1.091003
622.8961,0.280212
623.3782,1.389893
623.8604,2.242004
624.3425,2.874451
624.8246,3.199829
625.3067,3.384277
625.7888,3.612488
626.2709,3.785828
626.7531,3.52655
627.2352,2.633667
627.7173,1.658569
628.1994,1.687866
628.6815,2.909729
629.1636,4.10144
629.6458,5.450256
630.1279,6.405457
630.61,6.389648
631.0921,5.913574
631.5742,5.942749
632.0563,6.880859
632.5385,7.851135
633.0206,8.226929
633.5027,8.188904
633.9848,8.002563
634.4669,7.719177
634.949,7.574219
635.4312,7.744019
635.9133,8.188232
636.3954,8.709778
636.8775,9.501526
637.3596,10.10822
637.8417,10.37732
638.3239,10.57007
638.806,10.85352
639.2881,11.23077
639.7702,11.66931
640.2523,12.20203
640.7344,12.64691
641.2166,12.55505
641.6987,11.89362
642.1808,11.40698
642.6629,11.35388
643.145,11.31409
643.6271,10.59235
644.1093,9.493286
644.5914,9.258545
645.0735,10.90198
645.5556,12.47791
646.0377,12.88574
646.5198,12.75562
647.002,13.14661
647.4841,14.16455
647.9662,14.84833
648.4483,14.2121
648.9304,12.54962
649.4125,12.0202
649.8947,13.54865
650.3768,14.47632
650.8589,13.50446
651.341,12.47186
651.8231,12.98474
652.3052,14.771
652.7874,16.0321
653.2695,15.49243
653.7516,14.33948
654.2337,13.95569
654.7158,14.23474
655.1979,14.74927
655.6801,15.41455
656.1622,16.06073
656.6443,16.48273
657.1264,16.6626
657.6085,16.95844
658.0906,17.35645
658.5728,17.87189
659.0549,18.80658
659.537,19.68695
660.0191,19.79742
660.5012,19.19751
660.9833,18.85522
661.4655,19.64398
661.9476,21.24731
662.4297,22.82843
662.9118,24.46289
663.3939,25.39508
663.876,24.94586
664.3582,24.22729
664.8403,24.6131
665.3224,26.01093
665.8045,27.50299
666.2866,29.12646
666.7687,30.61908
667.2509,31.74768
667.733,32.66162
668.2151,33.63861
668.6972,34.76129
669.1793,35.85699
669.6614,36.6911
670.1436,37.26343
670.6257,38.1272
671.1078,39.48187
671.5899,40.76508
672.072,41.51996
672.5541,42.18024
673.0363,43.21313
673.5184,44.71747
674.0005,46.45203
674.4826,48.6748
674.9647,50.80762
675.4468,52.19586
675.929,52.94659
676.4111,53.46173
676.8932,53.86761
677.3753,54.12762
677.8574,54.15131
678.3395,53.94299
678.8217,54.66956
679.3038,57.35748
679.7859,59.50226
680.268,60.65479
680.7501,61.26501
681.2322,61.45905
681.7144,61.34741
682.1965,61.28986
682.6786,61.45563
683.1607,61.86536
683.6428,62.82562
684.1249,64.21228
684.6071,64.82965
685.0892,64.1814
685.5713,63.13013
686.0534,62.58417
686.5355,62.55927
687.0176,62.84473
687.4998,64.28021
687.9819,64.93994
688.464,63.61261
688.9461,61.73486
689.4282,60.8139
689.9103,60.96924
690.3925,61.26733
690.8746,61.04999
691.3567,60.44751
691.8388,59.75897
692.3209,58.9903
692.803,58.04669
693.2852,56.82263
693.7673,55.58179
694.2494,54.71252
694.7315,54.16016
695.2136,53.11884
695.6957,51.01489
696.1779,49.07489
696.66,47.86206
697.1421,46.94641
697.6242,45.78955
698.1063,44.37714
698.5884,43.12183
699.0706,42.36285
699.5527,41.94067
700.0348,41.46667
700.5169,40.98535
700.999,40.10577
701.4811,38.49957
701.9633,36.82135
702.4454,35.61749
702.9275,34.79254
703.4096,34.03784
703.8917,33.3269
704.3738,32.659
704.856,31.90381
705.3381,31.25464
705.8202,31.15155
706.3023,31.4679
706.7844,31.36316
707.2665,30.19971
707.7487,28.50806
708.2308,27.95807
708.7129,28.92438
709.195,29.32269
709.6771,28.66022
710.1592,27.70905
710.6414,26.72705
711.1235,25.86328
711.6056,25.51404
712.0877,26.08264
712.5698,26.54437
713.0519,26.13672
713.5341,25.50885
714.0162,25.50964
714.4983,26.05969
714.9804,26.5719
715.4625,26.78796
715.9446,26.7215
716.4268,26.15656
716.9089,24.7807
717.391,24.18573
717.8731,25.01025
718.3552,25.82367
718.8373,25.84656
719.3195,25.51007
719.8016,25.38159
720.2837,25.49994
720.7658,25.78955
721.2479,26.39691
721.73,27.10474
722.2122,27.78296
722.6943,28.32758
723.1764,28.35376
723.6585,27.68402
724.1406,26.90753
724.6227,27.04681
725.1049,28.22601
725.587,28.85583
726.0691,28.50476
726.5512,28.3681
727.0333,28.87494
727.5154,29.66833
727.9976,30.63336
728.4797,31.77289
728.9618,32.54413
729.4439,32.17896
729.926,31.78265
730.4081,32.6676
730.8903,34.32874
731.3724,35.51367
731.8545,35.82715
732.3366,35.58569
732.8187,35.04449
733.3008,34.23035
733.783,33.67291
734.2651,33.37506
734.7472,33.33911
735.2293,33.95819
735.7114,34.52155
736.1935,34.42102
736.6757,33.78912
737.1578,33.29285
737.6399,33.37451
738.122,33.33704
738.6041,32.74023
739.0862,31.71063
739.5684,30.24323
740.0505,28.46588
740.5326,26.99628
741.0147,26.31744
741.4968,26.18689
741.9789,26.04779
742.4611,26.03229
742.9432,25.59668
743.4253,24.48413
743.9074,23.19293
744.3895,21.76581
744.8716,20.42334
745.3538,19.68402
745.8359,19.86639
746.318,19.83356
746.8001,18.78247
747.2822,17.49457
747.7643,16.82184
748.2465,16.65106
748.7286,16.34497
749.2107,15.61603
749.6928,14.82166
750.1749,14.64203
750.657,15.14185
751.1392,14.755
751.6213,12.96698
752.1034,11.47522
752.5855,11.21094
753.0676,11.40332
753.5497,11.11676
754.0319,10.32422
754.514,9.516113
754.9961,8.846191
755.4782,8.147583
755.9603,7.111145
756.4424,6.071289
756.9246,5.592651
757.4067,5.741089
757.8888,6.071289
758.3709,6.26532
758.853,6.264709
759.3351,5.679932
759.8173,4.362976
760.2994,3.878235
760.7815,5.111389
761.2636,6.264771
761.7457,5.609253
762.2278,3.528687
762.71,1.965698
763.1921,1.230652
763.6742,0.608276
764.1563,0.221069
764.6384,0.860046
765.1205,0.877686
765.6027,0.423889
766.0848,0.029114
766.5669,0.258118
767.049,0.486328
767.5311,1.324036
768.0132,2.506165
768.4954,2.276001
768.9775,0.33075
769.4596,1.295288
769.9417,1.529419
770.4238,1.055725
770.9059,1.106689
771.3881,1.956482
771.8702,2.211914
772.3523,1.23468
772.8344,0.451233
773.3165,0.572571
773.7986,1.016724
774.2808,1.08313
774.7629,0.705627
775.245,0.354553
775.7271,0.338257
776.2092,0.528625
776.6913,0.902771
777.1735,1.344238
777.6556,1.269958
778.1377,0.528809
778.6198,0.284424
779.1019,0.660583
779.584,0.680542
780.0662,0.778931
780.5483,1.194946
781.0304,1.22467
781.5125,0.383118
781.9946,0.399231
782.4767,0.565125
782.9589,0.37793
783.441,0.424744
783.9231,0.940735
784.4052,1.221191
784.8873,0.473816
785.3694,0.496155
785.8516,0.572021
786.3337,0.049561001
786.8158,0.455627
787.2979,0.282837
787.78,0.041565001
788.2621,0.089844003
788.7443,0.650085
789.2264,0.894287
789.7085,0.823669
790.1906,0.404236
790.6727,0.700317
791.1548,1.847473
791.637,2.303223
792.1191,2.174011
792.6012,2.200439
793.0833,2.60437
793.5654,3.03418
794.0475,3.517639
794.5297,3.848022
795.0118,3.72644
795.4939,3.2323
795.976,2.737549
796.4581,2.459412
796.9402,2.18219
797.4224,1.414795
797.9045,0.287781
798.3866,0.250854
798.8687,0.090392999
799.3508,0.4021
799.8329,1.169617
800.3151,1.96228
800.7972,2.312744
801.2793,2.144165
801.7614,1.826294
802.2435,1.059326
802.7256,0.527161
803.2078,0.606506
803.6899,0.907959
804.172,0.894409
804.6541,0.613586
805.1362,0.768372
805.6183,2.198059
806.1005,3.695618
806.5826,3.867554
807.0647,3.176086
807.5468,2.553528
808.0289,2.192993
808.511,2.130066
808.9932,2.427307
809.4753,2.909729
809.9574,3.118591
810.4395,3.029663
810.9216,2.742432
811.4037,2.079529
811.8859,1.521973
812.368,1.392578
812.8501,1.475708
813.3322,1.326233
813.8143,0.794861
814.2964,1.01123
814.7786,3.196655
815.2607,5.172729
815.7428,5.441528
816.2249,4.81134
816.707,4.431091
817.1891,4.52771
817.6713,4.693359
818.1534,4.614014
818.6355,4.41864
819.1176,4.310181
819.5997,4.297241
820.0818,4.513611
820.564,5.009094
821.0461,5.463928
821.5282,5.621033
822.0103,5.603149
822.4924,5.831787
822.9745,6.841553
823.4567,6.987488
823.9388,5.036987
824.4209,3.612549
824.903,4.194946
825.3851,5.550842
825.8672,6.02063
826.3494,5.383118
826.8315,4.825134
827.3136,5.09668
827.7957,5.421814
828.2778,4.953125
828.7599,4.119507
829.2421,3.769226
829.7242,4.071106
830.2063,4.601868
830.6884,4.979858
831.1705,5.221252
831.6526,5.559265
832.1348,6.031067
832.6169,6.027649
833.099,5.306091
833.5811,4.575867
834.0632,4.130981
834.5453,4.015198
835.0275,4.450928
835.5096,5.878601
835.9917,6.666382
836.4738,6.334656
836.9559,5.85144
837.438,5.459595
837.9202,5.186279
838.4023,5.066162
838.8844,5.078857
839.3665,5.151245
839.8486,5.363098
840.3307,5.443054
840.8129,4.806885
841.295,3.934998
841.7771,4.039368
842.2592,5.123291
842.7413,5.895813
843.2234,5.453796
843.7056,4.448242
844.1877,4.387512
844.6698,5.389343
845.1519,5.727051
845.634,5.079895
846.1161,4.509827
846.5983,4.518433
847.0804,4.761475
847.5625,4.746338
848.0446,4.474548
848.5267,4.222717
849.0089,3.729919
849.491,3.509521
849.9731,4.03595
850.4552,4.636658
850.9373,4.647705
851.4194,4.173828
851.9016,3.729431
852.3837,3.500305
852.8658,3.490845
853.3479,3.91272
853.83,4.461548
854.3121,4.450439
854.7943,3.992859
855.2764,3.910828
855.7585,4.554688
856.2406,5.267395
856.7227,5.155396
857.2048,4.343262
857.687,4.316223
858.1691,5.321045
858.6512,6.097412
859.1333,6.334106
859.6154,6.244507
860.0975,5.881287
860.5797,5.314575
861.0618,4.993225
861.5439,5.22821
862.026,5.194397
862.5081,4.294861
862.9902,3.614624
863.4724,4.208679
863.9545,5.30188
864.4366,5.44928
864.9187,4.331238
865.4008,3.354309
865.8829,3.730957
866.3651,4.530701
866.8472,4.673157
867.3293,4.312012
867.8114,3.741821
868.2935,3.091797
868.7756,2.726318
869.2578,2.965637
869.7399,3.535767
870.222,3.754028
870.7041,3.602112
871.1862,3.399536
871.6683,3.120728
872.1505,2.978027
872.6326,3.076599
873.1147,3.344177
873.5968,3.662231
874.0789,4.030823
874.561,4.446228
875.0432,5.218811
875.5253,5.62323
876.0074,5.208069
876.4895,4.594666
876.9716,4.27417
877.4537,4.231445
877.9359,4.238037
878.418,4.275208
878.9001,4.211426
879.3822,3.976685
879.8643,3.591797
880.3464,2.970825
880.8286,2.306396
881.3107,1.721985
881.7928,1.229431
882.2749,1.184875
882.757,2.203308
883.2391,3.867432
883.7213,4.931396
884.2034,5.441895
884.6855,5.599854
885.1676,5.523987
885.6497,5.16803
886.1318,4.263306
886.614,3.174561
887.0961,2.947266
887.5782,4.233459
888.0603,4.691772
888.5424,3.55896
889.0245,2.621216
889.5067,2.824158
889.9888,3.458008
890.4709,3.561035
890.953,3.102295
891.4351,3.0849
891.9172,4.149048
892.3994,5.151917
892.8815,5.801147
893.3636,6.042603
893.8457,5.83728
894.3278,5.188599
894.8099,3.904175
895.2921,1.780029
895.7742,0.070800997
896.2563,0.434631
896.7384,1.765747
897.2205,2.22229
897.7026,1.871826
898.1848,1.230591
898.6669,0.487976
899.149,0.001587
899.6311,0.168274
900.1132,0.777649
900.5953,0.965271
901.0775,0.693237
901.5596,0.382019
902.0417,0.0099489996
902.5238,0.087219
903.0059,0.555542
903.488,1.486572
903.9702,1.767822
904.4523,1.131714
904.9344,0.907166
905.4165,1.545898
905.8986,2.008423
906.3807,1.968262
906.8629,1.732788
907.345,1.50769
907.8271,1.323425
908.3092,1.218628
908.7913,1.181763
909.2734,1.268677
909.7556,1.655945
910.2377,2.047913
910.7198,2.078247
911.2019,1.937988
911.684,2.122192
912.1661,2.733276
912.6483,3.220337
913.1304,3.070251
913.6125,2.563782
914.0946,2.035156
914.5767,1.545532
915.0588,1.347656
915.541,1.456299
916.0231,1.568298
916.5052,1.482178
916.9873,1.351501
917.4694,1.561523
917.9515,2.120972
918.4337,2.110596
918.9158,1.315491
919.3979,1.000793
919.88,1.810852
920.3621,2.853882
920.8442,3.241882
921.3264,2.979675
921.8085,2.551758
922.2906,1.801208
922.7727,1.108643
923.2548,0.260071
923.7369,0.272461
924.2191,0.088440001
924.7012,0.473145
925.1833,0.944824
925.6654,1.274414
926.1475,1.48645
926.6296,1.589844
927.1118,1.579102
927.5939,1.437927
928.076,1.192017
928.5581,0.701843
929.0402,0.126953
929.5223,0.0079960003
930.0045,0.655823
930.4866,1.335266
930.9687,1.085022
931.4508,0.49585
931.9329,0.710327
932.415,1.49469
932.8972,1.933533
933.3793,1.796875
933.8614,1.614685
934.3435,1.880371
934.8256,2.335571
935.3077,2.236328
935.7899,1.636902
936.272,1.513672
936.7541,2.050354
937.2362,2.018799
937.7183,0.634888
938.2004,1.046875
938.6826,1.363525
939.1647,0.272827
939.6468,0.2323
940.1289,0.252625
940.611,0.292603
941.0931,1.009094
941.5753,1.992798
942.0574,0.929749
942.5395,1.229187
943.0216,1.795593
943.5037,0.033080999
943.9858,1.089417
944.468,1.065979
944.9501,0.697327
945.4322,0.165833
945.9143,0.901245
946.3964,0.709167
946.8785,0.243958
947.3607,0.920044
947.8428,0.78656
948.3249,0.721313
948.807,1.457581
949.2891,2.255859
949.7712,2.21582
950.2534,1.735901
950.7355,1.7453
951.2176,2.447571
951.6997,3.246704
952.1818,3.819275
952.6639,4.052856
953.1461,3.504456
953.6282,2.55603
954.1103,2.174255
954.5924,2.408508
955.0745,2.797424
955.5566,3.121521
956.0388,3.311646
956.5209,3.234131
957.003,2.947815
957.4851,2.764099
957.9672,2.683899
958.4493,2.51886
958.9315,2.188354
959.4136,2.118958
959.8957,2.726257
960.3778,3.592102
960.8599,3.532349
961.342,2.221985
961.8242,1.69104
962.3063,2.350037
962.7884,2.791809
963.2705,2.313293
963.7526,1.646606
964.2347,1.516846
964.7169,1.871155
965.199,2.318237
965.6811,2.762085
966.1632,3.453308
966.6453,5.184875
967.1274,6.255371
967.6096,5.406616
968.0917,3.817444
968.5738,2.967224
969.0559,2.937256
969.538,2.920715
970.0201,2.248535
970.5023,2.185669
970.9844,4.106201
971.4665,5.970886
971.9486,5.949707
972.4307,4.639587
972.9128,3.435608
973.395,2.710693
973.8771,2.059387
974.3592,0.940491
974.8413,0.082947001
975.3234,0.50885
975.8055,1.397461
976.2877,1.429138
976.7698,0.671692
977.2519,0.047667999
977.734,0.0084840003
978.2161,0.271484
978.6982,0.093933001
979.1804,0.011902
979.6625,0.343628
980.1446,0.960693
980.6267,1.334961
981.1088,1.399902
981.5909,1.758911
982.0731,2.955139
982.5552,4.227478
983.0373,3.949524
983.5194,2.381775
984.0015,1.4646
984.4836,1.252747
984.9658,1.068787
985.4479,0.692383
985.93,0.371826
986.4121,0.367371
986.8942,0.545227
987.3763,0.347229
987.8585,0.356567
988.3406,0.399109
988.8227,0.487671
989.3048,1.283203
989.7869,1.509827
990.269,1.600464
990.7512,2.176025
991.2333,1.95343
991.7154,3.221191
992.1975,1.757996
992.6796,0.83728
993.1617,0.812744
993.6439,1.044861
994.126,1.359314
994.6081,1.693115
995.0902,1.995483
995.5723,2.268799
996.0544,2.219971
996.5366,1.608643
997.0187,1.244507
997.5008,1.327759
997.9829,1.470459
998.465,1.538635
998.9471,1.56427
999.4293,1.524841
999.9114,1.411743
1000.393,1.14386
1000.876,0.587646
1001.358,0.326416
1001.84,0.673767
1002.322,1.098633
1002.804,1.125977
1003.286,0.832153
1003.768,0.459656
1004.25,0.127075
1004.733,0.083618
1005.215,0.741211
1005.697,1.304749
1006.179,0.906128
1006.661,0.241516
1007.143,0.392761
1007.625,1.157104
1008.107,1.38208
1008.589,0.53125
1009.072,0.128784
1009.554,0.963745
1010.036,2.403625
1010.518,2.279297
1011.0,1.283325
1011.482,0.859131
1011.964,1.170959
1012.446,1.604065
1012.929,1.837402
1013.411,1.91156
1013.893,1.789429
1014.375,1.590149
1014.857,1.643372
1015.339,1.839844
1015.821,1.685303
1016.303,1.130798
1016.785,0.728455
1017.268,0.874023
1017.75,1.272339
1018.232,1.579712
1018.714,1.715942
1019.196,1.108948
1019.678,0.119202
1020.16,0.764252
1020.642,0.501709
1021.125,0.133972
1021.607,0.77005
1022.089,1.287628
1022.571,1.359985
1023.053,1.010406
1023.535,0.647583
1024.017,0.274231
1024.499,0.211853
1024.981,0.600159
1025.464,1.037903
1025.946,1.144165
1026.428,1.052185
1026.91,1.233398
1027.392,1.749451
1027.874,1.848022
1028.356,1.342377
1028.838,1.267853
1029.321,2.12204
1029.803,3.11853
1030.285,3.524506
1030.767,3.405121
1031.249,2.980164
1031.731,2.014252
1032.213,1.688538
1032.695,2.354858
1033.177,2.800232
1033.66,2.428497
1034.142,1.884155
1034.624,1.85202
1035.106,2.23407
1035.588,2.488129
1036.07,2.608582
1036.552,2.593719
1037.034,2.219727
1037.516,2.04895
1037.999,2.412994
1038.481,2.931427
1038.963,3.27774
1039.445,3.4375
1039.927,3.269623
1040.409,2.384521
1040.891,1.860138
1041.373,2.05304
1041.855,2.159454
1042.338,1.540771
1042.82,0.958069
1043.302,1.456207
1043.784,2.828339
1044.266,3.463043
1044.748,2.994415
1045.23,2.328949
1045.712,1.043884
1046.195,0.099854
1046.677,0.01651
1047.159,0.380768
1047.641,0.961029
1048.123,1.653046
1048.605,1.922363
1049.087,1.302216
1049.569,0.990417
1050.052,1.501495
1050.534,1.934357
1051.016,1.776001
1051.498,1.401611
1051.98,1.226379
1052.462,1.245636
1052.944,1.238342
1053.426,1.11319
1053.908,1.058685
1054.391,1.082245
1054.873,1.22525
1055.355,1.564209
1055.837,1.993622
1056.319,2.534729
1056.801,3.082947
1057.283,3.163025
1057.765,2.335938
1058.248,1.821625
1058.73,2.333069
1059.212,2.892548
1059.694,2.85495
1060.176,2.613525
1060.658,2.712463
1061.14,3.091492
1061.622,3.256409
1062.104,3.003265
1062.587,2.664063
1063.069,2.138275
1063.551,1.868774
1064.033,2.263763
1064.515,2.942169
1064.997,3.687897
1065.479,4.305725
1065.961,4.200867
1066.443,2.854462
1066.926,2.025238
1067.408,3.013153
1067.89,4.07608
1068.372,4.124268
1068.854,3.720367
1069.336,3.468475
1069.818,3.418488
1070.3,3.404175
1070.782,3.371643
1071.265,3.408173
1071.747,3.773773
1072.229,3.958466
1072.711,3.365051
1073.193,2.650024
1073.675,2.64328
1074.157,3.153625
1074.639,3.427856
1075.122,3.236115
1075.604,2.995331
1076.086,3.040161
1076.568,2.921539
1077.05,2.143494
1077.532,1.251526
1078.014,0.776215
1078.496,0.712097
1078.979,0.787537
1079.461,0.915436
1079.943,1.170105
1080.425,1.698669
1080.907,2.222198
1081.389,2.812958
1081.871,3.128387
1082.353,2.600739
1082.835,1.616119
1083.318,1.00174
1083.8,0.943115
1084.282,1.030792
1084.764,1.189484
1085.246,1.325867
1085.728,1.392212
1086.21,1.418457
1086.692,1.207336
1087.175,1.069031
1087.657,1.746002
1088.139,3.276459
1088.621,4.322327
1089.103,4.039795
1089.585,3.602325
1090.067,3.605591
1090.549,3.550049
1091.031,2.558929
1091.514,1.509827
1091.996,2.123047
1092.478,4.317505
1092.96,5.6492
1093.442,4.824829
1093.924,3.920319
1094.406,3.814758
1094.888,3.759613
1095.37,3.181335
1095.853,2.420166
1096.335,1.858154
1096.817,1.561249
1097.299,1.568115
1097.781,1.973969
1098.263,2.478668
1098.745,3.476898
1099.227,3.983002
1099.709,2.977692
1100.192,1.602997
1100.674,1.00119
1101.156,1.128174
1101.638,1.560364
1102.12,2.423584
1102.602,2.780426
1103.084,1.848633
1103.566,1.06897
1104.049,1.242584
1104.531,1.580414
1105.013,1.342712
1105.495,0.732147
1105.977,0.285309
1106.459,0.043517999
1106.941,0.093474999
1107.423,0.665436
1107.906,1.230438
1108.388,1.856476
1108.87,2.225159
1109.352,1.879822
1109.834,1.250641
1110.316,1.188782
1110.798,1.787018
1111.28,1.919525
1111.762,0.958069
1112.245,0.353912
1112.727,0.639832
1113.209,0.914917
1113.691,0.641327
1114.173,0.181091
1114.655,0.043701001
1115.137,0.193298
1115.619,0.110382
1116.102,0.442261
1116.584,0.812683
1117.066,0.839691
1117.548,0.932343
1118.03,1.452393
1118.512,1.860291
1118.994,1.553589
1119.476,0.720703
1119.958,0.126953
1120.441,0.118378
1120.923,0.49826
1121.405,1.197357
1121.887,1.608246
1122.369,1.452087
1122.851,1.203278
1123.333,1.22879
1123.815,1.389343
1124.297,1.380432
1124.78,1.198761
1125.262,0.839935
1125.744,0.089782998
1126.226,0.111511
1126.708,1.451263
1127.19,2.35556
1127.672,1.693604
1128.154,0.49588
1128.636,0.306213
1129.119,0.968079
1129.601,1.141052
1130.083,0.763733
1130.565,0.554779
1131.047,0.597198
1131.529,0.686523
1132.011,0.743927
1132.493,0.773254
1132.976,0.748505
1133.458,0.763031
1133.94,1.156952
1134.422,1.88974
1134.904,2.487091
1135.386,2.919647
1135.868,3.024811
1136.35,2.763397
1136.833,2.280487
1137.315,1.630432
1137.797,1.130402
1138.279,1.53714
1138.761,2.492523
1139.243,2.667572
1139.725,2.241669
1140.207,1.966614
1140.689,1.972595
1141.172,2.164703
1141.654,2.494293
1142.136,2.784149
1142.618,2.651337
1143.1,2.572876
1143.582,3.965942
1144.064,3.345581
1144.546,5.298218
1145.029,3.137817
1145.511,1.648529
1145.993,1.525635
1146.475,2.085388
1146.957,3.150909
1147.439,3.960815
1147.921,3.494019
1148.403,2.571838
1148.885,2.123779
1149.368,1.999786
1149.85,1.844727
1150.332,1.619049
1150.814,1.469269
1151.296,1.472015
1151.778,1.477539
1152.26,1.315369
1152.742,1.22522
1153.224,1.424377
1153.707,1.737183
1154.189,2.073334
1154.671,2.335724
1155.153,2.285706
1155.635,1.870483
1156.117,1.682617
1156.599,1.942749
1157.081,2.410797
1157.563,3.376343
1158.046,4.128906
1158.528,4.130585
1159.01,3.716187
1159.492,3.116333
1159.974,2.456726
1160.456,2.52475
1160.938,4.266998
1161.42,5.013306
1161.903,3.855896
1162.385,2.838318
1162.867,2.610443
1163.349,2.589417
1163.831,2.25177
1164.313,1.830811
1164.795,1.949921
1165.277,2.713715
1165.76,3.101105
1166.242,2.953491
1166.724,2.962769
1167.206,3.292603
1167.688,3.608002
1168.17,3.735535
1168.652,3.786743
1169.134,3.906342
1169.616,4.071075
1170.099,4.191193
1170.581,4.271698
1171.063,4.043823
1171.545,3.484009
1172.027,3.295624
1172.509,3.704742
1172.991,4.755035
1173.473,6.621185
1173.956,8.386749
1174.438,8.36853
1174.92,7.044922
1175.402,5.514313
1175.884,4.008972
1176.366,3.62973
1176.848,4.333649
1177.33,4.869019
1177.813,4.673065
1178.295,4.277557
1178.777,4.144165
1179.259,4.105804
1179.741,3.990265
1180.223,3.821381
1180.705,3.546021
1181.187,3.273773
1181.669,3.304779
1182.151,3.612885
1182.634,3.739105
1183.116,3.387512
1183.598,3.163055
1184.08,3.677185
1184.562,4.150452
1185.044,3.937378
1185.526,3.564484
1186.008,3.405151
1186.49,3.461792
1186.973,3.791962
1187.455,4.447632
1187.937,5.169525
1188.419,6.290009
1188.901,6.915222
1189.383,6.529022
1189.865,5.981781
1190.347,5.795654
1190.83,5.602417
1191.312,4.816986
1191.794,3.666718
1192.276,3.299866
1192.758,4.004608
1193.24,4.517853
1193.722,4.822876
1194.204,5.031403
1194.687,5.103851
1195.169,5.072052
1195.651,5.002106
1196.133,4.977783
1196.615,5.003601
1197.097,5.410126
1197.579,4.976135
1198.061,4.994568
1198.543,4.907837
1199.026,4.342804
1199.508,4.51886
1199.99,3.810638
1200.472,3.145874
1200.954,3.287933
1201.436,3.020844
1201.918,3.696503
1202.4,3.484772
1202.883,3.944183
1203.365,4.795441
1203.847,5.336884
1204.329,5.564362
1204.811,6.020111
1205.293,6.866364
1205.775,7.212341
1206.257,6.152771
1206.74,4.785919
1207.222,3.450897
1207.704,2.610504
1208.186,3.148102
1208.668,4.188538
1209.15,4.414001
1209.632,3.831909
1210.114,3.278015
1210.596,2.834229
1211.078,2.769775
1211.561,3.552277
1212.043,4.140778
1212.525,4.138855
1213.007,3.920074
1213.489,3.587128
1213.971,3.289001
1214.453,3.293335
1214.935,3.573547
1215.417,3.694397
1215.9,3.436371
1216.382,4.036163
1216.864,5.976105
1217.346,6.805542
1217.828,5.60141
1218.31,3.858612
1218.792,2.599548
1219.274,1.934967
1219.757,2.347321
1220.239,3.468567
1220.721,3.355743
1221.203,2.283478
1221.685,1.502991
1222.167,1.190063
1222.649,1.356964
1223.131,1.946259
1223.614,2.360504
1224.096,2.026123
1224.578,1.631073
1225.06,1.975372
1225.542,2.632507
1226.024,3.330292
1226.506,3.835236
1226.988,3.591003
1227.47,2.89386
1227.953,2.906769
1228.435,4.030121
1228.917,4.297729
1229.399,1.839539
1229.881,0.031280998
1230.363,0.339752
1230.845,1.183594
1231.327,2.046051
1231.81,2.629639
1232.292,2.369019
1232.774,1.563141
1233.256,1.431549
1233.738,2.194397
1234.22,2.723206
1234.702,3.116882
1235.184,2.837555
1235.667,1.534576
1236.149,0.580475
1236.631,0.749664
1237.113,1.308716
1237.595,1.377777
1238.077,1.159424
1238.559,1.302216
1239.041,1.710052
1239.523,1.933685
1240.005,1.940491
1240.488,1.610657
1240.97,0.993408
1241.452,0.510895
1241.934,0.370117
1242.416,0.181335
1242.898,0.73291
1243.38,1.508087
1243.862,1.069031
1244.344,0.201172
1244.827,0.351776
1245.309,0.592957
1245.791,0.492615
1246.273,0.198639
1246.755,0.360687
1247.237,1.351166
1247.719,2.0737
1248.201,2.245239
1248.684,2.171539
1249.166,1.757782
1249.648,1.336731
1250.13,1.161835
1250.612,1.008148
1251.094,0.469574
1251.576,0.313202
1252.058,0.312561
1252.541,0.674194
1253.023,0.847229
1253.505,0.060486
1253.987,0.332214
1254.469,0.0039059999
1254.951,0.566315
1255.433,1.059845
1255.915,1.58847
1256.397,2.381378
1256.88,3.127289
1257.362,3.074738
1257.844,2.562927
1258.326,2.277008
1258.808,2.264343
1259.29,2.459595
1259.772,2.79837
1260.254,3.126404
1260.737,3.394073
1261.219,3.37674
1261.701,2.519379
1262.183,2.048859
1262.665,3.06189
1263.147,4.17807
1263.629,4.132141
1264.111,3.680573
1264.594,3.765228
1265.076,4.727081
1265.558,5.05127
1266.04,4.091309
1266.522,3.394684
1267.004,2.965912
1267.486,2.849854
1267.968,3.128113
1268.45,3.282623
1268.932,2.797333
1269.415,2.518585
1269.897,2.295105
1270.379,2.253418
1270.861,1.628387
1271.343,1.883453
1271.825,0.88446
1272.307,1.725403
1272.789,1.94397
1273.271,1.466919
1273.754,1.025635
1274.236,0.897705
1274.718,0.933838
1275.2,0.966339
1275.682,1.234955
1276.164,2.23111
1276.646,3.054657
1277.128,2.814026
1277.611,2.263977
1278.093,2.393585
1278.575,2.946472
1279.057,2.945953
1279.539,2.369629
1280.021,1.593933
1280.503,0.075745001
1280.985,0.159821
1281.468,1.714447
1281.95,3.006378
1282.432,2.616333
1282.914,1.909973
1283.396,1.856812
1283.878,2.261475
1284.36,1.741699
1284.842,0.653198
1285.324,0.0
1500.0,0.0
