WavwNum_Dolomite,value_Dolomite
100.0,0.0
112.1203,0.0
112.6024,0.79652
113.0845,0.727068
113.5667,0.57361
114.0488,0.238047
114.5309,0.072176002
115.013,0.329876
115.4951,0.338488
115.9772,0.023461999
116.4594,0.747948
116.9415,1.497383
117.4236,2.106464
117.9057,2.674675
118.3878,3.303669
118.8699,4.483009
119.3521,5.403278
119.8342,5.316124
120.3163,4.048454
120.7984,3.160141
121.2805,3.983398
121.7626,5.801868
122.2448,7.392776
122.7269,8.176868
123.209,8.455654
123.6911,8.424564
124.1732,8.028183
124.6553,7.631996
125.1375,7.605885
125.6196,7.868526
126.1017,8.16457
126.5838,8.022053
127.0659,7.861893
127.548,8.629417
128.0302,10.81343
128.5123,13.22758
128.9944,13.97296
129.4765,13.21027
129.9586,12.44973
130.4407,12.77963
130.9229,14.02355
131.405,15.53183
131.8871,17.2695
132.3692,19.07052
132.8513,20.40244
133.3334,21.10607
133.8156,21.52106
134.2977,22.27822
134.7798,23.60706
135.2619,24.90042
135.744,26.09624
136.2261,27.14633
136.7083,27.71104
137.1904,27.55119
137.6725,27.65957
138.1546,29.43377
138.6367,33.31716
139.1188,36.42633
139.601,37.94265
140.0831,37.8687
140.5652,37.71508
141.0473,37.35838
141.5294,37.06192
142.0115,37.13568
142.4937,37.53698
142.9758,38.38627
143.4579,39.75208
143.94,41.67402
144.4221,43.86582
144.9042,46.39165
145.3864,49.13626
145.8685,51.81446
146.3506,54.16502
146.8327,56.826
147.3148,60.06808
147.7969,64.10878
148.2791,68.17645
148.7612,72.06542
149.2433,75.97779
149.7254,80.46049
150.2075,85.19843
150.6896,90.74036
151.1718,97.1811
151.6539,103.7302
152.136,112.2835
152.6181,123.6427
153.1002,137.1313
153.5823,150.6813
154.0645,164.1002
154.5466,177.7301
155.0287,191.7264
155.5108,207.5792
155.9929,222.3065
156.475,234.3299
156.9572,244.4803
157.4393,255.8847
157.9214,271.2167
158.4035,286.9106
158.8856,300.7887
159.3677,310.3631
159.8499,320.1535
160.332,331.1454
160.8141,343.2582
161.2962,356.1902
161.7783,370.213
162.2604,384.7285
162.7426,399.2439
163.2247,411.6755
163.7068,425.7981
164.1889,444.0402
164.671,465.9078
165.1531,488.3252
165.6353,508.0515
166.1174,527.8461
166.5995,550.8257
167.0816,579.0853
167.5637,610.1879
168.0458,641.9123
168.528,673.8043
169.0101,709.3437
169.4922,752.2524
169.9743,799.8695
170.4564,848.3986
170.9385,898.598
171.4207,947.6276
171.9028,994.7313
172.3849,1039.853
172.867,1078.156
173.3491,1111.118
173.8312,1134.869
174.3134,1141.931
174.7955,1128.855
175.2776,1097.539
175.7597,1046.744
176.2418,974.4146
176.7239,894.5195
177.2061,814.6492
177.6882,735.3649
178.1703,659.4639
178.6524,585.0495
179.1345,514.6276
179.6166,453.981
180.0988,403.3237
180.5809,359.5857
181.063,319.6092
181.5451,283.2282
182.0272,251.5552
182.5093,225.7722
182.9915,204.6892
183.4736,186.0548
183.9557,169.6319
184.4378,155.2507
184.9199,142.6646
185.402,131.9711
185.8842,122.2411
186.3663,113.2395
186.8484,104.8777
187.3305,97.12994
187.8126,89.85809
188.2947,83.33347
188.7769,78.17257
189.259,74.32693
189.7411,70.82447
190.2232,67.21523
190.7053,63.49977
191.1874,59.46118
191.6696,54.83836
192.1517,50.26644
192.6338,47.09914
193.1159,45.38255
193.598,43.7992
194.0801,41.48302
194.5623,38.50798
195.0444,35.72266
195.5265,33.14583
196.0086,30.90066
196.4907,29.43877
196.9728,28.85728
197.455,28.23612
197.9371,26.91761
198.4192,24.88776
198.9013,23.08078
199.3834,21.63695
199.8655,20.40436
200.3477,18.87357
200.8298,16.91912
201.3119,15.25773
201.794,14.46586
202.2761,14.64282
202.7582,14.57934
203.2404,14.17619
203.7225,13.46661
204.2046,12.45423
204.6867,11.03764
205.1688,9.663521
205.6509,8.671097
206.1331,8.127602
206.6152,7.498146
207.0973,6.748909
207.5794,5.879776
208.0615,4.806602
208.5436,3.383583
209.0258,2.135895
209.5079,1.452278
209.99,1.452492
210.4721,1.451447
210.9542,1.376953
211.4363,1.269569
211.9185,1.264221
212.4006,1.365471
212.8827,1.559441
213.3648,1.966179
213.8469,2.841461
214.329,2.922768
214.8112,1.693848
215.2933,0.304306
215.7754,0.996124
216.2575,0.296967
216.7396,1.615227
217.2217,1.651016
217.7038,0.183655
218.186,1.480606
218.6681,1.948608
219.1502,1.781395
219.6323,1.668121
220.1144,1.666283
220.5965,1.621201
221.0787,1.37204
221.5608,0.674011
222.0429,0.468697
222.525,1.009392
223.0071,2.062386
223.4892,2.787971
223.9714,3.245697
224.4535,3.294037
224.9356,2.727226
225.4177,1.041924
225.8998,0.017525
226.3819,0.233177
226.8641,0.213905
227.3462,0.745979
227.8283,1.441757
228.3104,2.102478
228.7925,2.632446
229.2746,3.062347
229.7568,3.310692
230.2389,3.406082
230.721,3.317009
231.2031,2.841133
231.6852,1.469757
232.1673,0.463516
232.6495,0.660988
233.1316,3.264046
233.6137,4.299873
234.0958,3.000557
234.5779,0.210609
235.06,1.70533
235.5422,2.561378
236.0243,2.843552
236.5064,2.694557
236.9885,1.81176
237.4706,1.137192
237.9527,0.518898
238.4349,0.159004
238.917,0.66819
239.3991,2.637512
239.8812,4.592987
240.3633,5.908966
240.8454,6.354782
241.3276,6.741699
241.8097,7.164474
242.2918,7.487289
242.7739,7.287636
243.256,5.883423
243.7381,5.014816
244.2203,5.470871
244.7024,7.86795
245.1845,9.858284
245.6666,11.37304
246.1487,12.51064
246.6308,13.4164
247.113,13.75485
247.5951,14.42164
248.0772,15.83868
248.5593,18.34952
249.0414,20.38934
249.5235,21.9256
250.0057,23.00727
250.4878,23.68595
250.9699,23.72619
251.452,23.76801
251.9341,23.86209
252.4162,23.81516
252.8984,24.87786
253.3805,27.6985
253.8626,31.14853
254.3447,33.39205
254.8268,33.76228
255.3089,34.35756
255.7911,35.79464
256.2732,38.16805
256.7553,40.62015
257.2374,43.1356
257.7195,45.75665
258.2017,48.53113
258.6838,51.4818
259.1659,54.59807
259.648,57.97659
260.1301,61.60435
260.6122,65.01893
261.0944,68.07146
261.5765,71.11422
262.0586,74.56916
262.5407,78.56676
263.0228,82.57001
263.5049,86.30257
263.9871,89.83114
264.4692,94.01904
264.9513,99.04811
265.4334,104.5025
265.9155,110.1324
266.3976,115.8351
266.8798,121.6732
267.3619,127.4038
267.844,133.2066
268.3261,140.3001
268.8082,149.13
269.2903,158.2775
269.7725,166.1058
270.2546,171.7912
270.7367,179.5952
271.2188,190.6185
271.7009,204.0195
272.183,216.3251
272.6652,226.8895
273.1473,237.8514
273.6294,251.0586
274.1115,266.9948
274.5936,282.654
275.0757,297.4243
275.5579,312.0639
276.04,328.5298
276.5221,347.1718
277.0042,366.4399
277.4863,385.1065
277.9684,403.003
278.4506,422.5872
278.9327,444.2909
279.4148,467.4629
279.8969,490.7986
280.379,514.271
280.8611,537.7812
281.3433,561.3638
281.8254,585.1324
282.3075,608.33
282.7896,630.6053
283.2717,653.5356
283.7538,680.8005
284.236,712.6075
284.7181,742.3372
285.2002,765.116
285.6823,782.1016
286.1644,804.7996
286.6465,834.0277
287.1287,865.1993
287.6108,891.6242
288.0929,913.6218
288.575,937.0826
289.0571,964.9841
289.5392,996.2907
290.0214,1026.424
290.5035,1055.223
290.9856,1082.546
291.4677,1108.523
291.9498,1133.298
292.4319,1156.262
292.9141,1177.591
293.3962,1196.823
293.8783,1213.093
294.3604,1226.329
294.8425,1236.508
295.3246,1245.753
295.8068,1252.422
296.2889,1250.493
296.771,1236.96
297.2531,1216.073
297.7352,1196.545
298.2173,1177.636
298.6995,1151.793
299.1816,1111.301
299.6637,1060.154
300.1458,1007.545
300.6279,954.6064
301.11,900.7184
301.5922,844.6474
302.0743,787.0595
302.5564,730.9233
303.0385,676.2585
303.5206,624.3914
304.0027,576.1008
304.4849,531.9898
304.967,491.3434
305.4491,454.8621
305.9312,421.8797
306.4133,390.7935
306.8954,360.5342
307.3776,331.8701
307.8597,306.0482
308.3418,282.9301
308.8239,262.2888
309.306,244.7908
309.7881,229.3361
310.2703,214.7449
310.7524,200.213
311.2345,186.3702
311.7166,173.8505
312.1987,162.6475
312.6808,152.4032
313.163,143.1197
313.6451,134.4797
314.1272,126.0754
314.6093,117.1319
315.0914,109.1196
315.5735,103.5095
316.0557,99.85768
316.5378,95.78096
317.0199,89.38015
317.502,82.62401
317.9841,76.85658
318.4662,72.95863
318.9484,69.59606
319.4305,66.12083
319.9126,62.82742
320.3947,60.56831
320.8768,60.91027
321.3589,61.35122
321.8411,60.53999
322.3232,57.63084
322.8053,55.18273
323.2874,53.89404
323.7695,53.33131
324.2516,52.85458
324.7338,52.34556
325.2159,51.82232
325.698,51.26791
326.1801,50.69061
326.6622,50.19071
327.1443,49.48743
327.6265,48.9444
328.1086,48.95334
328.5907,50.72218
329.0728,51.77365
329.5549,51.47024
330.037,49.73891
330.5192,48.2432
331.0013,46.70615
331.4834,45.71703
331.9655,45.70985
332.4476,47.22164
332.9297,48.77994
333.4119,50.28617
333.894,51.7532
334.3761,53.28161
334.8582,55.18023
335.3403,56.57262
335.8224,56.76649
336.3046,54.91016
336.7867,54.59179
337.2688,56.6983
337.7509,59.85403
338.233,61.03133
338.7151,59.67466
339.1973,57.66193
339.6794,55.75197
340.1615,54.02865
340.6436,52.13174
341.1257,50.13358
341.6078,47.8672
342.0899,44.9007
342.5721,41.21683
343.0542,37.89642
343.5363,35.40961
344.0184,33.5271
344.5005,31.26729
344.9826,28.61679
345.4648,25.94957
345.9469,23.73555
346.429,21.8494
346.9111,19.62267
347.3932,16.68417
347.8753,13.61658
348.3575,11.79
348.8396,11.12585
349.3217,10.5822
349.8038,9.345684
350.2859,7.732956
350.768,6.498871
351.2502,5.747482
351.7323,5.331882
352.2144,5.248405
352.6965,5.360458
353.1786,5.331493
353.6607,4.826019
354.1429,4.184639
354.625,3.895058
355.1071,3.992844
355.5892,4.067047
356.0713,3.59277
356.5534,2.936943
357.0356,2.65036
357.5177,3.533222
357.9998,4.34779
358.4819,4.054981
358.964,2.818558
359.4461,1.556377
359.9283,0.586346
360.4104,0.105804
360.8925,0.519096
361.3746,0.565678
361.8567,0.537163
362.3388,0.472389
362.821,0.409546
363.3031,0.442841
363.7852,0.735619
364.2673,1.022675
364.7494,1.188602
365.2315,1.209698
365.7137,1.116768
366.1958,0.824463
366.6779,0.476971
367.16,0.221233
367.6421,0.104691
368.1242,0.037696999
368.6064,0.013706
369.0885,0.035930999
369.5706,0.071727999
370.0527,0.275101
370.5348,0.374386
371.0169,0.155426
371.4991,0.837719
371.9812,1.367493
372.4633,1.201191
372.9454,0.520325
373.4275,0.084297001
373.9096,0.756561
374.3918,1.122547
374.8739,0.823151
375.356,0.480289
375.8381,0.821838
376.3202,0.18911
376.8023,1.649014
377.2845,2.135395
377.7666,1.501095
378.2487,0.66544
378.7308,0.184536
379.2129,1.004837
379.695,1.438507
380.1772,1.476574
380.6593,1.188461
381.1414,0.394363
381.6235,0.805866
382.1056,1.52153
382.5877,1.436634
383.0699,0.953484
383.552,0.857246
384.0341,1.104683
384.5162,1.279823
384.9983,0.980614
385.4804,0.449383
385.9626,0.296959
386.4447,0.663143
386.9268,0.976501
387.4089,0.450199
387.891,0.580261
388.3731,1.35207
388.8553,1.236092
389.3374,0.884151
389.8195,1.010807
390.3016,1.593365
390.7837,2.039085
391.2658,1.644669
391.748,1.049721
392.2301,0.980316
392.7122,2.261341
393.1943,3.239941
393.6764,2.937408
394.1585,1.684681
394.6407,0.435146
395.1228,1.073967
395.6049,2.038677
396.087,1.878429
396.5691,0.086433001
397.0512,1.363239
397.5334,2.006889
398.0155,2.138947
398.4976,2.124294
398.9797,1.922981
399.4618,1.661633
399.9439,1.256485
400.4261,0.709175
400.9082,0.532616
401.3903,1.138622
401.8724,1.744202
402.3545,1.766178
402.8366,0.817947
403.3188,0.197906
403.8009,0.016930001
404.283,0.192791
404.7651,0.573364
405.2472,1.248482
405.7293,1.869709
406.2115,2.355701
406.6936,2.712482
407.1757,2.612759
407.6578,1.940315
408.1399,1.121025
408.622,0.554783
409.1042,0.242714
409.5863,0.277405
410.0684,0.775307
410.5505,1.564339
411.0326,2.329655
411.5147,3.069401
411.9969,3.653694
412.479,3.993073
412.9611,4.114086
413.4432,4.040665
413.9253,3.737736
414.4074,3.387756
414.8896,3.175953
415.3717,3.06749
415.8538,2.983318
416.3359,2.981579
416.818,2.926804
417.3001,2.542469
417.7823,1.843227
418.2644,1.461823
418.7465,2.034985
419.2286,3.026569
419.7107,3.815006
420.1928,4.361946
420.675,4.712727
421.1571,4.916714
421.6392,4.923458
422.1213,4.620945
422.6034,3.349827
423.0855,2.324841
423.5677,2.168144
424.0498,3.265984
424.5319,4.068974
425.014,4.164852
425.4961,4.038788
425.9782,4.19952
426.4604,5.008335
426.9425,5.574993
427.4246,5.753654
427.9067,5.569927
428.3888,5.23558
428.8709,4.7019
429.3531,4.154819
429.8352,3.635815
430.3173,3.103931
430.7994,2.86694
431.2815,2.962814
431.7636,3.245636
432.2458,3.677624
432.7279,4.327721
433.21,4.679268
433.6921,4.32642
434.1742,3.459518
434.6563,2.786591
435.1385,2.357807
435.6206,2.178062
436.1027,2.234932
436.5848,2.506168
437.0669,2.962704
437.549,3.705154
438.0312,4.350136
438.5133,4.317883
438.9954,3.810699
439.4775,3.354366
439.9596,3.558079
440.4417,3.840256
440.9239,3.517696
441.406,2.525536
441.8881,1.682899
442.3702,1.48436
442.8523,1.704815
443.3344,2.125507
443.8166,3.045418
444.2987,3.647766
444.7808,3.506516
445.2629,2.895046
445.745,2.481194
446.2271,2.635647
446.7093,2.715099
447.1914,2.353317
447.6735,1.218124
448.1556,0.77869
448.6377,1.526112
449.1198,2.628841
449.602,3.21331
450.0841,2.905331
450.5662,2.925533
451.0483,3.714443
451.5304,4.944458
452.0125,4.968983
452.4947,3.38208
452.9768,1.68211
453.4589,0.769032
453.941,0.729195
454.4231,1.012058
454.9052,1.633209
455.3874,2.19891
455.8695,2.183609
456.3516,1.655132
456.8337,1.128639
457.3158,0.764225
457.7979,0.493454
458.2801,0.076168001
458.7622,0.42482
459.2443,0.600082
459.7264,0.015838999
460.2085,0.964241
460.6906,1.928242
461.1728,2.869503
461.6549,3.53587
462.137,3.726677
462.6191,3.54314
463.1012,3.112976
463.5833,1.861362
464.0655,0.924175
464.5476,0.925976
465.0297,1.781055
465.5118,2.739334
465.9939,4.26873
466.476,5.327564
466.9582,5.238243
467.4403,2.7854
467.9224,1.360615
468.4045,1.639301
468.8866,2.705345
469.3687,3.291077
469.8509,3.245068
470.333,2.944622
470.8151,2.354713
471.2972,1.528988
471.7793,1.022125
472.2614,0.830925
472.7436,0.951874
473.2257,1.636787
473.7078,2.908295
474.1899,3.360634
474.672,2.7897
475.1541,1.659443
475.6363,0.244045
476.1184,1.303696
476.6005,1.958458
477.0826,0.690189
477.5647,1.335522
478.0468,2.007767
478.529,1.470592
479.0111,1.046291
479.4932,2.181496
479.9753,3.732685
480.4574,4.246487
480.9395,3.219234
481.4217,1.956608
481.9038,1.047077
482.3859,0.476891
482.868,0.247719
483.3501,0.744648
483.8322,1.209515
484.3144,1.332253
484.7965,1.126286
485.2786,0.955189
485.7607,0.942471
486.2428,0.921654
486.7249,0.791206
487.2071,0.404556
487.6892,0.229942
488.1713,0.398434
488.6534,0.687298
489.1355,0.703014
489.6176,0.231998
490.0998,0.1702
490.5819,0.911415
491.064,2.220287
491.5461,2.870529
492.0282,2.816711
492.5103,2.466896
492.9925,2.020935
493.4746,1.497955
493.9567,0.949631
494.4388,0.32449
494.9209,0.066246003
495.403,0.446434
495.8852,1.477264
496.3673,2.043919
496.8494,1.300007
497.3315,0.386246
497.8136,0.527641
498.2957,1.499062
498.7779,2.365688
499.26,2.623249
499.7421,2.612892
500.2242,2.610764
500.7063,2.712852
501.1884,2.559605
501.6706,1.499428
502.1527,0.369793
502.6348,0.039799001
503.1169,1.832489
503.599,2.971035
504.0811,2.844128
504.5633,1.816525
505.0454,1.220001
505.5275,1.1577
506.0096,1.367424
506.4917,1.930031
506.9738,2.941967
507.456,3.017372
507.9381,1.890388
508.4202,0.539932
508.9023,0.023964001
509.3844,0.16293
509.8665,0.482655
510.3487,0.811607
510.8308,1.236675
511.3129,2.118618
511.795,3.31905
512.2772,4.161629
512.7593,4.176182
513.2414,3.693638
513.7235,2.969738
514.2056,2.032078
514.6877,1.230957
515.1699,0.702744
515.652,0.459225
516.1341,0.565475
516.6162,1.289116
517.0983,1.827698
517.5804,1.719624
518.0626,1.323818
518.5447,1.257206
519.0268,2.267422
519.5089,2.905518
519.991,2.605877
520.4731,1.459801
520.9553,0.954784
521.4374,1.389172
521.9195,2.023422
522.4016,2.482048
522.8837,2.750282
523.3658,2.917175
523.848,2.996532
524.3301,2.948349
524.8122,2.558758
525.2943,1.870152
525.7764,1.606846
526.2585,2.151722
526.7407,3.016907
527.2228,3.159729
527.7049,2.727745
528.187,2.574738
528.6691,3.824257
529.1512,5.322311
529.6334,5.545982
530.1155,4.354691
530.5976,3.100861
531.0797,2.367832
531.5618,2.067623
532.0439,2.167229
532.5261,3.329132
533.0082,3.923843
533.4903,2.789993
533.9724,0.825245
534.4545,0.059006002
534.9366,2.338974
535.4188,4.099438
535.9009,4.29454
536.383,2.972324
536.8651,2.267307
537.3472,2.415112
537.8293,2.717335
538.3115,2.727158
538.7936,2.428196
539.2757,2.037121
539.7578,1.498634
540.2399,1.063171
540.722,1.142586
541.2042,1.660503
541.6863,2.194195
542.1684,2.672951
542.6505,3.037411
543.1326,3.081909
543.6147,2.90258
544.0969,2.871235
544.579,3.396996
545.0611,4.033245
545.5432,4.490627
546.0253,4.750957
546.5074,4.650131
546.9896,3.686531
547.4717,2.574791
547.9538,1.888691
548.4359,1.77533
548.918,2.034267
549.4001,3.038677
549.8823,4.28479
550.3644,4.887398
550.8465,4.531105
551.3286,4.12764
551.8107,3.869724
552.2928,3.749374
552.775,3.799946
553.2571,4.104511
553.7392,4.184616
554.2213,3.505535
554.7034,2.254128
555.1855,1.51569
555.6677,1.373642
556.1498,1.502575
556.6319,1.57428
557.114,1.660561
557.5961,1.933556
558.0782,2.552673
558.5604,3.187527
559.0425,3.626167
559.5246,3.874466
560.0067,3.938866
560.4888,3.800102
560.9709,3.496037
561.4531,2.912563
561.9352,2.053341
562.4173,1.506737
562.8994,1.312157
563.3815,1.480633
563.8636,2.137905
564.3458,3.782703
564.8279,4.482746
565.31,3.872444
565.7921,2.788815
566.2742,2.429699
566.7563,2.913555
567.2385,2.83477
567.7206,1.595272
568.2027,0.000179
568.6848,0.080654003
569.1669,1.63121
569.649,3.110611
570.1312,3.809315
570.6133,3.939529
571.0954,3.609486
571.5775,2.853176
572.0596,2.179516
572.5417,1.856873
573.0239,1.786091
573.506,1.950123
573.9881,2.560886
574.4702,2.978127
574.9523,2.834251
575.4344,2.428448
575.9166,2.141644
576.3987,2.081741
576.8808,2.034073
577.3629,1.861061
577.845,1.634567
578.3271,1.84903
578.8093,2.752411
579.2914,3.437763
579.7735,3.492023
580.2556,2.990547
580.7377,2.715431
581.2198,2.707024
581.702,2.683849
582.1841,2.199978
582.6662,1.530846
583.1483,1.426147
583.6304,2.076435
584.1125,2.811325
584.5947,3.071548
585.0768,3.045933
585.5589,3.001949
586.041,2.94981
586.5231,2.98933
587.0052,3.261398
587.4873,3.665565
587.9694,3.957462
588.4515,4.093372
588.9337,4.032425
589.4158,3.715935
589.8979,3.166187
590.38,3.104935
590.8621,3.812019
591.3442,4.441513
591.8264,4.414764
592.3085,3.681854
592.7906,3.259151
593.2727,3.235905
593.7548,3.307293
594.2369,3.129025
594.7191,2.697666
595.2012,2.281178
595.6833,1.87574
596.1654,1.624611
596.6475,1.881378
597.1296,2.413265
597.6118,2.729012
598.0939,2.527996
598.576,2.162849
599.0581,1.698296
599.5402,1.186935
600.0223,0.939034
600.5045,1.178127
600.9866,1.570045
601.4687,2.019447
601.9508,2.606953
602.4329,2.88089
602.915,2.741219
603.3972,2.42326
603.8793,2.140495
604.3614,1.904373
604.8435,1.512054
605.3256,0.861198
605.8077,0.237637
606.2899,0.170094
606.772,0.562469
607.2541,0.968384
607.7362,1.190315
608.2183,1.377628
608.7004,1.839657
609.1826,2.448589
609.6647,2.74522
610.1468,2.248604
610.6289,1.572315
611.111,1.028694
611.5931,0.630756
612.0753,0.447979
612.5574,0.592136
613.0395,0.88208
613.5216,1.244839
614.0037,1.832306
614.4858,2.083153
614.968,1.873909
615.4501,1.494492
615.9322,1.216873
616.4143,1.029678
616.8964,1.247047
617.3785,2.139542
617.8607,3.067589
618.3428,2.645477
618.8249,1.192646
619.307,0.045391001
619.7891,0.048255999
620.2712,0.373135
620.7534,1.028046
621.2355,1.813789
621.7176,2.222881
622.1997,1.559563
622.6818,0.817913
623.1639,0.642757
623.6461,1.20504
624.1282,1.496178
624.6103,1.295811
625.0924,0.901867
625.5745,0.441921
626.0566,0.255173
626.5388,0.505138
627.0209,0.181416
627.503,0.401489
627.9851,0.789787
628.4672,0.99712
628.9493,1.481384
629.4315,2.6063
629.9136,3.587151
630.3957,2.839729
630.8778,0.877827
631.3599,0.753925
631.842,1.123657
632.3242,1.025295
632.8063,0.953358
633.2884,0.912083
633.7705,0.8629
634.2526,1.041889
634.7347,0.994534
635.2169,0.245045
635.699,1.498146
636.1811,2.066673
636.6632,0.696877
637.1453,0.886044
637.6274,1.373497
638.1096,0.58144
638.5917,0.024498001
639.0738,0.384823
639.5559,0.537464
640.038,0.424534
640.5201,0.119553
641.0023,0.038067002
641.4844,0.084259003
641.9665,0.287449
642.4486,0.300602
642.9307,0.235947
643.4128,0.336094
643.895,1.225441
644.3771,1.79829
644.8592,1.164154
645.3413,0.376438
645.8234,1.219154
646.3055,0.297379
646.7877,0.528728
647.2698,0.552399
647.7519,0.270725
648.234,0.505142
648.7161,0.003208
649.1982,0.674309
649.6804,1.209698
650.1625,1.581852
650.6446,1.342579
651.1267,0.376617
651.6088,0.443405
652.0909,0.242256
652.5731,1.610981
653.0552,2.092587
653.5373,0.899372
654.0194,0.247765
654.5015,0.19257
654.9836,0.552399
655.4658,1.230999
655.9479,1.90551
656.43,2.195641
656.9121,1.656044
657.3942,0.69363
657.8763,0.475544
658.3585,1.363201
658.8406,2.140266
659.3227,2.382332
659.8048,2.204571
660.2869,2.169304
660.769,2.277519
661.2512,2.482182
661.7333,2.847572
662.2154,3.257378
662.6975,3.457287
663.1796,3.443226
663.6617,3.404545
664.1439,3.502033
664.626,3.615967
665.1081,3.679527
665.5902,3.747139
666.0723,3.534824
666.5544,2.424282
667.0366,1.329243
667.5187,1.121616
668.0008,2.416267
668.4829,3.333954
668.965,3.730938
669.4471,3.751709
669.9293,3.496803
670.4114,2.960526
670.8935,2.68536
671.3756,2.898335
671.8577,3.316635
672.3398,3.35881
672.822,3.182243
673.3041,3.3214
673.7862,4.628044
674.2683,5.85004
674.7504,5.836624
675.2325,4.839596
675.7147,4.174286
676.1968,4.55489
676.6789,5.062229
677.161,5.323006
677.6431,5.327789
678.1252,5.196934
678.6074,4.714855
679.0895,4.487381
679.5716,5.049423
680.0537,6.405434
680.5358,7.426788
681.0179,8.090897
681.5001,8.421127
681.9822,8.10881
682.4643,7.530167
682.9464,7.593647
683.4285,8.658474
683.9106,9.5215
684.3928,8.871471
684.8749,7.7687
685.357,7.441963
685.8391,8.84222
686.3212,10.21308
686.8033,11.39115
687.2855,12.3575
687.7676,13.03617
688.2497,13.29659
688.7318,13.63364
689.2139,14.153
689.696,14.74694
690.1782,14.94488
690.6603,14.77702
691.1424,14.85648
691.6245,15.61029
692.1066,16.68091
692.5887,17.67832
693.0709,18.61057
693.553,19.29102
694.0351,19.15742
694.5172,19.08
694.9993,19.62177
695.4814,20.8695
695.9636,22.06831
696.4457,22.78422
696.9278,23.68269
697.4099,25.24318
697.892,27.69997
698.3741,29.05143
698.8563,28.95509
699.3384,28.80185
699.8205,29.87981
700.3026,31.97081
700.7847,34.12904
701.2668,36.25091
701.749,38.48557
702.2311,40.83728
702.7132,43.43956
703.1953,46.52387
703.6774,50.49798
704.1595,54.29013
704.6417,56.96996
705.1238,59.34245
705.6059,62.52077
706.088,67.00015
706.5701,71.66034
707.0522,76.42585
707.5344,81.26755
708.0165,85.80498
708.4986,89.92242
708.9807,95.25772
709.4628,102.5949
709.9449,111.0418
710.4271,118.9881
710.9092,126.4437
711.3913,133.746
711.8734,140.9533
712.3555,148.0311
712.8376,154.7831
713.3198,161.3647
713.8019,168.421
714.284,176.2577
714.7661,184.5931
715.2482,193.3262
715.7303,202.4446
716.2125,211.7417
716.6946,221.3135
717.1767,231.0026
717.6588,240.5571
718.1409,250.067
718.623,259.703
719.1052,269.6023
719.5873,279.6721
720.0694,290.9617
720.5515,302.0806
721.0336,311.4162
721.5157,318.6349
721.9979,324.6283
722.48,331.0269
722.9621,335.6649
723.4442,336.8034
723.9263,333.8601
724.4084,328.2298
724.8906,319.7403
725.3727,308.6664
725.8548,294.9333
726.3369,278.3054
726.819,260.9435
727.3011,243.1842
727.7833,224.9919
728.2654,205.9215
728.7475,186.782
729.2296,169.5065
729.7117,155.0545
730.1938,141.8051
730.676,128.695
731.1581,116.2279
731.6402,105.0057
732.1223,95.54841
732.6044,86.95633
733.0865,79.1357
733.5687,72.10968
734.0508,65.87852
734.5329,60.38532
735.015,55.59909
735.4971,51.6125
735.9792,48.2328
736.4614,45.16309
736.9435,42.35232
737.4256,39.54188
737.9077,36.40979
738.3898,33.35953
738.8719,30.81881
739.3541,28.70208
739.8362,26.82109
740.3183,25.03925
740.8004,23.26986
741.2825,21.41681
741.7646,19.55521
742.2468,18.39977
742.7289,18.24577
743.211,18.06063
743.6931,17.30632
744.1752,16.11029
744.6573,15.30216
745.1395,14.87234
745.6216,14.24685
746.1037,12.73994
746.5858,10.97229
747.0679,9.676315
747.55,8.883884
748.0322,8.431206
748.5143,8.591389
748.9964,8.793385
749.4785,8.681938
749.9606,8.241833
750.4427,7.817242
750.9249,7.282242
751.407,6.699303
751.8891,6.068981
752.3712,5.397835
752.8533,5.291214
753.3354,5.743622
753.8176,6.218227
754.2997,6.186764
754.7818,5.823544
755.2639,5.421036
755.746,5.057896
756.2281,4.452755
756.7103,2.978306
757.1924,1.484863
757.6745,0.735859
758.1566,1.125996
758.6387,1.731667
759.1208,2.787346
759.603,3.759727
760.0851,4.042629
760.5672,3.616596
761.0493,3.147072
761.5314,2.712238
762.0135,2.223042
762.4957,1.323399
762.9778,0.345043
763.4599,0.061039001
763.942,0.411243
764.4241,1.142185
764.9063,2.282955
765.3884,3.291634
765.8705,3.487083
766.3526,1.732243
766.8347,0.70118
767.3168,0.745041
767.799,1.335121
768.2811,1.749462
768.7632,1.990974
769.2453,1.961132
769.7274,1.579922
770.2095,1.073902
770.6917,0.723339
771.1738,0.498642
771.6559,0.334625
772.138,0.254242
772.6201,0.169216
773.1022,0.012165
773.5844,0.183159
774.0665,0.361687
774.5486,0.653561
775.0307,0.711468
775.5128,0.389458
775.9949,0.123302
776.4771,0.421284
776.9592,0.505299
777.4413,0.4468
777.9234,0.152725
778.4055,0.131332
778.8876,0.072734997
779.3698,0.588428
779.8519,0.962589
780.334,0.874249
780.8161,0.718376
781.2982,0.692509
781.7803,0.734913
782.2625,0.671143
782.7446,0.483795
783.2267,0.185135
783.7088,0.337498
784.1909,0.908054
784.673,0.940338
785.1552,0.440636
785.6373,0.0088160001
786.1194,0.179237
786.6015,0.171906
787.0836,0.017262001
787.5657,0.204929
788.0479,0.270199
788.53,0.11512
789.0121,0.487991
789.4942,0.722225
789.9763,0.783058
790.4584,0.52853
790.9406,0.394436
791.4227,0.911556
791.9048,0.577827
792.3869,0.287254
792.869,0.621586
793.3511,0.460052
793.8333,0.296726
794.3154,0.337639
794.7975,0.522835
795.2796,1.050266
795.7617,1.70417
796.2438,1.774063
796.726,0.032368001
797.2081,1.363819
797.6902,1.316113
798.1723,0.193199
798.6544,0.584553
799.1365,0.934563
799.6187,1.141209
800.1008,1.276634
800.5829,1.346611
801.065,1.381313
801.5471,1.373398
802.0292,1.273369
802.5114,0.922085
802.9935,0.570801
803.4756,0.399918
803.9577,0.415737
804.4398,0.640064
804.9219,1.577011
805.4041,2.160892
805.8862,2.040997
806.3683,1.339962
806.8504,0.384098
807.3325,1.0224
807.8146,1.659449
808.2968,0.669998
808.7789,1.036938
809.261,1.172115
809.7431,0.12608
810.2252,0.509048
810.7073,0.746559
811.1895,2.081223
811.6716,2.204014
812.1537,1.42477
812.6358,0.942837
813.1179,1.05695
813.6,1.350864
814.0822,1.923935
814.5643,2.558342
815.0464,2.215176
815.5285,0.869499
816.0106,0.01292
816.4927,0.513973
816.9749,1.579735
817.457,2.160561
817.9391,2.313801
818.4212,2.221371
818.9033,1.573193
819.3854,1.103054
819.8676,1.270329
820.3497,1.873718
820.8318,2.209778
821.3139,2.192387
821.796,2.087257
822.2781,1.909012
822.7603,1.726112
823.2424,1.799541
823.7245,2.063702
824.2066,2.070702
824.6887,1.341103
825.1708,0.652004
825.653,0.851707
826.1351,1.624096
826.6172,2.25536
827.0993,2.384163
827.5814,2.563961
828.0635,3.169712
828.5457,3.787441
829.0278,3.312233
829.5099,1.477139
829.992,0.440426
830.4741,0.947861
830.9562,2.067936
831.4384,2.247158
831.9205,1.827629
832.4026,1.729362
832.8847,2.871677
833.3668,3.634617
833.8489,2.589516
834.3311,0.746155
834.8132,0.076266997
835.2953,0.832016
835.7774,1.577572
836.2595,2.019081
836.7416,2.142323
837.2238,1.691818
837.7059,0.764751
838.188,0.371239
838.6701,0.858215
839.1522,1.547493
839.6343,1.810596
840.1165,1.814087
840.5986,1.786678
841.0807,1.7864
841.5628,1.742973
842.0449,1.490299
842.527,1.306488
843.0092,1.588551
843.4913,2.505711
843.9734,2.743019
844.4555,2.022789
844.9376,1.218197
845.4197,1.640179
845.9019,2.69593
846.384,3.018856
846.8661,2.138203
847.3482,1.459812
847.8303,2.167679
848.3124,3.202686
848.7946,3.515644
849.2767,2.574482
849.7588,2.214981
850.2409,2.698624
850.723,3.277538
851.2051,3.286434
851.6873,2.812168
852.1694,2.355835
852.6515,1.939182
853.1336,1.7603
853.6157,2.284286
854.0978,2.929028
854.58,3.079933
855.0621,2.520435
855.5442,2.000999
856.0263,1.714058
856.5084,1.523491
856.9905,1.364193
857.4727,1.235939
857.9548,1.326153
858.4369,1.661133
858.919,1.932514
859.4011,1.756413
859.8832,1.461258
860.3654,1.635662
860.8475,2.239918
861.3296,2.808208
861.8117,3.251518
862.2938,3.498051
862.7759,3.381027
863.2581,2.977028
863.7402,2.856518
864.2223,3.08815
864.7044,3.427708
865.1865,3.780514
865.6686,4.032734
866.1508,3.833324
866.6329,3.300995
867.115,2.937122
867.5971,2.826019
868.0792,3.104687
868.5613,4.382107
869.0435,6.202202
869.5256,7.162239
870.0077,6.445152
870.4898,6.225067
870.9719,7.075245
871.454,8.469482
871.9362,9.363483
872.4183,9.770027
872.9004,9.676529
873.3825,8.801384
873.8646,8.008911
874.3467,8.311317
874.8289,9.204021
875.311,9.931313
875.7931,10.01356
876.2752,10.28112
876.7573,10.82927
877.2394,11.55325
877.7216,12.40517
878.2037,13.4056
878.6858,14.09438
879.1679,14.35684
879.65,14.56434
880.1321,15.15855
880.6143,15.96006
881.0964,16.82535
881.5785,17.87156
882.0606,18.25658
882.5427,17.54262
883.0248,16.12819
883.507,14.13984
883.9891,11.30823
884.4712,9.6782
884.9533,9.483665
885.4354,9.365559
885.9175,8.108181
886.3997,6.203388
886.8818,4.476913
887.3639,3.020847
887.846,2.227795
888.3281,2.69437
888.8102,3.493046
889.2924,4.304241
889.7745,5.077873
890.2566,5.268261
890.7387,4.722809
891.2208,4.043346
891.7029,3.451637
892.1851,2.909866
892.6672,2.130074
893.1493,1.295662
893.6314,0.9701
894.1135,1.887493
894.5956,2.832298
895.0778,3.04998
895.5599,2.784073
896.042,2.662346
896.5241,2.860493
897.0062,3.013588
897.4883,3.051838
897.9705,2.960781
898.4526,2.637779
898.9347,2.178791
899.4168,1.871674
899.8989,1.762844
900.381,1.894058
900.8632,2.593395
901.3453,3.391335
901.8274,3.747147
902.3095,3.230484
902.7916,2.83461
903.2737,2.580368
903.7559,2.431305
904.238,2.310661
904.7201,2.241325
905.2022,2.649685
905.6843,3.602249
906.1664,4.21619
906.6486,3.231678
907.1307,1.953217
907.6128,1.653675
908.0949,2.513023
908.577,3.09597
909.0591,3.084923
909.5413,2.948406
910.0234,2.894371
910.5055,2.889557
910.9876,2.575916
911.4697,1.993935
911.9518,1.56971
912.434,1.577892
912.9161,1.835918
913.3982,2.318192
913.8803,2.902771
914.3624,3.264664
914.8445,2.970901
915.3267,2.833431
915.8088,3.016703
916.2909,3.391079
916.773,3.796124
917.2551,4.217308
917.7372,4.180996
918.2194,3.462646
918.7015,2.634388
919.1836,2.300346
919.6657,2.262238
920.1478,2.284531
920.6299,2.514645
921.1121,2.374031
921.5942,1.373909
922.0763,0.456581
922.5584,0.567001
923.0405,1.735769
923.5226,2.208235
924.0048,1.865932
924.4869,1.534637
924.969,2.172794
925.4511,3.095615
925.9332,3.44058
926.4153,3.162201
926.8975,2.928148
927.3796,2.918737
927.8617,3.017017
928.3438,3.306065
928.8259,3.699505
929.308,3.623762
929.7902,3.032333
930.2723,2.392803
930.7544,1.908218
931.2365,1.621458
931.7186,1.60387
932.2007,1.771002
932.6829,1.948542
933.165,1.878136
933.6471,2.139462
934.1292,3.13294
934.6113,4.177462
935.0934,4.127647
935.5756,3.02235
936.0577,2.501251
936.5398,2.827971
937.0219,3.257206
937.504,3.022148
937.9861,2.557657
938.4683,2.361706
938.9504,2.556847
939.4325,2.775257
939.9146,2.946985
940.3967,3.137995
940.8788,3.383976
941.361,3.682936
941.8431,4.100075
942.3252,4.625656
942.8073,4.875866
943.2894,4.54142
943.7715,3.895428
944.2537,2.857889
944.7358,1.653193
945.2179,1.084023
945.7,1.930246
946.1821,2.581459
946.6642,2.69902
947.1464,2.555527
947.6285,2.759007
948.1106,3.254166
948.5927,3.671696
949.0748,4.012211
949.5569,3.9678
950.0391,2.674114
950.5212,1.102116
951.0033,0.458454
951.4854,1.470642
951.9675,2.248787
952.4496,2.853706
952.9318,3.054028
953.4139,2.431549
953.896,1.184872
954.3781,0.399307
954.8602,0.105186
955.3423,0.299759
955.8245,1.620857
956.3066,2.876217
956.7887,3.05798
957.2708,2.288441
957.7529,1.898312
958.235,2.09021
958.7172,2.305599
959.1993,2.419037
959.6814,2.435116
960.1635,2.363434
960.6456,2.202408
961.1277,1.892723
961.6099,1.171787
962.092,0.80101
962.5741,1.775093
963.0562,3.022957
963.5383,3.232132
964.0204,1.795887
964.5026,1.048931
964.9847,1.113281
965.4668,1.490612
965.9489,1.944519
966.431,2.314426
966.9131,2.080162
967.3953,1.286011
967.8774,0.879982
968.3595,1.996811
968.8416,2.951973
969.3237,2.767887
969.8058,1.722466
970.288,1.098515
970.7701,0.953049
971.2522,0.686852
971.7343,0.050953001
972.2164,0.766464
972.6985,0.574718
973.1807,0.12542
973.6628,0.549488
974.1449,0.183521
974.627,0.010529
975.1091,0.164139
975.5912,0.564831
976.0734,1.255028
976.5555,2.255329
977.0376,2.252087
977.5197,1.131462
978.0018,0.044426002
978.4839,0.226891
978.9661,0.695221
979.4482,0.315434
979.9303,0.925144
980.4124,1.75745
980.8945,1.952755
981.3766,1.733795
981.8588,0.933121
982.3409,0.060017001
982.823,0.055187002
983.3051,1.047989
983.7872,1.678318
984.2693,1.345634
984.7515,0.831444
985.2336,0.490952
985.7157,0.373611
986.1978,0.616673
986.6799,1.748497
987.162,1.907963
987.6442,0.82711
988.1263,0.464928
988.6084,1.099957
989.0905,1.221432
989.5726,1.032932
990.0547,0.591076
990.5369,0.2742
991.019,0.534275
991.5011,0.702328
991.9832,0.421661
992.4653,0.210335
992.9474,0.976547
993.4296,1.94125
993.9117,2.369583
994.3938,1.882805
994.8759,1.092518
995.358,0.767448
995.8401,0.731815
996.3223,0.683033
996.8044,0.533844
997.2865,0.376461
997.7686,0.266762
998.2507,0.104362
998.7328,0.311043
999.215,0.941986
999.6971,0.931747
1000.179,0.292152
1000.661,0.393311
1001.143,0.824421
1001.626,1.054375
1002.108,1.094242
1002.59,0.98431
1003.072,0.811535
1003.554,0.515354
1004.036,0.18269
1004.518,0.216393
1005.0,0.518871
1005.482,0.344975
1005.965,0.137978
1006.447,0.55637
1006.929,0.901604
1007.411,0.851517
1007.893,0.366539
1008.375,1.494507
1008.857,1.536724
1009.339,0.447678
1009.822,0.044043999
1010.304,0.080340996
1010.786,0.451756
1011.268,0.872162
1011.75,1.345776
1012.232,2.203629
1012.714,3.17503
1013.196,3.475765
1013.678,2.077663
1014.161,1.102688
1014.643,0.91785
1015.125,1.178043
1015.607,1.444904
1016.089,1.730011
1016.571,2.022285
1017.053,2.30267
1017.535,2.735798
1018.018,3.738319
1018.5,4.7201
1018.982,5.202114
1019.464,5.131802
1019.946,4.843273
1020.428,4.227436
1020.91,4.006275
1021.392,4.719067
1021.874,5.773884
1022.357,5.969612
1022.839,5.597023
1023.321,5.290188
1023.803,5.382435
1024.285,5.385624
1024.767,4.842236
1025.249,4.442616
1025.731,5.00898
1026.214,6.586098
1026.696,7.63834
1027.178,8.087753
1027.66,8.476177
1028.142,9.49966
1028.624,10.43721
1029.106,10.50648
1029.588,9.766308
1030.07,9.184738
1030.553,8.728176
1031.035,8.945435
1031.517,10.20138
1031.999,11.69243
1032.481,11.85368
1032.963,11.20346
1033.445,11.12133
1033.927,12.17917
1034.41,12.88622
1034.892,12.10483
1035.374,11.13057
1035.856,10.7638
1036.338,11.04741
1036.82,11.90432
1037.302,13.30254
1037.784,14.59526
1038.266,15.30598
1038.749,15.89631
1039.231,16.87775
1039.713,18.12196
1040.195,19.21927
1040.677,20.24138
1041.159,20.52389
1041.641,19.73526
1042.123,18.87419
1042.605,19.30324
1043.088,20.5665
1043.57,21.30657
1044.052,21.36342
1044.534,21.41558
1045.016,21.72712
1045.498,22.46877
1045.98,23.88168
1046.462,25.69024
1046.945,26.80411
1047.427,27.20675
1047.909,27.6942
1048.391,28.57852
1048.873,29.5149
1049.355,29.86077
1049.837,30.15596
1050.319,31.19753
1050.802,33.76182
1051.284,35.44495
1051.766,35.91808
1052.248,36.28587
1052.73,37.17584
1053.212,38.545
1053.694,40.75579
1054.176,43.51253
1054.658,45.46512
1055.141,44.50613
1055.623,44.30981
1056.105,46.49041
1056.587,50.04786
1057.069,53.90905
1057.551,58.10969
1058.033,61.15145
1058.515,62.74868
1058.997,64.05585
1059.48,65.96491
1059.962,68.24157
1060.444,70.54488
1060.926,72.85806
1061.408,76.16602
1061.89,80.89547
1062.372,85.47984
1062.854,89.24905
1063.337,92.72934
1063.819,96.58637
1064.301,100.9025
1064.783,105.9616
1065.265,112.3823
1065.747,118.3007
1066.229,122.3494
1066.711,126.5237
1067.193,132.434
1067.676,139.8989
1068.158,145.9351
1068.64,150.694
1069.122,156.0336
1069.604,163.7141
1070.086,171.8117
1070.568,178.4585
1071.05,184.9069
1071.532,193.9541
1072.015,206.773
1072.497,218.227
1072.979,227.6496
1073.461,236.8568
1073.943,247.9882
1074.425,260.0186
1074.907,271.5298
1075.389,282.3578
1075.872,293.8914
1076.354,305.6235
1076.836,319.184
1077.318,334.8532
1077.8,352.6188
1078.282,372.6876
1078.764,395.312
1079.246,421.393
1079.729,451.1503
1080.211,485.3896
1080.693,522.5869
1081.175,566.7517
1081.657,619.3186
1082.139,680.3879
1082.621,747.4575
1083.103,821.0239
1083.585,902.5383
1084.068,993.8863
1084.55,1092.943
1085.032,1197.347
1085.514,1307.438
1085.996,1421.642
1086.478,1540.94
1086.96,1661.181
1087.442,1781.788
1087.924,1904.855
1088.406,2028.146
1088.889,2156.822
1089.371,2300.563
1089.853,2460.367
1090.335,2638.896
1090.817,2840.452
1091.299,3057.828
1091.781,3286.383
1092.263,3532.533
1092.746,3815.044
1093.228,4125.368
1093.71,4422.874
1094.192,4702.835
1094.674,4947.295
1095.156,5170.517
1095.638,5329.849
1096.12,5400.152
1096.603,5384.481
1097.085,5272.42
1097.567,5062.917
1098.049,4777.578
1098.531,4411.273
1099.013,3997.909
1099.495,3532.691
1099.977,3057.075
1100.459,2614.438
1100.942,2210.644
1101.424,1857.148
1101.906,1554.423
1102.388,1298.437
1102.87,1089.43
1103.352,919.9047
1103.834,778.7629
1104.316,662.7569
1104.798,566.6865
1105.281,494.544
1105.763,433.7285
1106.245,384.3697
1106.727,342.3318
1107.209,304.9233
1107.691,271.6624
1108.173,242.8633
1108.655,218.1583
1109.138,196.9162
1109.62,179.2812
1110.102,164.165
1110.584,151.3265
1111.066,140.2671
1111.548,130.0323
1112.03,120.5292
1112.512,110.9127
1112.995,100.7879
1113.477,91.43901
1113.959,83.8503
1114.441,77.59039
1114.923,72.59407
1115.405,68.77972
1115.887,64.99445
1116.369,61.18402
1116.851,57.53463
1117.333,54.16068
1117.816,50.8725
1118.298,47.34893
1118.78,43.7821
1119.262,40.4035
1119.744,37.10901
1120.226,34.72764
1120.708,33.70335
1121.19,32.41382
1121.673,29.36066
1122.155,25.66212
1122.637,24.27574
1123.119,24.39687
1123.601,23.78816
1124.083,20.49195
1124.565,17.94931
1125.047,16.91872
1125.53,16.45543
1126.012,15.75511
1126.494,14.85144
1126.976,13.97723
1127.458,13.12055
1127.94,12.04597
1128.422,10.03778
1128.904,8.424919
1129.386,8.114162
1129.869,8.366512
1130.351,8.000832
1130.833,7.037361
1131.315,6.584724
1131.797,6.805737
1132.279,6.871368
1132.761,5.677212
1133.243,4.512627
1133.725,4.700741
1134.208,5.834167
1134.69,5.501724
1135.172,3.408207
1135.654,2.14613
1136.136,2.478065
1136.618,3.206627
1137.1,3.193741
1137.582,2.758049
1138.065,2.090477
1138.547,1.159969
1139.029,0.786545
1139.511,1.130383
1139.993,1.532059
1140.475,1.758297
1140.957,1.857838
1141.439,2.098106
1141.922,2.207092
1142.404,1.5839
1142.886,0.564262
1143.368,1.591515
1143.85,1.019981
1144.332,0.034584001
1144.814,1.192501
1145.296,2.173218
1145.778,1.92094
1146.26,0.862263
1146.743,0.239639
1147.225,1.1152
1147.707,1.694321
1148.189,1.731773
1148.671,1.403374
1149.153,0.634972
1149.635,0.40609
1150.117,0.733887
1150.6,0.437462
1151.082,0.335831
1151.564,1.336857
1152.046,2.006405
1152.528,1.478119
1153.01,0.625095
1153.492,0.745281
1153.974,1.723007
1154.457,2.29002
1154.939,2.327328
1155.421,2.034561
1155.903,1.197826
1156.385,0.410542
1156.867,0.029011
1157.349,0.036617
1157.831,0.052604999
1158.313,0.299767
1158.796,0.700932
1159.278,1.30542
1159.76,1.666546
1160.242,0.964218
1160.724,0.223446
1161.206,0.527382
1161.688,1.682598
1162.17,1.940918
1162.652,1.229355
1163.135,0.57476
1163.617,0.198944
1164.099,0.115887
1164.581,0.826504
1165.063,1.531353
1165.545,1.138771
1166.027,0.602844
1166.509,1.328831
1166.992,0.872826
1167.474,0.348366
1167.956,0.199135
1168.438,0.208332
1168.92,0.082705997
1169.402,0.068085
1169.884,0.074211001
1170.366,0.172134
1170.849,0.313381
1171.331,0.334488
1171.813,0.297935
1172.295,0.138226
1172.777,0.038368002
1173.259,0.411942
1173.741,1.043083
1174.223,1.503036
1174.705,1.66309
1175.188,1.660713
1175.67,1.502331
1176.152,1.174004
1176.634,0.460592
1177.116,0.332788
1177.598,0.648775
1178.08,0.543091
1178.562,0.210789
1179.044,0.614325
1179.527,1.149342
1180.009,1.247963
1180.491,1.238276
1180.973,1.448046
1181.455,1.786076
1181.937,2.030788
1182.419,2.197104
1182.901,2.403555
1183.384,2.981796
1183.866,3.146408
1184.348,2.624847
1184.83,1.922108
1185.312,1.64908
1185.794,1.703081
1186.276,1.837368
1186.758,2.030226
1187.24,2.282108
1187.723,2.675907
1188.205,3.044893
1188.687,3.47901
1189.169,3.693535
1189.651,2.834501
1190.133,1.394333
1190.615,1.062134
1191.097,2.060291
1191.579,3.046099
1192.062,3.463667
1192.544,3.727282
1193.026,4.051716
1193.508,4.238462
1193.99,3.589766
1194.472,2.420246
1194.954,1.901232
1195.436,2.296469
1195.919,2.811453
1196.401,3.215733
1196.883,3.499586
1197.365,3.589226
1197.847,3.61059
1198.329,3.983431
1198.811,4.623531
1199.293,5.235542
1199.776,5.80291
1200.258,6.02829
1200.74,5.447525
1201.222,4.774799
1201.704,4.448713
1202.186,4.381254
1202.668,4.099491
1203.15,3.727205
1203.632,3.87941
1204.115,5.121178
1204.597,5.823612
1205.079,4.623024
1205.561,3.242697
1206.043,2.631937
1206.525,2.693342
1207.007,3.184931
1207.489,3.970682
1207.971,4.476835
1208.454,4.329195
1208.936,4.229986
1209.418,4.468708
1209.9,4.791319
1210.382,5.21969
1210.864,5.687445
1211.346,5.372643
1211.828,4.399187
1212.311,3.648821
1212.793,3.748875
1213.275,3.845293
1213.757,3.376556
1214.239,3.089291
1214.721,3.776936
1215.203,5.196798
1215.685,5.445183
1216.167,4.696451
1216.65,3.930655
1217.132,3.52109
1217.614,3.327768
1218.096,3.729649
1218.578,4.010571
1219.06,3.141024
1219.542,1.370552
1220.024,0.920334
1220.506,1.688908
1220.989,2.563122
1221.471,3.037395
1221.953,3.217974
1222.435,3.540268
1222.917,3.673096
1223.399,3.358583
1223.881,2.724731
1224.363,2.460026
1224.846,2.564106
1225.328,2.682959
1225.81,2.661224
1226.292,2.765074
1226.774,3.039585
1227.256,3.274597
1227.738,3.081066
1228.22,2.578114
1228.703,2.300961
1229.185,2.249977
1229.667,2.215059
1230.149,2.04442
1230.631,2.073212
1231.113,2.434151
1231.595,2.891865
1232.077,3.205338
1232.559,3.398661
1233.042,3.399092
1233.524,3.210768
1234.006,2.978342
1234.488,2.468571
1234.97,2.316124
1235.452,2.63674
1235.934,3.1008
1236.416,3.257513
1236.898,3.207853
1237.381,3.404867
1237.863,3.794186
1238.345,3.839268
1238.827,2.778008
1239.309,2.33853
1239.791,3.031073
1240.273,3.954853
1240.755,3.770842
1241.238,3.015528
1241.72,2.726013
1242.202,2.903769
1242.684,2.839083
1243.166,2.152781
1243.648,1.830196
1244.13,2.161123
1244.612,2.644529
1245.094,2.549646
1245.577,2.217493
1246.059,2.232141
1246.541,2.598539
1247.023,2.637018
1247.505,2.017487
1247.987,1.910755
1248.469,2.694481
1248.951,3.547775
1249.433,3.549038
1249.916,3.167631
1250.398,2.590481
1250.88,1.873009
1251.362,1.404793
1251.844,1.228588
1252.326,1.192875
1252.808,1.283854
1253.29,1.417599
1253.773,1.587242
1254.255,1.679104
1254.737,1.574984
1255.219,1.274426
1255.701,0.821568
1256.183,0.148031
1256.665,0.0099999998
1257.147,0.597198
1257.63,1.272381
1258.112,1.34795
1258.594,1.228251
1259.076,1.21769
1259.558,1.316128
1260.04,1.517395
1260.522,1.819006
1261.004,1.95793
1261.486,1.860954
1261.969,1.69829
1262.451,1.43117
1262.933,1.312386
1263.415,1.532415
1263.897,2.019014
1264.379,2.777985
1264.861,3.679218
1265.343,3.524242
1265.825,1.89455
1266.308,0.548454
1266.79,0.804804
1267.272,1.27664
1267.754,1.383991
1268.236,1.266972
1268.718,0.883299
1269.2,0.340357
1269.682,0.000267
1270.165,0.082126997
1270.647,0.14456
1271.129,1.199539
1271.611,1.920656
1272.093,1.868872
1272.575,1.36771
1273.057,0.966125
1273.539,0.665728
1274.021,0.443241
1274.504,0.29694
1274.986,0.309837
1275.468,0.439243
1275.95,0.454735
1276.432,0.203632
1276.914,0.005812
1277.396,0.393501
1277.878,0.0
1500.0,0.0
