WavwNum_Gaspeite,value_Gaspeite
100.0,0.0
167.6309,0.0
168.113,0.116692
168.5951,0.471851
169.0772,0.821701
169.5593,1.253616
170.0414,1.858196
170.5236,2.841694
171.0057,3.751472
171.4878,3.797691
171.9699,3.270649
172.452,2.524174
172.9341,1.339909
173.4163,0.191795
173.8984,0.310661
174.3805,0.168358
174.8626,0.972836
175.3447,1.621204
175.8268,2.105682
176.309,2.382236
176.7911,2.245609
177.2732,1.910595
177.7553,1.741131
178.2374,1.923611
178.7195,2.201473
179.2017,2.187782
179.6838,1.915642
180.1659,1.699974
180.648,1.918983
181.1301,2.380554
181.6122,2.662792
182.0944,2.464417
182.5765,2.05695
183.0586,1.869862
183.5407,1.902397
184.0228,1.907234
184.5049,1.503899
184.9871,0.843845
185.4692,0.496861
185.9513,0.737186
186.4334,1.364109
186.9155,2.06395
187.3976,2.865143
187.8798,3.38063
188.3619,2.904278
188.844,1.619675
189.3261,0.751675
189.8082,0.922474
190.2903,1.817539
190.7725,2.267788
191.2546,2.222309
191.7367,2.035759
192.2188,2.262619
192.7009,2.864693
193.183,3.084427
193.6652,2.418034
194.1473,1.049973
194.6294,0.163399
195.1115,0.208889
195.5936,0.218117
196.0757,0.025288001
196.5579,0.528221
197.04,1.037586
197.5221,1.491814
198.0042,1.884933
198.4863,2.081211
198.9684,2.006882
199.4506,1.898342
199.9327,2.229401
200.4148,3.078381
200.8969,3.671944
201.379,3.502682
201.8611,2.526356
202.3433,2.195938
202.8254,2.71233
203.3075,3.552021
203.7896,3.717083
204.2717,3.045738
204.7538,2.526466
205.236,2.663502
205.7181,3.54628
206.2002,4.245323
206.6823,4.727383
207.1644,5.06638
207.6465,5.341637
208.1287,5.482574
208.6108,5.794647
209.0929,6.483521
209.575,7.656712
210.0571,8.642902
210.5392,9.421421
211.0214,10.04125
211.5035,10.64808
211.9856,11.33054
212.4677,11.74846
212.9498,11.62925
213.4319,10.68801
213.914,10.26068
214.3962,10.49369
214.8783,11.15717
215.3604,11.84716
215.8425,12.56646
216.3246,13.41861
216.8067,14.37203
217.2889,15.49826
217.771,16.25079
218.2531,16.43622
218.7352,16.33469
219.2173,16.65605
219.6994,17.5854
220.1816,18.63211
220.6637,19.54055
221.1458,20.37002
221.6279,20.93251
222.11,21.09387
222.5921,20.98155
223.0743,21.07539
223.5564,21.5143
224.0385,21.96334
224.5206,22.39278
225.0027,22.90857
225.4848,23.19618
225.967,23.21682
226.4491,23.03233
226.9312,22.79468
227.4133,22.49825
227.8954,22.1581
228.3775,21.77496
228.8597,21.29283
229.3418,20.9017
229.8239,20.70679
230.306,20.57292
230.7881,20.12868
231.2702,19.26091
231.7524,18.21877
232.2345,17.1373
232.7166,15.96465
233.1987,14.79215
233.6808,13.57565
234.1629,12.37505
234.6451,11.32638
235.1272,10.45345
235.6093,9.711658
236.0914,9.082932
236.5735,8.566597
237.0556,8.19215
237.5378,8.107239
238.0199,8.124107
238.502,7.725456
238.9841,6.606884
239.4662,5.518284
239.9483,4.812752
240.4305,4.768383
240.9126,4.439751
241.3947,3.605267
241.8768,2.554123
242.3589,2.028625
242.841,2.290546
243.3232,2.672989
243.8053,2.909954
244.2874,2.975143
244.7695,2.959667
245.2516,2.88232
245.7337,2.717907
246.2159,2.372299
246.698,1.643272
247.1801,1.051922
247.6622,0.832832
248.1443,1.164036
248.6264,1.374027
249.1086,1.46492
249.5907,1.437099
250.0728,1.244247
250.5549,0.675331
251.037,0.298542
251.5191,0.39922
252.0013,1.203419
252.4834,1.724613
252.9655,1.90884
253.4476,1.835354
253.9297,1.598003
254.4118,1.037907
254.894,0.603828
255.3761,0.517666
255.8582,0.935898
256.3403,1.047199
256.8224,0.706505
257.3046,0.171391
257.7867,0.114044
258.2688,0.053993002
258.7509,0.051231001
259.233,0.113113
259.7151,0.130451
260.1973,0.098330997
260.6794,0.062042002
261.1615,0.193634
261.6436,0.001282
262.1257,0.739277
262.6078,1.279377
263.09,1.363785
263.5721,0.949749
264.0542,0.449131
264.5363,0.306446
265.0184,0.954826
265.5005,0.949318
265.9827,0.018897999
266.4648,0.774002
266.9469,1.109371
267.429,0.978081
267.9111,0.790104
268.3932,0.495995
268.8754,0.22361
269.3575,0.152554
269.8396,0.355606
270.3217,0.489975
270.8038,0.460182
271.2859,0.274582
271.7681,0.064181998
272.2502,0.22221
272.7323,0.42757
273.2144,0.302624
273.6965,0.254429
274.1786,0.580074
274.6608,0.455524
275.1429,0.038562998
275.625,0.31567
276.1071,0.340088
276.5892,0.250534
277.0714,0.123497
277.5535,0.061168998
278.0356,0.083774999
278.5177,0.192001
278.9998,0.636559
279.4819,0.686153
279.9641,0.286587
280.4462,0.282249
280.9283,0.914787
281.4104,1.618397
281.8925,1.97435
282.3746,1.842133
282.8568,1.380001
283.3389,0.976074
283.821,0.617504
284.3031,0.412937
284.7852,0.547092
285.2673,0.990437
285.7495,1.231213
286.2316,1.179409
286.7137,0.932816
287.1958,0.626778
287.6779,0.255222
288.16,0.0059620002
288.6422,0.030471999
289.1243,0.314041
289.6064,0.413094
290.0885,0.204056
290.5706,0.021973001
291.0527,0.631393
291.5349,1.964081
292.017,3.013172
292.4991,2.952003
292.9812,2.114922
293.4633,1.779381
293.9454,2.093739
294.4276,2.553509
294.9097,2.355747
295.3918,1.642082
295.8739,1.163387
296.356,1.525242
296.8381,2.358768
297.3203,2.73941
297.8024,2.609016
298.2845,2.380276
298.7666,2.587025
299.2487,3.069988
299.7308,3.344471
300.213,2.96006
300.6951,2.339085
301.1772,2.231701
301.6593,2.636002
302.1414,3.113308
302.6235,3.236973
303.1057,3.157177
303.5878,3.177124
304.0699,3.491283
304.552,3.882042
305.0341,4.057808
305.5162,4.04517
305.9984,4.075863
306.4805,4.461617
306.9626,4.955429
307.4447,5.176624
307.9268,4.835194
308.4089,4.44326
308.8911,4.440456
309.3732,4.772938
309.8553,5.220749
310.3374,5.693203
310.8195,6.19968
311.3016,6.759605
311.7838,7.421333
312.2659,8.040379
312.748,8.462505
313.2301,8.757462
313.7122,9.10677
314.1943,9.760368
314.6765,10.39767
315.1586,10.65214
315.6407,10.2272
316.1228,10.25772
316.6049,11.63104
317.087,13.77044
317.5692,15.70745
318.0513,17.03905
318.5334,18.14488
319.0155,19.2189
319.4976,20.3251
319.9797,21.24889
320.4619,21.59946
320.944,21.84052
321.4261,22.4847
321.9082,23.97362
322.3903,25.55804
322.8724,27.11448
323.3546,28.67516
323.8367,29.96968
324.3188,30.25385
324.8009,30.54967
325.283,31.63497
325.7651,34.66492
326.2473,37.32006
326.7294,38.94162
327.2115,39.71341
327.6936,41.10903
328.1757,43.8196
328.6578,46.71516
329.14,49.24327
329.6221,50.95428
330.1042,52.84984
330.5863,54.99324
331.0684,57.36592
331.5505,59.78105
332.0327,62.22359
332.5148,64.73005
332.9969,67.43272
333.479,70.64429
333.9611,72.97949
334.4432,74.0552
334.9254,74.48948
335.4075,75.38813
335.8896,77.17557
336.3717,78.54868
336.8538,79.04789
337.3359,78.63776
337.818,78.13577
338.3001,77.75987
338.7823,76.9405
339.2644,74.95885
339.7465,71.59902
340.2286,67.96832
340.7107,64.31348
341.1928,60.58442
341.675,56.75886
342.1571,52.71732
342.6392,48.8201
343.1213,45.36187
343.6034,42.37701
344.0855,39.38279
344.5677,36.26855
345.0498,33.16541
345.5319,30.53642
346.014,28.39313
346.4961,26.34218
346.9782,24.12151
347.4604,21.75782
347.9425,19.40565
348.4246,16.96735
348.9067,14.80899
349.3888,13.59457
349.8709,13.19473
350.3531,12.91307
350.8352,12.38858
351.3173,11.68836
351.7994,10.95199
352.2815,10.17706
352.7636,9.488247
353.2458,9.112362
353.7279,8.895432
354.21,8.610687
354.6921,8.131527
355.1742,7.600796
355.6563,7.174812
356.1385,6.827744
356.6206,6.502079
357.1027,6.056366
357.5848,5.644398
358.0669,5.483265
358.549,5.895863
359.0312,6.184975
359.5133,5.726082
359.9954,4.717537
360.4775,3.853146
360.9596,3.474285
361.4417,3.341419
361.9239,3.308826
362.406,3.382233
362.8881,3.470905
363.3702,3.6436
363.8523,3.790928
364.3344,3.745243
364.8166,3.223171
365.2987,2.708504
365.7808,2.400295
366.2629,2.32431
366.745,2.285645
367.2271,2.336937
367.7093,2.388348
368.1914,2.3615
368.6735,1.814148
369.1556,1.560143
369.6377,1.895241
370.1198,2.72718
370.602,3.233246
371.0841,3.28244
371.5662,3.127495
372.0483,2.903885
372.5304,2.649387
373.0125,2.226383
373.4947,1.456532
373.9768,0.582634
374.4589,0.208042
374.941,0.517857
375.4231,0.929501
375.9052,1.282154
376.3874,1.600166
376.8695,1.615192
377.3516,1.162716
377.8337,0.679996
378.3158,0.800598
378.7979,1.624901
379.2801,2.309479
379.7622,2.651253
380.2443,2.702148
380.7264,2.530907
381.2085,2.06765
381.6906,1.609592
382.1728,1.482365
382.6549,1.62809
383.137,1.681236
383.6191,1.574074
384.1012,1.35667
384.5833,0.972866
385.0655,0.474255
385.5476,0.236046
386.0297,0.865753
386.5118,1.805782
386.9939,1.902534
387.476,0.957058
387.9582,0.089419998
388.4403,0.328609
388.9224,0.018955
389.4045,0.298412
389.8866,0.387909
390.3687,0.398293
390.8509,0.43837
391.333,0.508327
391.8151,0.598778
392.2972,0.756035
392.7793,0.906689
393.2614,0.963863
393.7436,0.721878
394.2257,0.632648
394.7078,1.077274
395.1899,1.838886
395.672,2.347755
396.1541,2.242996
396.6363,1.989899
397.1184,1.799095
397.6005,1.713902
398.0826,1.628918
398.5647,1.567356
399.0468,1.484837
399.529,1.327438
400.0111,0.806839
400.4932,0.523083
400.9753,0.685112
401.4574,1.29158
401.9395,1.688869
402.4217,1.760906
402.9038,1.749401
403.3859,1.85429
403.868,2.281395
404.3501,2.325489
404.8322,1.712337
405.3144,0.726505
405.7965,0.197151
406.2786,0.24855
406.7607,0.332779
407.2428,0.110657
407.7249,0.440144
408.2071,0.430222
408.6892,0.305347
409.1713,1.115688
409.6534,0.998264
410.1355,0.012932
410.6176,0.607483
411.0998,0.327366
411.5819,0.433914
412.064,0.597736
412.5461,0.185738
413.0282,0.216984
413.5103,0.038074002
413.9925,0.461872
414.4746,0.739937
414.9567,0.677044
415.4388,0.465691
415.9209,0.161572
416.403,0.144562
416.8852,0.242779
417.3673,0.185684
417.8494,0.72506
418.3315,1.008259
418.8136,1.00909
419.2957,1.002384
419.7779,1.276573
420.26,1.56213
420.7421,1.584782
421.2242,0.884659
421.7063,0.31015
422.1884,0.185604
422.6706,0.419834
423.1527,0.655277
423.6348,1.007637
424.1169,1.179523
424.599,0.934273
425.0811,0.212158
425.5633,0.682987
426.0454,0.210106
426.5275,1.533363
427.0096,2.079945
427.4917,1.210079
427.9738,0.532906
428.456,0.460991
428.9381,0.960247
429.4202,1.192051
429.9023,1.08831
430.3844,0.843441
430.8665,0.553276
431.3487,0.187584
431.8308,0.026825
432.3129,0.037551999
432.795,0.067691997
433.2771,0.099319004
433.7592,0.052219
434.2414,0.049697999
434.7235,0.211292
435.2056,0.472607
435.6877,0.566074
436.1698,0.487736
436.6519,0.302837
437.1341,0.07288
437.6162,0.508835
438.0983,0.640343
438.5804,0.219498
439.0625,0.333351
439.5446,0.405674
440.0268,0.15675
440.5089,0.167503
440.991,1.268955
441.4731,2.491386
441.9552,2.884331
442.4373,2.198997
442.9195,1.453667
443.4016,1.074688
443.8837,0.957039
444.3658,0.973057
444.8479,1.235901
445.33,1.475128
445.8122,1.577847
446.2943,1.552212
446.7764,1.585739
447.2585,1.800083
447.7406,1.985046
448.2227,2.043285
448.7049,2.003868
449.187,1.761551
449.6691,1.068302
450.1512,0.296921
450.6333,0.112381
451.1154,0.874908
451.5976,1.439892
452.0797,1.445847
452.5618,0.935459
453.0439,0.568874
453.526,0.355423
454.0081,0.297722
454.4903,0.438461
454.9724,0.774021
455.4545,1.163662
455.9366,1.639839
456.4187,2.054184
456.9008,1.999767
457.383,1.557941
457.8651,1.324329
458.3472,1.832901
458.8293,2.652756
459.3114,3.06617
459.7935,3.0625
460.2757,2.708275
460.7578,1.649513
461.2399,0.395046
461.722,0.315136
462.2041,0.096061997
462.6862,0.365517
463.1684,0.747211
463.6505,1.038185
464.1326,1.199417
464.6147,1.040871
465.0968,0.8965
465.5789,0.96843
466.0611,1.340832
466.5432,1.588669
467.0253,1.460796
467.5074,1.22398
467.9895,1.101921
468.4716,1.192513
468.9538,1.269241
469.4359,1.374752
469.918,1.424088
470.4001,1.26104
470.8822,0.765602
471.3643,0.287884
471.8465,0.081078
472.3286,0.352207
472.8107,0.366272
473.2928,0.071941003
473.7749,0.33448
474.257,0.678619
474.7392,0.963936
475.2213,1.099236
475.7034,0.986111
476.1855,0.765331
476.6676,0.69986
477.1497,0.786793
477.6319,0.996075
478.114,1.577068
478.5961,2.185867
479.0782,2.095844
479.5603,1.207977
480.0424,0.352348
480.5246,0.22731
481.0067,0.552143
481.4888,0.93272
481.9709,1.334557
482.453,1.656612
482.9352,1.822651
483.4173,1.835529
483.8994,1.82383
484.3815,1.804363
484.8636,1.682861
485.3457,1.355835
485.8279,0.638775
486.31,0.234795
486.7921,0.426594
487.2742,0.835159
487.7563,1.147598
488.2384,1.407055
488.7206,1.473061
489.2027,1.17683
489.6848,0.690392
490.1669,0.796932
490.649,1.778748
491.1311,2.509586
491.6133,2.232441
492.0954,0.972702
492.5775,0.456013
493.0596,0.807961
493.5417,1.376766
494.0238,1.351963
494.506,0.88768
494.9881,0.71751
495.4702,1.105759
495.9523,1.72226
496.4344,2.155006
496.9165,2.440243
497.3987,2.661659
497.8808,2.951473
498.3629,3.107002
498.845,2.761963
499.3271,1.856853
499.8092,1.161316
500.2914,1.257099
500.7735,1.670395
501.2556,1.954597
501.7377,1.995598
502.2198,1.89761
502.7019,1.538967
503.1841,1.048325
503.6662,0.774925
504.1483,0.931004
504.6304,1.107704
505.1125,1.181259
505.5946,1.138893
506.0768,1.166546
506.5589,1.284416
507.041,1.443604
507.5231,1.686794
508.0052,2.08725
508.4873,1.993233
508.9695,1.134083
509.4516,0.078383997
509.9337,0.064560004
510.4158,1.033619
510.8979,1.86861
511.38,1.947224
511.8622,1.603329
512.3443,1.70702
512.8264,2.223038
513.3085,2.526718
513.7906,1.841099
514.2728,0.772278
514.7549,0.117405
515.237,0.086131997
515.7191,0.302883
516.2012,0.707211
516.6833,1.169476
517.1655,1.497211
517.6476,1.555412
518.1297,1.541729
518.6118,1.549927
519.0939,1.567982
519.576,1.416546
520.0582,0.913723
520.5403,0.488327
521.0224,0.286179
521.5045,0.443161
521.9866,0.506466
522.4688,0.396568
522.9509,0.302948
523.433,0.465256
523.9151,0.919605
524.3972,1.225491
524.8793,1.279022
525.3615,1.122066
525.8436,0.749817
526.3257,0.167179
526.8078,0.235012
527.2899,0.075676002
527.772,0.39941
528.2542,0.622814
528.7363,0.565529
529.2184,0.41901
529.7005,0.192944
530.1826,0.0079380004
530.6647,0.090401001
531.1469,0.736034
531.629,1.306835
532.1111,1.319912
532.5932,0.999481
533.0753,0.806122
533.5574,1.032139
534.0396,1.253212
534.5217,1.278759
535.0038,1.084934
535.4859,1.04726
535.968,1.36084
536.4501,1.648212
536.9323,1.650745
537.4144,1.159271
537.8965,1.049908
538.3786,1.475445
538.8607,2.081913
539.3428,2.250206
539.825,1.943443
540.3071,1.752975
540.7892,1.972324
541.2713,2.319653
541.7534,1.838612
542.2355,0.634312
542.7177,0.177265
543.1998,0.620102
543.6819,2.070515
544.164,2.636414
544.6461,2.18211
545.1282,1.501942
545.6104,0.888603
546.0925,0.465092
546.5746,0.377964
547.0567,0.803967
547.5388,1.378517
548.0209,2.290024
548.5031,3.245415
548.9852,3.621853
549.4673,2.699127
549.9494,1.842808
550.4315,1.390171
550.9136,1.389767
551.3958,1.463448
551.8779,1.777992
552.36,1.976154
552.8421,1.760567
553.3242,1.07275
553.8063,0.456177
554.2885,0.154507
554.7706,0.448864
555.2527,0.334717
555.7348,1.971409
556.2169,3.002911
556.699,2.788338
557.1812,2.010925
557.6633,1.498695
558.1454,1.228928
558.6275,1.106018
559.1096,1.151241
559.5917,1.270893
560.0739,1.418339
560.556,1.591797
561.0381,1.70153
561.5202,1.576588
562.0023,1.455173
562.4844,1.531605
562.9666,2.224918
563.4487,2.516571
563.9308,2.057171
564.4129,1.288425
564.895,0.894993
565.3771,1.028133
565.8593,1.211624
566.3414,1.36869
566.8235,1.49427
567.3056,1.557613
567.7877,1.566364
568.2698,1.552197
568.752,1.490662
569.2341,1.409565
569.7162,1.459171
570.1983,1.655277
570.6804,1.795135
571.1625,1.577278
571.6447,1.204506
572.1268,1.014835
572.6089,1.140053
573.091,1.339962
573.5731,1.485405
574.0552,1.597385
574.5374,1.714058
575.0195,2.054176
575.5016,2.192421
575.9837,1.878647
576.4658,1.156845
576.9479,0.571892
577.4301,0.091484003
577.9122,0.333729
578.3943,0.292042
578.8764,2.139023
579.3585,2.655632
579.8406,1.372662
580.3228,0.200409
580.8049,0.306305
581.287,0.957756
581.7691,1.801952
582.2512,1.847366
582.7333,1.513477
583.2155,1.332497
583.6975,1.280884
584.1796,1.285637
584.6617,1.372669
585.1439,1.464405
585.626,1.431313
586.1081,1.294369
586.5902,1.204437
587.0723,1.258972
587.5544,1.357777
588.0366,1.469669
588.5187,1.624058
589.0008,1.691051
589.4829,1.548004
589.965,1.348022
590.4471,1.228775
590.9293,1.269081
591.4114,1.359711
591.8935,1.558563
592.3756,1.737072
592.8577,1.629513
593.3398,1.222088
593.822,0.774372
594.3041,0.271175
594.7862,0.167934
595.2683,0.138233
595.7504,0.302483
596.2325,0.733253
596.7147,0.854099
597.1968,0.839973
597.6789,0.917881
598.161,1.106846
598.6431,1.213352
599.1252,1.0107
599.6074,0.748798
600.0895,0.631187
600.5716,0.718975
601.0537,0.898556
601.5358,1.241096
602.0179,1.602173
602.5001,1.779007
602.9822,1.642086
603.4643,1.590405
603.9464,1.759754
604.4285,2.030476
604.9106,1.933041
605.3928,1.411453
605.8749,1.015667
606.357,1.234413
606.8391,1.772259
607.3212,1.418877
607.8033,0.224922
608.2855,0.683552
608.7676,0.020954
609.2497,1.278111
609.7318,2.012157
610.2139,1.94492
610.696,1.61702
611.1782,1.049442
611.6603,0.497955
612.1424,0.215637
612.6245,0.672558
613.1066,0.961761
613.5887,0.679962
614.0709,0.164917
614.553,0.153625
615.0351,0.989857
615.5172,1.580059
615.9993,1.533356
616.4814,1.00367
616.9636,0.833405
617.4457,1.04213
617.9278,1.382526
618.4099,1.925449
618.892,2.459953
619.3741,2.264301
619.8563,1.30127
620.3384,0.342445
620.8205,0.022236001
621.3026,0.066643
621.7847,0.175465
622.2668,0.326931
622.749,0.407959
623.2311,0.265293
623.7132,0.061214
624.1953,0.0032269999
624.6774,0.198536
625.1595,0.461517
625.6417,0.84045
626.1238,1.260864
626.6059,1.50375
627.088,1.541382
627.5701,1.484631
628.0522,1.322311
628.5344,1.104568
629.0165,1.087456
629.4986,1.24958
629.9807,1.433167
630.4628,1.609875
630.9449,1.695644
631.4271,1.428993
631.9092,0.773396
632.3913,0.241501
632.8734,0.37315
633.3555,0.736412
633.8376,0.859112
634.3198,0.426773
634.8019,0.163151
635.284,0.30397
635.7661,0.687561
636.2482,1.158955
636.7303,1.880138
637.2125,2.286465
637.6946,2.23365
638.1767,1.821732
638.6588,1.374683
639.1409,0.910751
639.623,0.519173
640.1052,0.217594
640.5873,0.029919
641.0694,0.103264
641.5515,0.414608
642.0336,0.687309
642.5157,0.698772
642.9979,0.588406
643.48,0.485691
643.9621,0.399235
644.4442,0.394211
644.9263,0.759064
645.4084,1.063549
645.8906,0.908981
646.3727,0.313362
646.8548,0.970814
647.3369,0.660282
647.819,0.018955
648.3011,0.350834
648.7833,0.227898
649.2654,0.11953
649.7475,0.101124
650.2296,0.125771
650.7117,0.048611
651.1938,0.112541
651.676,0.127522
652.1581,0.22369
652.6402,0.653522
653.1223,0.701206
653.6044,0.476578
654.0865,0.361954
654.5687,0.720192
655.0508,1.146488
655.5329,1.361443
656.015,1.336723
656.4971,1.347504
656.9792,1.557362
657.4614,1.733341
657.9435,1.722889
658.4256,1.421089
658.9077,1.326675
659.3898,1.542744
659.8719,1.783741
660.3541,1.712811
660.8362,1.341824
661.3183,1.022831
661.8004,0.788235
662.2825,0.693039
662.7646,1.020302
663.2468,1.545609
663.7289,1.695938
664.211,0.96299
664.6931,0.171665
665.1752,0.072598003
665.6573,0.064029999
666.1395,0.139355
666.6216,0.063602
667.1037,0.041126002
667.5858,0.18174
668.0679,0.452103
668.55,0.59296
669.0322,0.503471
669.5143,0.489674
669.9964,0.746929
670.4785,1.250153
670.9606,1.481853
671.4427,1.419689
671.9249,1.30278
672.407,1.36636
672.8891,1.514633
673.3712,1.483612
673.8533,1.225254
674.3354,1.049427
674.8176,1.354061
675.2997,1.77388
675.7818,1.907455
676.2639,1.5061
676.746,1.121464
677.2281,0.920052
677.7103,0.787453
678.1924,0.568546
678.6745,0.12965
679.1566,0.101879
679.6387,0.032478001
680.1208,0.237049
680.603,0.549992
681.0851,0.900204
681.5672,1.122154
682.0493,1.091103
682.5314,0.968102
683.0135,1.051907
683.4957,1.281242
683.9778,1.412697
684.4599,1.309406
684.942,1.065308
685.4241,0.542412
685.9063,0.194138
686.3884,0.417007
686.8705,0.767567
687.3526,1.868977
687.8347,2.177601
688.3168,1.553177
688.799,1.104935
689.2811,0.85611
689.7632,0.717033
690.2453,0.593723
690.7274,0.497341
691.2095,0.685211
691.6917,1.229496
692.1738,1.639088
692.6559,1.106628
693.138,0.150501
693.6201,0.326221
694.1022,0.017742001
694.5844,0.512554
695.0665,1.236752
695.5486,1.887321
696.0307,2.122417
696.5128,1.466419
696.9949,0.886948
697.4771,0.425461
697.9592,0.115528
698.4413,0.081303
698.9234,0.418793
699.4055,0.644039
699.8876,0.556946
700.3698,0.346661
700.8519,0.550575
701.334,1.111279
701.8161,1.641212
702.2982,2.033546
702.7803,2.228878
703.2625,2.055534
703.7446,1.584526
704.2267,1.158058
704.7088,0.975517
705.1909,0.861897
705.673,0.6502
706.1552,0.264626
706.6373,0.241398
707.1194,0.83429
707.6015,1.436935
708.0836,1.724495
708.5657,1.685928
709.0479,1.447102
709.53,0.958759
710.0121,0.627258
710.4942,0.992447
710.9763,1.740158
711.4584,2.264694
711.9406,2.498005
712.4227,2.440113
712.9048,1.739822
713.3869,0.921772
713.869,0.568047
714.3511,1.173019
714.8333,1.592289
715.3154,1.249512
715.7975,0.814445
716.2796,1.097916
716.7617,2.521694
717.2438,3.412979
717.726,3.524258
718.2081,3.090595
718.6902,2.269783
719.1723,1.150333
719.6544,0.494473
720.1365,0.641121
720.6187,1.194447
721.1008,1.974636
721.5829,2.7925
722.065,3.224861
722.5471,2.602455
723.0292,2.033474
723.5114,2.086853
723.9935,2.623093
724.4756,3.020214
724.9577,3.242035
725.4398,3.327984
725.9219,3.23811
726.4041,3.016384
726.8862,2.883286
727.3683,2.830444
727.8504,2.963123
728.3325,3.560738
728.8146,4.32106
729.2968,4.496624
729.7789,4.146847
730.261,3.832684
730.7431,3.965107
731.2252,4.224289
731.7073,4.366066
732.1895,4.354755
732.6716,4.410835
733.1537,4.647087
733.6358,4.892311
734.1179,5.055962
734.6,5.114029
735.0822,5.221939
735.5643,5.381447
736.0464,5.583714
736.5285,5.826603
737.0106,6.097881
737.4927,6.465206
737.9749,6.956085
738.457,7.31295
738.9391,7.177513
739.4212,6.839741
739.9033,6.645878
740.3854,6.74548
740.8676,6.803139
741.3497,6.644867
741.8318,6.446938
742.3139,6.399918
742.796,6.60479
743.2781,6.715759
743.7603,6.718304
744.2424,6.58773
744.7245,6.237209
745.2066,5.692974
745.6887,5.308693
746.1708,5.21674
746.653,5.177235
747.1351,4.876858
747.6172,4.438313
748.0993,4.081345
748.5814,4.111427
749.0635,3.974709
749.5457,3.2444
750.0278,2.248409
750.5099,1.711571
750.992,1.871906
751.4741,2.042542
751.9562,2.16571
752.4384,2.236332
752.9205,2.26268
753.4026,2.229557
753.8847,2.203392
754.3668,2.185108
754.8489,2.242542
755.3311,2.665749
755.8132,3.270771
756.2953,3.506779
756.7774,2.75182
757.2595,1.928558
757.7416,1.485298
758.2238,1.37421
758.7059,1.204494
759.188,0.815144
759.6701,0.56189
760.1522,0.595322
760.6343,0.858894
761.1165,1.028061
761.5986,1.093544
762.0807,1.25034
762.5628,1.860325
763.0449,2.519073
763.527,2.292099
764.0092,1.365303
764.4913,0.73431
764.9734,1.422085
765.4555,2.176376
765.9376,2.189213
766.4197,1.421719
766.9019,0.713287
767.384,0.096557997
767.8661,0.529404
768.3482,0.212444
768.8303,0.802837
769.3124,1.223396
769.7946,1.016144
770.2767,0.711342
770.7588,0.627266
771.2409,0.717873
771.723,0.983437
772.2051,1.405998
772.6873,1.70097
773.1694,1.647453
773.6515,1.448002
774.1336,1.191463
774.6157,0.854355
775.0978,0.692753
775.58,0.817196
776.0621,0.974487
776.5442,1.02655
777.0263,0.970528
777.5084,0.799797
777.9905,0.487209
778.4727,0.308937
778.9548,0.70591
779.4369,1.32951
779.919,1.533352
780.4011,1.236439
780.8832,0.879375
781.3654,0.648258
781.8475,0.502922
782.3296,0.417305
782.8117,0.395603
783.2938,0.425941
783.7759,0.50761
784.2581,0.64423
784.7402,0.909039
785.2223,1.302437
785.7044,1.332928
786.1865,0.940434
786.6686,0.558567
787.1508,0.715153
787.6329,1.108124
788.115,1.226181
788.5971,0.940262
789.0792,0.736423
789.5613,0.921989
790.0435,1.235981
790.5256,1.48785
791.0077,1.709915
791.4898,1.73518
791.9719,1.527401
792.454,1.180485
792.9362,0.686436
793.4183,0.074436001
793.9004,0.165028
794.3825,0.038727
794.8646,0.303299
795.3467,0.193855
795.8289,0.049465001
796.311,0.079848997
796.7931,0.232651
797.2752,0.516426
797.7573,0.697441
798.2394,0.80537
798.7216,0.867805
799.2037,0.882553
799.6858,0.855118
800.1679,0.768856
800.65,0.67728
801.1321,0.597351
801.6143,0.548874
802.0964,0.661869
802.5785,0.966427
803.0606,1.270893
803.5427,1.408642
804.0248,1.44915
804.507,1.471611
804.9891,1.500301
805.4712,1.480991
805.9533,1.29134
806.4354,1.133251
806.9175,1.228172
807.3997,1.75135
807.8818,1.689819
808.3639,0.904705
808.846,0.025131
809.3281,0.588474
809.8102,0.817486
810.2924,0.737938
810.7745,0.327366
811.2566,0.146812
811.7387,0.633842
812.2208,1.010273
812.7029,1.099579
813.1851,0.619762
813.6672,0.612762
814.1493,1.606117
814.6314,2.496204
815.1135,2.197891
815.5956,0.631336
816.0778,0.203568
816.5599,0.18811
817.042,0.203049
817.5241,0.771179
818.0062,1.316895
818.4883,1.466179
818.9705,1.118103
819.4526,0.831211
819.9347,0.976139
820.4168,1.203938
820.8989,1.259342
821.381,1.109314
821.8632,0.869232
822.3453,0.434689
822.8274,0.139526
823.3095,0.448391
823.7916,1.190334
824.2737,1.317299
824.7559,0.777199
825.238,0.172894
825.7201,0.177803
826.2022,0.214333
826.6843,0.225597
827.1664,1.202511
827.6486,1.76416
828.1307,1.264137
828.6128,0.730152
829.0949,0.708233
829.577,1.251324
830.0591,1.479088
830.5413,1.361828
831.0234,1.098713
831.5055,0.590916
831.9876,0.122936
832.4697,0.497967
832.9518,1.659687
833.434,2.477032
833.9161,1.874283
834.3982,1.051567
834.8803,0.759296
835.3624,1.092064
835.8445,1.424343
836.3267,1.813824
836.8088,2.085762
837.2909,2.106434
837.773,1.93018
838.2551,1.918854
838.7372,2.05769
839.2194,2.103176
839.7015,1.83215
840.1836,1.441612
840.6657,0.969185
841.1478,0.491684
841.6299,0.439571
842.1121,1.663151
842.5942,2.540646
843.0763,2.366913
843.5584,1.380817
844.0405,0.990387
844.5226,1.282066
845.0048,1.524837
845.4869,1.370907
845.969,0.997459
846.4511,0.657673
846.9332,0.364223
847.4153,0.230865
847.8975,0.352242
848.3796,0.614807
848.8617,1.056561
849.3438,1.603916
849.8259,2.027714
850.308,2.373333
850.7902,2.479202
851.2723,2.246998
851.7544,1.822651
852.2365,1.589699
852.7186,1.496094
853.2007,1.20945
853.6829,0.317856
854.165,0.321945
854.6471,0.425465
855.1292,1.851753
855.6113,2.767597
856.0934,2.32938
856.5756,2.030964
857.0577,2.177303
857.5398,2.437515
858.0219,2.279404
858.504,1.671864
858.9861,1.174572
859.4683,0.877647
859.9504,0.759262
860.4325,0.717365
860.9146,0.758457
861.3967,1.004066
861.8788,1.602894
862.361,2.074883
862.8431,2.15591
863.3252,2.072018
863.8073,2.051723
864.2894,2.165718
864.7715,2.083298
865.2537,1.72905
865.7358,1.404171
866.2179,1.493004
866.7,1.839516
867.1821,1.943779
867.6642,1.761353
868.1464,1.682972
868.6285,2.252777
869.1106,2.835121
869.5927,2.84444
870.0748,2.03997
870.5569,1.666603
871.0391,2.003067
871.5212,2.267303
872.0033,1.796192
872.4854,0.767956
872.9675,0.678699
873.4496,1.466492
873.9318,2.209755
874.4139,2.298965
874.896,2.077625
875.3781,1.705826
875.8602,1.235275
876.3423,0.968285
876.8245,1.222668
877.3066,1.398659
877.7887,1.28717
878.2708,0.985443
878.7529,0.914299
879.235,1.068924
879.7172,1.222954
880.1993,1.261406
880.6814,1.271484
881.1635,1.491123
881.6456,1.786327
882.1277,1.811676
882.6099,1.052521
883.092,0.351341
883.5741,0.191441
884.0562,0.461845
884.5383,0.155563
885.0204,0.89864
885.5026,1.544708
885.9847,1.415474
886.4668,1.068756
886.9489,1.518673
887.431,2.322922
887.9131,2.493927
888.3953,1.534824
888.8774,0.652939
889.3595,0.361889
889.8416,0.413441
890.3237,0.584724
890.8058,0.953522
891.288,1.190025
891.7701,1.268799
892.2522,1.27161
892.7343,1.158024
893.2164,1.042259
893.6985,1.379383
894.1807,2.192585
894.6628,2.744061
895.1449,2.355976
895.627,1.70364
896.1091,1.170147
896.5912,0.791122
897.0734,0.618057
897.5555,0.710045
898.0376,0.872784
898.5197,1.042507
899.0018,1.203114
899.4839,1.324612
899.9661,1.393936
900.4482,1.328526
900.9303,0.874817
901.4124,0.467678
901.8945,0.518761
902.3766,0.866199
902.8588,0.924416
903.3409,0.321316
903.823,0.018375
904.3051,0.270836
904.7872,0.796837
905.2693,1.026173
905.7515,1.011478
906.2336,1.08638
906.7157,1.351933
907.1978,1.715176
907.6799,2.315647
908.162,2.868046
908.6442,3.014908
909.1263,2.341629
909.6084,1.863045
910.0905,1.701469
910.5726,1.613953
911.0547,1.345192
911.5369,0.920036
912.019,0.577435
912.5011,0.37188
912.9832,0.313393
913.4653,0.510273
913.9474,0.811844
914.4296,1.140141
914.9117,1.496281
915.3938,1.589531
915.8759,1.265327
916.358,0.82143
916.8401,0.25544
917.3223,0.337833
917.8044,0.260525
918.2865,0.444862
918.7686,1.052677
919.2507,1.091236
919.7328,0.926228
920.215,0.871838
920.6971,0.898102
921.1792,0.928772
921.6613,0.90715
922.1434,0.943539
922.6255,1.073711
923.1077,1.250755
923.5898,1.441013
924.0719,1.63311
924.554,1.619564
925.0361,1.325867
925.5182,0.959171
926.0004,0.602844
926.4825,0.354713
926.9646,0.374458
927.4467,0.865211
927.9288,1.095425
928.4109,0.714272
928.8931,0.40184
929.3752,0.792015
929.8573,1.859119
930.3394,2.116577
930.8215,1.563183
931.3036,0.987354
931.7858,1.014732
932.2679,1.265663
932.75,1.338627
933.2321,1.259422
933.7142,1.376732
934.1964,2.266605
934.6785,2.683311
935.1606,2.116688
935.6427,0.971008
936.1248,0.479969
936.6069,0.597637
937.0891,0.849335
937.5712,1.209633
938.0533,1.381603
938.5354,0.820446
939.0175,0.030471999
939.4996,0.511925
939.9818,0.287983
940.4639,0.107956
940.946,0.893063
941.4281,1.478897
941.9102,1.03326
942.3923,0.246368
942.8745,0.75692
943.3566,0.407932
943.8387,0.093235001
944.3208,0.250816
944.8029,0.309055
945.285,0.469376
945.7672,0.752014
946.2493,1.065144
946.7314,1.563839
947.2135,1.778858
947.6956,1.396461
948.1777,0.66774
948.6599,0.5271
949.142,0.85878
949.6241,1.147888
950.1062,1.072414
950.5883,0.960369
951.0704,1.081608
951.5526,1.315845
952.0347,1.429878
952.5168,1.370388
952.9989,1.252815
953.481,1.050491
953.9631,0.861874
954.4453,0.830688
954.9274,0.916973
955.4095,0.964684
955.8916,0.949753
956.3737,1.026028
956.8558,1.4692
957.338,1.864925
957.8201,1.90308
958.3022,1.55077
958.7843,1.147614
959.2664,0.64756
959.7485,0.230976
960.2307,0.013973
960.7128,0.1101
961.1949,0.101357
961.677,0.002575
962.1591,0.160454
962.6412,0.278622
963.1234,0.546547
963.6055,1.310059
964.0876,2.167347
964.5697,2.50135
965.0518,2.230019
965.5339,1.738155
966.0161,0.979321
966.4982,0.355
966.9803,0.521503
967.4624,1.126629
967.9445,1.492668
968.4266,1.450127
968.9088,1.311054
969.3909,1.181461
969.873,1.02169
970.3551,0.765762
970.8372,0.4338
971.3193,0.349915
971.8015,0.520161
972.2836,0.726902
972.7657,0.893539
973.2478,0.991684
973.7299,0.884148
974.212,0.686428
974.6942,0.676193
975.1763,1.213856
975.6584,1.553104
976.1405,1.56366
976.6226,1.407272
977.1047,1.270172
977.5869,1.145245
978.069,1.332882
978.5511,1.915592
979.0332,2.400913
979.5153,2.269642
979.9974,1.921535
980.4796,1.759472
980.9617,1.874371
981.4438,1.700603
981.9259,0.983727
982.408,0.490356
982.8901,0.671597
983.3723,1.278702
983.8544,1.591637
984.3365,1.638016
984.8186,1.544231
985.3007,1.102451
985.7828,0.836063
986.265,1.225368
986.7471,1.861881
987.2292,2.034935
987.7113,1.540138
988.1934,1.365231
988.6755,1.689857
989.1577,1.965164
989.6398,1.248573
990.1219,0.199715
990.604,0.116478
991.0861,1.158459
991.5682,1.95166
992.0504,1.67062
992.5325,1.303555
993.0146,1.311268
993.4967,1.612976
993.9788,1.711784
994.4609,1.61499
994.9431,1.737907
995.4252,2.489723
995.9073,3.174332
996.3894,2.733757
996.8715,1.776356
997.3536,1.313644
997.8358,2.541245
998.3179,2.95747
998.8,2.186188
999.2821,1.055466
999.7642,0.245956
1000.246,0.272926
1000.728,0.360958
1001.211,0.019711001
1001.693,0.40958
1002.175,0.352188
1002.657,0.283504
1003.139,0.638893
1003.621,1.306442
1004.103,1.398575
1004.585,0.7374
1005.068,0.148888
1005.55,0.18528
1006.032,0.253929
1006.514,0.136612
1006.996,0.775852
1007.478,1.238937
1007.96,1.373188
1008.442,1.399632
1008.924,1.330669
1009.407,1.230209
1009.889,1.147255
1010.371,1.085209
1010.853,0.91737
1011.335,0.640232
1011.817,0.37632
1012.299,0.215042
1012.781,0.097251996
1013.263,0.106457
1013.746,0.322117
1014.228,0.278431
1014.71,0.217655
1015.192,0.711212
1015.674,1.225807
1016.156,1.555866
1016.638,1.215622
1017.12,0.437405
1017.603,0.069758996
1018.085,0.189083
1018.567,0.067184001
1019.049,0.623001
1019.531,1.177666
1020.013,0.954445
1020.495,0.001156
1020.977,0.277367
1021.459,0.201485
1021.942,0.683132
1022.424,0.854393
1022.906,0.79631
1023.388,0.553127
1023.87,0.17971
1024.352,0.218735
1024.834,0.943348
1025.316,1.143223
1025.799,0.514225
1026.281,0.30603
1026.763,0.622623
1027.245,0.5191
1027.727,0.645458
1028.209,1.023079
1028.691,1.249405
1029.173,0.913174
1029.656,0.465111
1030.138,0.168579
1030.62,0.023800001
1031.102,0.067638002
1031.584,0.129555
1032.066,0.000275
1032.548,0.463161
1033.03,0.892517
1033.512,0.497532
1033.995,0.24334
1034.477,0.455303
1034.959,0.20908
1035.441,0.817764
1035.923,1.276913
1036.405,1.463551
1036.887,1.159229
1037.369,0.46899
1037.851,0.40662
1038.334,0.913006
1038.816,1.423584
1039.298,1.656651
1039.78,1.751598
1040.262,1.810448
1040.744,1.796303
1041.226,1.621304
1041.708,1.206905
1042.191,0.835392
1042.673,0.494408
1043.155,0.3027
1043.637,0.370903
1044.119,0.67635
1044.601,1.323566
1045.083,2.289982
1045.565,2.929646
1046.047,2.819977
1046.53,2.559204
1047.012,2.28828
1047.494,2.025894
1047.976,1.852947
1048.458,1.750278
1048.94,1.500717
1049.422,0.884285
1049.904,0.578041
1050.386,1.552227
1050.869,2.809956
1051.351,3.252827
1051.833,2.665707
1052.315,2.331493
1052.797,2.263447
1053.279,2.392418
1053.761,2.840317
1054.243,3.351139
1054.726,3.369221
1055.208,3.088776
1055.69,3.02393
1056.172,3.641659
1056.654,4.082611
1057.136,4.127693
1057.618,4.090786
1058.1,4.337795
1058.583,4.842602
1059.065,5.324459
1059.547,5.740482
1060.029,6.217426
1060.511,7.095108
1060.993,7.814976
1061.475,7.788025
1061.957,7.269676
1062.439,7.43145
1062.922,8.420399
1063.404,9.095657
1063.886,9.059616
1064.368,8.998642
1064.85,9.841068
1065.332,11.10188
1065.814,12.09716
1066.296,12.58676
1066.778,13.29971
1067.261,14.38225
1067.743,15.54365
1068.225,16.61304
1068.707,17.66477
1069.189,18.88599
1069.671,20.2747
1070.153,21.81626
1070.635,23.51477
1071.118,25.33339
1071.6,27.12589
1072.082,29.09615
1072.564,31.50365
1073.046,34.36
1073.528,37.01651
1074.01,39.42175
1074.492,41.95766
1074.974,44.99705
1075.457,48.18853
1075.939,51.04677
1076.421,53.75931
1076.903,57.17764
1077.385,61.50558
1077.867,65.94045
1078.349,70.29874
1078.831,74.77992
1079.313,79.83929
1079.796,85.172
1080.278,90.2376
1080.76,94.99637
1081.242,99.65588
1081.724,104.0104
1082.206,108.649
1082.688,113.8589
1083.17,119.3396
1083.652,123.9369
1084.135,127.8531
1084.617,132.0445
1085.099,137.135
1085.581,141.784
1086.063,145.4092
1086.545,147.9796
1087.027,149.5114
1087.509,149.9251
1087.992,150.2701
1088.474,150.5615
1088.956,150.5888
1089.438,150.7023
1089.92,150.0751
1090.402,147.2796
1090.884,143.1683
1091.366,139.5752
1091.849,137.4199
1092.331,134.4745
1092.813,130.5552
1093.295,126.0999
1093.777,121.4318
1094.259,116.6117
1094.741,111.5562
1095.223,106.3261
1095.705,101.3157
1096.188,96.81224
1096.67,92.51578
1097.152,88.48241
1097.634,84.48677
1098.116,79.74123
1098.598,74.49002
1099.08,70.36326
1099.562,67.69243
1100.044,65.09229
1100.527,61.49493
1101.009,57.80364
1101.491,54.6587
1101.973,51.92311
1102.455,48.93829
1102.937,45.68298
1103.419,42.84905
1103.901,40.75662
1104.384,38.88175
1104.866,36.64467
1105.348,34.38448
1105.83,32.57471
1106.312,31.53493
1106.794,29.83714
1107.276,27.21639
1107.758,24.88054
1108.24,23.63667
1108.723,22.97495
1109.205,22.06344
1109.687,20.95994
1110.169,19.79588
1110.651,18.38249
1111.133,17.26442
1111.615,16.55414
1112.097,15.99067
1112.579,15.39692
1113.062,14.74775
1113.544,13.81305
1114.026,12.66247
1114.508,11.81993
1114.99,12.0951
1115.472,12.05818
1115.954,10.90661
1116.436,9.38942
1116.919,8.722755
1117.401,8.833691
1117.883,8.58033
1118.365,7.823105
1118.847,7.085213
1119.329,6.888363
1119.811,6.734318
1120.293,6.207283
1120.776,5.413197
1121.258,4.809185
1121.74,4.403141
1122.222,4.159904
1122.704,4.137478
1123.186,4.008507
1123.668,3.127487
1124.15,2.134438
1124.632,1.771404
1125.115,2.212399
1125.597,2.649834
1126.079,3.124393
1126.561,3.426189
1127.043,3.46104
1127.525,3.30265
1128.007,3.021294
1128.489,2.653816
1128.971,2.216679
1129.454,1.540688
1129.936,1.429241
1130.418,2.324474
1130.9,2.949333
1131.382,2.26635
1131.864,0.927906
1132.346,0.972984
1132.828,1.987431
1133.311,2.656311
1133.793,2.003197
1134.275,1.551723
1134.757,1.766384
1135.239,2.15403
1135.721,2.371914
1136.203,2.405655
1136.685,1.998917
1137.167,1.223804
1137.65,0.671986
1138.132,1.017315
1138.614,1.261501
1139.096,0.712284
1139.578,0.121471
1140.06,0.492184
1140.542,0.387707
1141.024,0.164814
1141.506,0.151676
1141.989,0.401363
1142.471,0.277248
1142.953,0.220837
1143.435,0.703758
1143.917,1.505978
1144.399,1.905163
1144.881,1.873856
1145.363,1.577835
1145.846,1.006176
1146.328,0.454475
1146.81,0.208427
1147.292,0.152996
1147.774,0.134815
1148.256,0.169151
1148.738,0.653419
1149.22,1.857422
1149.703,2.411011
1150.185,1.794678
1150.667,0.791645
1151.149,0.283974
1151.631,0.10717
1152.113,0.030315001
1152.595,0.0095899999
1153.077,0.241207
1153.559,0.908833
1154.042,1.342125
1154.524,1.202297
1155.006,0.779125
1155.488,0.494637
1155.97,0.347736
1156.452,0.40295
1156.934,0.844025
1157.416,0.926506
1157.898,0.379368
1158.381,0.142467
1158.863,0.215118
1159.345,0.035881002
1159.827,0.264862
1160.309,0.720787
1160.791,0.879185
1161.273,0.298954
1161.755,0.146534
1162.238,0.292656
1162.72,0.243015
1163.202,0.068466
1163.684,0.510284
1164.166,0.220303
1164.648,0.620148
1165.13,1.203445
1165.612,0.827202
1166.094,0.429016
1166.577,0.228104
1167.059,0.223801
1167.541,0.560307
1168.023,1.109612
1168.505,1.30307
1168.987,1.15213
1169.469,0.912495
1169.951,0.590649
1170.433,0.377457
1170.916,0.471863
1171.398,0.648693
1171.88,0.501438
1172.362,0.067962997
1172.844,0.343834
1173.326,1.379391
1173.808,2.215382
1174.29,2.065311
1174.773,1.638439
1175.255,1.102249
1175.737,0.669941
1176.219,0.920227
1176.701,1.860466
1177.183,2.171986
1177.665,1.661266
1178.147,1.035809
1178.63,0.783295
1179.112,0.683743
1179.594,0.591091
1180.076,0.522366
1180.558,0.54892
1181.04,0.670311
1181.522,0.967102
1182.004,1.504078
1182.486,1.867386
1182.969,1.364281
1183.451,0.795887
1183.933,1.009335
1184.415,1.845497
1184.897,2.012814
1185.379,1.45377
1185.861,0.848957
1186.343,0.343227
1186.825,0.043308001
1187.308,0.395462
1187.79,0.534737
1188.272,0.118397
1188.754,0.825298
1189.236,1.265022
1189.718,1.147713
1190.2,0.986736
1190.682,0.922619
1191.165,0.944057
1191.647,1.163025
1192.129,1.381802
1192.611,1.368759
1193.093,1.092514
1193.575,0.763866
1194.057,0.368744
1194.539,0.018951001
1195.021,0.274975
1195.504,0.450726
1195.986,0.481091
1196.468,0.32584
1196.95,0.176441
1197.432,1.160179
1197.914,1.493389
1198.396,1.107136
1198.878,0.720219
1199.36,0.679157
1199.843,0.771526
1200.325,0.631279
1200.807,0.526848
1201.289,0.979389
1201.771,2.345097
1202.253,2.649242
1202.735,1.702847
1203.217,0.94046
1203.7,1.451633
1204.182,2.219749
1204.664,1.90696
1205.146,1.109306
1205.628,0.830364
1206.11,1.39922
1206.592,1.670132
1207.074,1.594116
1207.557,1.544666
1208.039,1.87833
1208.521,2.247932
1209.003,2.190815
1209.485,1.91827
1209.967,1.83522
1210.449,2.120781
1210.931,2.152866
1211.413,1.903316
1211.896,1.574181
1212.378,1.063828
1212.86,0.7533
1213.342,1.353867
1213.824,2.389362
1214.306,2.842472
1214.788,2.502895
1215.27,2.108749
1215.752,1.658188
1216.235,1.274281
1216.717,0.957821
1217.199,0.860104
1217.681,1.434258
1218.163,2.212692
1218.645,2.075741
1219.127,0.601254
1219.609,0.139622
1220.092,0.86673
1220.574,1.630428
1221.056,1.486412
1221.538,0.97176
1222.02,0.337364
1222.502,0.173862
1222.984,0.096332997
1223.466,1.518894
1223.948,1.766048
1224.431,0.588882
1224.913,0.290478
1225.395,1.188614
1225.877,2.92939
1226.359,3.093685
1226.841,2.15979
1227.323,1.42963
1227.805,0.908241
1228.287,0.598759
1228.77,0.49773
1229.252,0.704163
1229.734,1.740002
1230.216,2.672565
1230.698,2.673885
1231.18,2.087448
1231.662,1.75639
1232.144,1.701759
1232.627,1.55537
1233.109,1.281673
1233.591,1.089195
1234.073,1.133839
1234.555,1.313213
1235.037,1.686127
1235.519,2.098
1236.001,2.204426
1236.484,2.004601
1236.966,2.144497
1237.448,2.678322
1237.93,3.057899
1238.412,2.850929
1238.894,2.445339
1239.376,1.833366
1239.858,1.291866
1240.34,1.395035
1240.823,2.069897
1241.305,2.592812
1241.787,2.883842
1242.269,2.772358
1242.751,1.544765
1243.233,0.618259
1243.715,0.735291
1244.197,1.369629
1244.679,1.824059
1245.162,2.092037
1245.644,2.135513
1246.126,2.015526
1246.608,1.891106
1247.09,1.820099
1247.572,1.732395
1248.054,1.543472
1248.536,1.401653
1249.019,1.671852
1249.501,2.103848
1249.983,2.051117
1250.465,1.576344
1250.947,1.077435
1251.429,0.592487
1251.911,0.308842
1252.393,0.286701
1252.875,0.43195
1253.358,0.63422
1253.84,0.888351
1254.322,1.275757
1254.804,1.752197
1255.286,1.8862
1255.768,1.247742
1256.25,0.776554
1256.732,0.606068
1257.214,0.669376
1257.697,1.01873
1258.179,1.470856
1258.661,1.783089
1259.143,1.933228
1259.625,1.910969
1260.107,1.695618
1260.589,1.346249
1261.071,0.811584
1261.554,0.389854
1262.036,0.517796
1262.518,0.927265
1263.0,1.459171
1263.482,2.054588
1263.964,2.136253
1264.446,1.453438
1264.928,1.138245
1265.411,1.309513
1265.893,1.458138
1266.375,1.039234
1266.857,0.509468
1267.339,0.134789
1267.821,0.020896999
1268.303,0.166737
1268.785,0.728195
1269.267,1.261913
1269.75,1.725502
1270.232,1.966141
1270.714,1.809212
1271.196,1.459858
1271.678,0.800442
1272.16,0.164684
1272.642,0.203983
1273.124,0.85651
1273.606,1.175598
1274.089,1.128731
1274.571,1.11467
1275.053,1.570141
1275.535,1.839874
1276.017,1.481709
1276.499,1.053135
1276.981,1.607964
1277.463,2.715088
1277.946,2.502083
1278.428,1.078003
1278.91,0.070006996
1279.392,0.321171
1279.874,0.0942
1280.356,0.727859
1280.838,1.580685
1281.32,1.866085
1281.802,1.70377
1282.285,1.083736
1282.767,0.190453
1283.249,0.11813
1283.731,0.898273
1284.213,1.400578
1284.695,1.155468
1285.177,0.72855
1285.659,0.53746
1286.141,0.554729
1286.624,0.700714
1287.106,0.924557
1287.588,1.171543
1288.07,1.473274
1288.552,1.512886
1289.034,1.214386
1289.516,0.956646
1289.998,0.988934
1290.481,1.220955
1290.963,1.837559
1291.445,2.282185
1291.927,2.238956
1292.409,1.618496
1292.891,1.177521
1293.373,0.820892
1293.855,0.703239
1294.338,0.773968
1294.82,0.833401
1295.302,0.771416
1295.784,0.715309
1296.266,0.809505
1296.748,1.017342
1297.23,1.10191
1297.712,1.09539
1298.194,1.038445
1298.677,0.937794
1299.159,0.788029
1299.641,0.564259
1300.123,0.348209
1300.605,0.117176
1301.087,0.016483
1301.569,0.42292
1302.051,1.016861
1302.533,0.810566
1303.016,0.0
1500.0,0.0
