WavwNum_Jarosite,value_Jarosite
100.0,0.0
125.9404,0.0
126.4225,0.241959
126.9046,0.030594001
127.3867,2.615494
127.8688,7.207169
128.3509,13.51413
128.8331,20.62093
129.3152,27.17717
129.7973,33.47675
130.2794,41.0932
130.7615,50.48587
131.2436,61.68584
131.7258,74.47409
132.2079,88.55022
132.69,105.0292
133.1721,125.0825
133.6542,148.612
134.1364,176.9275
134.6185,211.1457
135.1006,251.3345
135.5827,296.5514
136.0648,348.8044
136.5469,404.3189
137.0291,459.1112
137.5112,516.8618
137.9933,557.0194
138.4754,565.9843
138.9575,541.6017
139.4396,496.6066
139.9218,426.0534
140.4039,336.3611
140.886,259.1188
141.3681,195.5871
141.8502,143.3275
142.3323,103.0304
142.8145,76.41028
143.2966,54.81537
143.7787,38.39621
144.2608,26.98813
144.7429,18.66228
145.225,14.62041
145.7072,13.56718
146.1893,12.24411
146.6714,9.005692
147.1535,6.677536
147.6356,6.401154
148.1178,8.091888
148.5999,9.830505
149.082,11.71579
149.5641,12.78391
150.0462,13.74277
150.5283,15.7243
151.0105,18.15092
151.4926,17.80756
151.9747,16.49448
152.4568,15.90094
152.9389,17.1239
153.421,18.82492
153.9032,19.13574
154.3853,17.05115
154.8674,14.33229
155.3495,11.35344
155.8316,7.575058
156.3137,4.791504
156.7959,3.973511
157.278,4.257507
157.7601,4.02626
158.2422,1.847702
158.7243,0.142365
159.2065,0.839279
159.6886,0.697815
160.1707,2.135513
160.6528,2.661026
161.1349,2.562973
161.617,2.604828
162.0992,3.387207
162.5813,4.21138
163.0634,4.648926
163.5455,4.809006
164.0276,4.296906
164.5097,2.242966
164.9919,0.860031
165.474,3.099747
165.9561,2.967239
166.4382,1.826416
166.9203,0.889786
167.4024,0.433243
167.8846,0.333908
168.3667,0.690384
168.8488,1.42807
169.3309,2.069702
169.813,2.051208
170.2952,1.850037
170.7773,2.074341
171.2594,3.694794
171.7415,5.2444
172.2236,5.256714
172.7057,3.824905
173.1879,2.275391
173.67,1.399521
174.1521,1.091339
174.6342,1.162918
175.1163,2.40155
175.5984,3.570679
176.0806,2.966232
176.5627,0.584595
177.0448,2.197723
177.5269,4.233429
178.009,5.73143
178.4911,7.254059
178.9733,9.346893
179.4554,11.50096
179.9375,12.5878
180.4196,12.45862
180.9017,12.57329
181.3838,14.76505
181.866,18.56149
182.3481,22.37685
182.8302,25.4801
183.3123,28.06857
183.7944,30.41023
184.2766,32.43294
184.7587,34.74886
185.2408,38.09419
185.7229,42.36983
186.205,47.21591
186.6871,52.69493
187.1693,58.66696
187.6514,64.10051
188.1335,68.84552
188.6156,73.66812
189.0977,80.091
189.5798,88.00075
190.062,95.7386
190.5441,102.356
191.0262,108.0314
191.5083,113.8611
191.9904,119.9424
192.4725,126.3246
192.9547,132.9892
193.4368,139.9803
193.9189,147.6519
194.401,156.5452
194.8831,166.6324
195.3652,176.0071
195.8474,184.0548
196.3295,192.1425
196.8116,202.9276
197.2937,216.4737
197.7758,232.1248
198.2579,249.1028
198.7401,267.3123
199.2222,288.049
199.7043,310.9778
200.1864,336.4273
200.6685,365.8265
201.1507,399.3985
201.6328,435.5405
202.1149,473.7852
202.597,514.335
203.0791,555.248
203.5612,595.842
204.0434,636.3592
204.5255,677.7234
205.0076,720.5763
205.4897,762.2758
205.9718,801.2274
206.4539,837.2955
206.9361,871.8347
207.4182,905.8659
207.9003,938.0087
208.3824,963.7732
208.8645,981.0925
209.3466,997.6365
209.8288,1018.128
210.3109,1043.042
210.793,1069.57
211.2751,1096.776
211.7572,1125.494
212.2393,1159.895
212.7215,1199.792
213.2036,1244.888
213.6857,1294.931
214.1678,1350.177
214.6499,1410.075
215.132,1474.962
215.6142,1544.995
216.0963,1620.01
216.5784,1701.525
217.0605,1784.291
217.5426,1866.11
218.0247,1947.814
218.5069,2024.24
218.989,2098.463
219.4711,2167.148
219.9532,2217.108
220.4353,2251.25
220.9175,2262.909
221.3996,2248.385
221.8817,2207.988
222.3638,2140.331
222.8459,2041.439
223.328,1913.878
223.8102,1778.395
224.2923,1629.265
224.7744,1477.626
225.2565,1329.782
225.7386,1181.997
226.2207,1047.627
226.7029,929.6503
227.185,826.2167
227.6671,733.7621
228.1492,653.4585
228.6313,582.4224
229.1134,519.3257
229.5956,464.2846
230.0777,415.9225
230.5598,374.6413
231.0419,339.9486
231.524,308.541
232.0062,280.7737
232.4883,255.6886
232.9704,232.6908
233.4525,211.8769
233.9346,193.1856
234.4167,177.1631
234.8989,163.4575
235.381,150.5562
235.8631,138.0567
236.3452,126.6703
236.8273,116.7443
237.3094,108.7723
237.7916,101.1971
238.2737,93.76115
238.7558,86.61409
239.2379,80.28867
239.72,75.03958
240.2021,70.25667
240.6843,65.58348
241.1664,60.99557
241.6485,56.56744
242.1306,52.28925
242.6127,48.15831
243.0948,44.32774
243.577,40.89679
244.0591,37.62248
244.5412,34.41505
245.0233,31.21722
245.5054,28.18819
245.9876,25.40482
246.4697,22.79675
246.9518,19.98906
247.4339,16.63741
247.916,13.58693
248.3981,11.30565
248.8803,10.05283
249.3624,8.945496
249.8445,8.177826
250.3266,7.487579
250.8087,6.017731
251.2908,3.0914
251.773,0.48999
252.2551,0.884079
252.7372,0.514343
253.2193,0.224487
253.7014,0.187637
254.1835,0.430542
254.6657,0.324036
255.1478,2.785995
255.6299,5.002823
256.112,6.170456
256.5941,6.039246
257.0763,5.545364
257.5584,4.373871
258.0405,3.028259
258.5226,2.557327
259.0047,3.199036
259.4868,4.223022
259.969,5.602615
260.4511,7.705017
260.9332,8.386108
261.4153,7.177216
261.8974,4.96553
262.3795,3.260071
262.8617,2.219864
263.3438,1.25885
263.8259,0.107346
264.308,1.309586
264.7901,2.205505
265.2722,2.176727
265.7544,2.102692
266.2365,3.399139
266.7186,6.509583
267.2007,9.637695
267.6828,12.41202
268.1649,14.90906
268.6471,16.01747
269.1292,15.24687
269.6113,13.89754
270.0934,13.53749
270.5755,14.28703
271.0576,15.55202
271.5398,17.12787
272.0219,19.0388
272.504,21.78345
272.9861,25.57219
273.4682,29.65848
273.9503,33.22777
274.4325,36.13359
274.9146,39.20724
275.3967,42.49086
275.8788,46.08203
276.361,50.52188
276.8431,55.7617
277.3252,61.84853
277.8073,69.01544
278.2894,77.35095
278.7715,85.60785
279.2537,93.20184
279.7358,100.6672
280.2179,110.7269
280.7,123.8515
281.1821,137.6392
281.6642,150.4549
282.1464,162.299
282.6285,173.6068
283.1106,184.2849
283.5927,194.6082
284.0748,205.3757
284.5569,216.6803
285.0391,227.9433
285.5212,238.9045
286.0033,249.5676
286.4854,259.8792
286.9675,269.5718
287.4496,279.2962
287.9318,290.2412
288.4139,302.5119
288.896,315.7831
289.3781,330.4706
289.8602,346.3286
290.3423,361.9
290.8245,376.7768
291.3066,392.1503
291.7887,409.4915
292.2708,428.8246
292.7529,449.8608
293.235,473.0156
293.7172,497.7872
294.1993,521.8287
294.6814,545.0881
295.1635,568.0665
295.6456,592.2166
296.1277,616.8577
296.6099,638.7595
297.092,657.3838
297.5741,671.7632
298.0562,679.7593
298.5383,681.2818
299.0204,676.3751
299.5026,665.1157
299.9847,647.4877
300.4668,622.8441
300.9489,588.953
301.4311,549.3317
301.9132,508.4455
302.3953,466.037
302.8774,424.6179
303.3595,384.8794
303.8416,347.4048
304.3238,312.1113
304.8059,279.2733
305.288,249.2584
305.7701,223.4322
306.2522,201.3661
306.7343,182.031
307.2165,164.8672
307.6986,149.736
308.1807,136.4996
308.6628,125.2791
309.1449,115.3876
309.627,106.2411
310.1092,97.73701
310.5913,90.15459
311.0734,83.59769
311.5555,77.96425
312.0376,73.27745
312.5197,69.5667
313.0019,66.43307
313.484,64.11761
313.9661,62.27234
314.4482,60.12306
314.9303,56.89336
315.4124,53.61755
315.8946,50.95273
316.3767,48.97873
316.8588,47.17873
317.3409,45.24571
317.823,43.34433
318.3051,41.67661
318.7873,40.71523
319.2694,39.91882
319.7515,39.02145
320.2336,37.94836
320.7157,37.08597
321.1978,36.56735
321.68,36.29636
322.1621,36.15404
322.6442,35.99326
323.1263,36.19615
323.6084,37.00142
324.0905,38.35216
324.5727,39.49704
325.0548,40.1579
325.5369,40.75513
326.019,41.53853
326.5012,42.41641
326.9833,43.42883
327.4654,44.34901
327.9475,45.38489
328.4296,47.19637
328.9117,50.21458
329.3939,53.53899
329.876,56.83992
330.3581,60.117
330.8402,63.48055
331.3223,66.67172
331.8044,70.04224
332.2866,74.35052
332.7687,79.99728
333.2508,85.81425
333.7329,91.33879
334.215,96.32664
334.6971,102.1938
335.1793,109.5371
335.6614,117.444
336.1435,124.57
336.6256,130.6695
337.1077,136.789
337.5898,142.9374
338.072,149.223
338.5541,156.2935
339.0362,164.4408
339.5183,172.8684
340.0004,180.6894
340.4825,187.8631
340.9647,195.2053
341.4468,202.7152
341.9289,210.5368
342.411,219.3857
342.8931,229.2478
343.3752,239.7364
343.8574,250.4549
344.3395,261.4988
344.8216,272.9593
345.3037,284.8013
345.7858,297.1378
346.2679,310.2943
346.7501,324.3304
347.2322,338.413
347.7143,352.6143
348.1964,366.636
348.6785,380.0606
349.1607,393.2329
349.6428,404.5665
350.1249,412.116
350.607,416.4637
351.0891,419.5888
351.5713,423.8817
352.0534,426.6116
352.5355,423.4838
353.0176,414.6075
353.4997,402.1769
353.9818,387.0346
354.464,369.7417
354.9461,350.7274
355.4282,329.2575
355.9103,307.4691
356.3924,287.0036
356.8745,267.6823
357.3567,249.2906
357.8388,231.7116
358.3209,214.8519
358.803,198.2125
359.2851,181.3631
359.7672,166.0396
360.2494,153.518
360.7315,143.0925
361.2136,133.6459
361.6957,124.8037
362.1778,116.6672
362.6599,109.3946
363.1421,103.0618
363.6242,97.03986
364.1063,91.11903
364.5884,85.39772
365.0705,80.02834
365.5526,74.83005
366.0348,70.21625
366.5169,66.45453
366.999,63.50038
367.4811,60.60562
367.9632,57.94383
368.4453,55.14453
368.9275,51.99983
369.4096,47.97302
369.8917,44.36406
370.3738,41.30115
370.8559,38.65543
371.338,36.16708
371.8202,34.13402
372.3023,31.81273
372.7844,28.80099
373.2665,24.78667
373.7487,21.4265
374.2308,18.85555
374.7129,16.80402
375.195,14.91209
375.6771,13.21866
376.1592,11.54121
376.6414,9.766266
377.1235,7.933716
377.6056,6.431374
378.0877,5.3405
378.5698,4.266068
379.0519,2.679619
379.5341,0.590179
380.0162,1.017799
380.4983,1.899063
380.9804,2.288071
381.4625,2.518059
381.9446,2.601746
382.4268,2.895088
382.9089,3.967377
383.391,5.455635
383.8731,6.081169
384.3552,5.618958
384.8373,4.885178
385.3195,4.952164
385.8016,5.551071
386.2837,5.891556
386.7658,5.30162
387.2479,4.413948
387.73,4.055107
388.2122,4.211914
388.6943,4.485527
389.1764,4.833778
389.6585,5.043037
390.1406,4.82019
390.6227,4.001656
391.1049,2.852646
391.587,1.262062
392.0691,0.56942
392.5512,2.035957
393.0333,2.431442
393.5154,2.670624
393.9976,3.41304
394.4797,4.948326
394.9618,6.290283
395.4439,6.618057
395.926,6.713348
396.4081,7.612198
396.8903,10.71308
397.3724,13.4825
397.8545,14.83167
398.3366,14.65424
398.8188,15.5249
399.3009,18.85007
399.783,22.4596
400.2651,24.93073
400.7472,24.74429
401.2293,25.72952
401.7115,28.5304
402.1936,32.5863
402.6757,36.19962
403.1578,39.15134
403.6399,42.04088
404.122,44.99162
404.6042,47.92464
405.0863,51.50872
405.5684,55.85409
406.0505,60.60901
406.5326,65.21447
407.0147,69.60716
407.4969,74.44668
407.979,79.84753
408.4611,85.87556
408.9432,92.83184
409.4253,100.7009
409.9074,109.3551
410.3896,118.623
410.8717,128.6091
411.3538,139.7721
411.8359,152.0095
412.318,165.5737
412.8001,180.8047
413.2823,197.4724
413.7644,215.774
414.2465,235.4347
414.7286,256.8471
415.2107,281.096
415.6928,308.0439
416.175,336.8623
416.6571,367.893
417.1392,399.8923
417.6213,432.2484
418.1034,464.09
418.5855,496.4908
419.0677,529.9886
419.5498,564.5391
420.0319,598.6573
420.514,631.8312
420.9961,664.7804
421.4782,697.8398
421.9604,730.4954
422.4425,764.5488
422.9246,799.7403
423.4067,836.3525
423.8889,875.2888
424.371,914.6832
424.8531,958.3214
425.3352,1006.534
425.8173,1059.225
426.2994,1115.387
426.7816,1174.803
427.2637,1237.457
427.7458,1303.334
428.2279,1374.161
428.71,1446.186
429.1921,1519.206
429.6743,1592.713
430.1564,1664.366
430.6385,1735.669
431.1206,1799.583
431.6027,1854.775
432.0848,1901.429
432.567,1933.018
433.0491,1950.288
433.5312,1949.612
434.0133,1926.193
434.4954,1880.953
434.9775,1819.031
435.4597,1739.124
435.9418,1646.688
436.4239,1548.207
436.906,1445.65
437.3881,1346.031
437.8702,1252.449
438.3524,1165.195
438.8345,1084.199
439.3166,1009.155
439.7987,942.3135
440.2808,886.5269
440.7629,839.6135
441.2451,798.77
441.7272,764.2494
442.2093,734.5919
442.6914,709.2167
443.1735,688.0544
443.6556,671.1115
444.1378,658.6899
444.6199,650.4493
445.102,646.4092
445.5841,647.1669
446.0662,650.6486
446.5483,657.2109
447.0305,666.188
447.5126,676.6074
447.9947,689.9418
448.4768,702.9354
448.959,715.0598
449.4411,726.2437
449.9232,736.8155
450.4053,748.1392
450.8874,756.7726
451.3695,761.0361
451.8517,762.0391
452.3338,754.057
452.8159,736.4985
453.298,709.8331
453.7801,672.7657
454.2622,625.0944
454.7444,574.6677
455.2265,524.1417
455.7086,473.717
456.1907,425.7069
456.6728,379.3818
457.1549,337.726
457.6371,303.0032
458.1192,274.297
458.6013,248.4695
459.0834,225.0817
459.5655,204.2718
460.0476,186.9891
460.5298,172.6175
461.0119,160.2113
461.494,149.9251
461.9761,140.5914
462.4582,131.0814
462.9403,121.1276
463.4225,112.3264
463.9046,106.2139
464.3867,101.165
464.8688,95.79327
465.3509,88.67673
465.833,82.37399
466.3152,77.58199
466.7973,74.07024
467.2794,71.02406
467.7615,68.77338
468.2436,66.55665
468.7257,64.06679
469.2079,61.22192
469.69,58.64812
470.1721,56.521
470.6542,54.49408
471.1363,52.10236
471.6184,49.13152
472.1006,46.67227
472.5827,45.02622
473.0648,43.94608
473.5469,42.79184
474.0291,41.584
474.5112,40.06509
474.9933,37.73999
475.4754,34.90721
475.9575,33.03476
476.4396,32.27875
476.9218,31.66476
477.4039,30.07182
477.886,27.83463
478.3681,25.74526
478.8502,24.10265
479.3323,22.6497
479.8145,21.21922
480.2966,19.7718
480.7787,18.23784
481.2608,16.34118
481.7429,14.47669
482.225,12.99941
482.7072,12.03972
483.1893,10.92721
483.6714,8.94622
484.1535,6.91143
484.6356,5.640572
485.1177,6.210541
485.5999,6.45504
486.082,5.992882
486.5641,4.9524
487.0462,3.70269
487.5283,1.741356
488.0104,0.253227
488.4926,0.150154
488.9747,0.785355
489.4568,1.151604
489.9389,0.770866
490.421,0.136139
490.9031,0.231865
491.3853,0.327278
491.8674,0.258835
492.3495,0.083878003
492.8316,0.4189
493.3137,0.060164999
493.7958,1.276207
494.278,2.333321
494.7601,2.500084
495.2422,2.199829
495.7243,2.27639
496.2064,2.78373
496.6885,3.273758
497.1707,3.489883
497.6528,3.441811
498.1349,3.091232
498.617,2.002182
499.0992,1.230392
499.5813,1.727036
500.0634,2.990509
500.5455,3.791718
501.0276,3.063736
501.5097,2.38839
501.9919,2.55883
502.474,3.807953
502.9561,4.595352
503.4382,4.615616
503.9203,4.280403
504.4024,3.808243
504.8846,2.912018
505.3667,2.523155
505.8488,2.963364
506.3309,3.77636
506.813,3.924164
507.2951,3.276443
507.7773,2.545235
508.2594,1.94281
508.7415,1.475838
509.2236,1.283005
509.7057,1.402649
510.1878,1.310539
510.67,0.132668
511.1521,1.628708
511.6342,2.293747
512.1163,1.323769
512.5984,0.213394
513.0806,0.74646
513.5627,2.301926
514.0448,3.581726
514.5269,3.514137
515.009,3.391273
515.4911,4.244637
515.9733,5.928772
516.4554,7.377312
516.9375,7.705376
517.4196,8.028671
517.9017,9.105721
518.3839,11.52215
518.866,13.46664
519.3481,14.45604
519.8302,15.00356
520.3123,15.57048
520.7944,15.86024
521.2766,16.74906
521.7587,18.60553
522.2408,21.12388
522.7229,23.14674
523.205,24.56899
523.6871,25.89457
524.1693,27.34169
524.6514,28.89034
525.1335,30.60987
525.6156,32.51577
526.0977,34.54295
526.5798,36.78165
527.062,39.12944
527.5441,41.12647
528.0262,42.34305
528.5083,43.83017
528.9904,47.18585
529.4725,51.70602
529.9547,55.65759
530.4368,57.33317
530.9189,58.80295
531.401,61.37686
531.8831,65.12893
532.3652,69.10123
532.8474,73.65552
533.3295,77.9236
533.8116,81.31278
534.2937,82.43044
534.7758,84.91083
535.2579,89.55157
535.7401,95.24065
536.2222,100.2565
536.7043,104.5331
537.1864,108.452
537.6685,111.9058
538.1506,115.1089
538.6328,118.9909
539.1149,123.7003
539.597,128.4187
540.0791,132.4921
540.5612,136.1271
541.0433,140.106
541.5255,144.4991
542.0076,148.8067
542.4897,152.2979
542.9718,155.4057
543.4539,159.0939
543.936,163.8254
544.4182,168.7593
544.9003,173.234
545.3824,177.3274
545.8645,181.2443
546.3466,185.2678
546.8287,189.1264
547.3109,192.5422
547.793,195.4371
548.2751,198.2145
548.7572,200.732
549.2393,203.3492
549.7214,206.2972
550.2036,209.9
550.6857,213.1395
551.1678,215.8053
551.6499,218.1936
552.132,220.7492
552.6141,223.5722
553.0963,226.4291
553.5784,229.1283
554.0605,231.87
554.5426,235.355
555.0247,239.5675
555.5068,243.9336
555.989,247.9661
556.4711,251.9919
556.9532,256.4661
557.4353,261.3257
557.9174,266.341
558.3995,270.9519
558.8817,275.9095
559.3638,282.0918
559.8459,290.3232
560.3281,298.1712
560.8102,304.1216
561.2923,309.2312
561.7744,315.0653
562.2565,322.7751
562.7386,330.3287
563.2208,337.4298
563.7029,343.9799
564.185,350.0216
564.6671,355.2387
565.1492,360.5703
565.6313,366.6559
566.1135,373.5526
566.5956,379.6107
567.0777,384.7248
567.5598,389.129
568.0419,393.0706
568.524,396.5792
569.0062,399.8105
569.4883,402.8612
569.9704,405.403
570.4525,407.4049
570.9346,408.5733
571.4167,408.0881
571.8989,404.9204
572.381,400.5385
572.8631,396.2201
573.3452,391.7739
573.8273,385.5707
574.3094,376.4232
574.7916,365.8569
575.2737,354.5684
575.7558,342.507
576.2379,330.1722
576.72,317.7578
577.2021,305.0877
577.6843,291.7096
578.1664,277.2306
578.6485,263.4977
579.1306,250.6103
579.6127,238.4651
580.0948,226.5413
580.577,214.8863
581.0591,203.3535
581.5412,191.9417
582.0233,180.7061
582.5054,169.6566
582.9875,158.9496
583.4697,148.6136
583.9518,138.4961
584.4339,129.0199
584.916,120.8722
585.3981,114.2509
585.8802,107.738
586.3624,100.1949
586.8445,92.64199
587.3266,86.01923
587.8087,80.93259
588.2908,76.25829
588.7729,71.93294
589.2551,67.9258
589.7372,64.19965
590.2193,60.75621
590.7014,57.58733
591.1835,54.7944
591.6656,52.28785
592.1478,49.6118
592.6299,46.74691
593.112,44.02574
593.5941,41.4975
594.0762,39.26598
594.5583,37.94588
595.0405,37.6049
595.5226,37.21976
596.0047,35.74855
596.4868,33.71768
596.9689,31.782
597.451,29.92706
597.9332,28.64074
598.4153,28.49117
598.8974,28.98946
599.3795,29.42479
599.8616,29.58313
600.3438,29.7768
600.8259,30.12921
601.308,30.5528
601.7901,30.71153
602.2722,30.20392
602.7543,30.08447
603.2365,30.76558
603.7186,32.22693
604.2007,33.83181
604.6828,35.46119
605.1649,37.80269
605.647,41.48191
606.1292,46.38783
606.6113,52.03587
607.0934,58.18324
607.5755,65.27233
608.0576,73.7602
608.5398,83.50029
609.0219,94.10501
609.504,106.3741
609.9861,118.2957
610.4683,128.884
610.9504,138.4166
611.4325,147.5086
611.9146,155.6183
612.3967,163.7096
612.8788,171.9001
613.361,180.2401
613.8431,189.8175
614.3252,200.3127
614.8073,212.4965
615.2894,226.8029
615.7715,243.1044
616.2537,262.2393
616.7358,284.4434
617.2179,308.3621
617.7,332.5296
618.1821,357.1995
618.6642,382.4491
619.1464,408.5812
619.6285,435.4627
620.1106,463.5283
620.5927,492.3291
621.0748,520.9116
621.5569,551.3188
622.0391,579.3276
622.5212,607.7803
623.0033,633.1578
623.4854,644.7743
623.9675,642.6517
624.4496,623.848
624.9318,584.4988
625.4139,524.9454
625.896,463.021
626.3781,396.4754
626.8602,334.2825
627.3423,281.9395
627.8245,239.3247
628.3066,203.4481
628.7887,174.3671
629.2708,150.6862
629.7529,132.1452
630.235,117.9275
630.7172,105.7542
631.1993,95.1312
631.6814,86.62444
632.1635,81.13107
632.6456,77.89735
633.1277,75.66376
633.6099,74.39832
634.092,73.66866
634.5741,73.50662
635.0562,73.82165
635.5383,74.20844
636.0204,74.49728
636.5026,75.19772
636.9847,76.45224
637.4668,78.1873
637.9489,80.15129
638.431,82.57072
638.9131,84.39597
639.3953,84.88618
639.8774,84.18458
640.3595,82.97834
640.8416,81.31425
641.3237,78.89037
641.8058,75.31515
642.288,70.87881
642.7701,66.03185
643.2522,60.72334
643.7343,55.29654
644.2164,49.53471
644.6985,43.81631
645.1807,38.6937
645.6628,34.28263
646.1449,30.49387
646.627,27.5604
647.1091,25.15978
647.5912,22.5302
648.0734,19.49294
648.5555,16.68549
649.0376,14.30028
649.5197,12.2696
650.0018,10.30729
650.4839,8.386543
650.9661,6.615112
651.4482,4.937035
651.9303,3.47348
652.4124,2.507988
652.8945,2.043884
653.3766,1.666191
653.8588,1.173836
654.3409,0.597771
654.823,0.104797
655.3051,1.097862
655.7872,1.736488
656.2693,1.455933
656.7515,0.994026
657.2336,1.098648
657.7158,2.212936
658.1979,2.924438
658.68,3.073364
659.1621,2.8423
659.6442,2.515617
660.1263,2.09446
660.6085,1.577927
661.0906,0.862869
661.5727,0.182312
662.0548,0.093268998
662.5369,0.012215
663.019,0.406921
663.5012,1.460346
663.9833,2.454758
664.4654,2.727924
664.9475,2.348957
665.4296,2.027409
665.9117,2.139614
666.3939,2.237865
666.876,1.983658
667.3581,1.238976
667.8402,1.126873
668.3223,2.065807
668.8044,2.978439
669.2866,2.909069
669.7687,1.802017
670.2508,1.1922
670.7329,1.212078
671.215,1.49049
671.6971,1.849552
672.1793,2.140144
672.6614,1.871452
673.1435,0.701767
673.6256,0.445568
674.1077,0.876678
674.5898,0.796341
675.072,0.522877
675.5541,0.265804
676.0362,0.764862
676.5183,0.494545
677.0004,0.226154
677.4825,0.50016
677.9647,0.052329998
678.4468,0.298737
678.9289,0.353271
679.411,0.131569
679.8931,0.418743
680.3752,1.334728
680.8574,1.932053
681.3395,1.436367
681.8216,0.457043
682.3037,0.507977
682.7858,1.509129
683.2679,2.228275
683.7501,1.549732
684.2322,0.426147
684.7143,0.468174
685.1964,1.072414
685.6785,1.206848
686.1606,0.438156
686.6428,0.561104
687.1249,1.35038
687.607,2.071987
688.0891,2.154564
688.5712,1.320633
689.0533,0.305374
689.5355,0.012981
690.0176,0.342754
690.4997,1.026134
690.9818,2.088947
691.4639,3.140247
691.946,3.786537
692.4282,3.993721
692.9103,3.638954
693.3924,1.977226
693.8745,0.571037
694.3566,0.586063
694.8387,1.549175
695.3209,2.346905
695.803,2.546509
696.2851,2.880352
696.7672,3.662689
697.2493,4.742043
697.7314,5.231125
698.2136,4.920403
698.6957,4.714405
699.1778,5.064655
699.6599,5.842026
700.142,6.624451
700.6241,7.385521
701.1063,7.683853
701.5884,6.7519
702.0705,5.544197
702.5526,5.363773
703.0347,6.294678
703.5168,7.229614
703.999,7.880005
704.4811,8.156532
704.9632,7.840813
705.4453,6.390839
705.9274,5.933079
706.4095,7.063606
706.8917,8.515053
707.3738,9.150078
707.856,8.852577
708.3381,8.87624
708.8202,9.427711
709.3023,9.9128
709.7844,9.261555
710.2665,7.930573
710.7487,7.214237
711.2308,7.551163
711.7129,8.302334
712.195,9.218185
712.6771,10.15199
713.1592,10.87162
713.6414,11.61769
714.1235,11.80074
714.6056,10.71729
715.0877,9.068771
715.5698,8.273266
716.0519,8.602203
716.5341,9.168728
717.0162,9.955738
717.4983,10.72614
717.9804,10.59198
718.4625,9.622623
718.9446,8.783897
719.4268,8.48196
719.9089,8.586872
720.391,9.241814
720.8731,10.2459
721.3552,10.76503
721.8373,9.754333
722.3195,8.726387
722.8016,8.704681
723.2837,9.733665
723.7658,10.16564
724.2479,9.544834
724.73,8.88052
725.2122,8.680027
725.6943,8.911346
726.1764,8.987957
726.6585,8.940426
727.1406,8.617744
727.6227,7.584057
728.1049,6.238735
728.587,5.619579
729.0691,5.803993
729.5512,6.247452
730.0333,6.743969
730.5154,7.256634
730.9976,7.837658
731.4797,8.669437
731.9618,8.935642
732.4439,8.120808
732.926,6.938377
733.4081,5.743759
733.8903,4.223919
734.3724,4.033485
734.8545,5.66573
735.3366,7.668804
735.8187,8.193336
736.3008,7.464462
736.783,6.34819
737.2651,4.821148
737.7472,3.70459
738.2293,4.406677
738.7114,5.873096
739.1935,6.518917
739.6757,4.7934
740.1578,3.359081
740.6399,3.108524
741.122,3.604458
741.6041,4.096973
742.0862,4.629799
742.5684,4.72123
743.0505,4.160255
743.5326,3.324421
744.0147,3.053619
744.4968,3.325253
744.9789,3.827568
745.4611,4.746231
745.9432,5.44725
746.4253,4.67408
746.9074,2.971008
747.3895,1.838394
747.8716,2.586666
748.3538,3.473026
748.8359,3.78371
749.318,3.590744
749.8001,3.352009
750.2822,3.133804
750.7643,2.640316
751.2465,1.528946
751.7286,0.039092999
752.2107,0.283279
752.6928,0.624371
753.1749,1.61198
753.657,1.979671
754.1392,2.015812
754.6213,2.212387
755.1034,2.528671
755.5855,2.7314
756.0676,2.78875
756.5498,2.591393
757.0319,1.735054
757.514,0.192104
757.9962,0.109016
758.4783,2.064449
758.9604,3.8288
759.4425,3.597828
759.9246,1.445534
760.4067,0.604233
760.8889,1.191181
761.371,2.119846
761.8531,2.852428
762.3352,3.278378
762.8173,2.92289
763.2994,1.800858
763.7816,1.05336
764.2637,1.805683
764.7458,2.917927
765.2279,3.553345
765.71,3.553802
766.1921,3.461391
766.6743,3.119713
767.1564,2.931313
767.6385,3.273472
768.1206,4.259804
768.6027,4.656185
769.0848,4.401558
769.567,3.922028
770.0491,3.506935
770.5312,3.167763
771.0133,2.878876
771.4954,2.619061
771.9775,2.634079
772.4597,3.53801
772.9418,4.496876
773.4239,4.73951
773.906,3.710125
774.3881,3.121136
774.8702,3.256691
775.3524,3.590477
775.8345,3.697716
776.3166,3.563957
776.7987,3.335445
777.2808,2.984352
777.7629,2.736382
778.2451,3.10096
778.7272,3.692444
779.2093,3.578396
779.6914,2.35194
780.1735,1.46949
780.6556,2.193714
781.1378,3.484531
781.6199,4.336529
782.102,4.300514
782.5841,4.271694
783.0662,4.221619
783.5483,4.209549
784.0305,4.393101
784.5126,4.791927
784.9947,4.730431
785.4768,4.043446
785.9589,3.284607
786.441,3.163559
786.9232,3.423279
787.4053,3.616806
787.8874,3.674473
788.3695,3.539349
788.8516,3.206348
789.3337,2.658733
789.8159,1.837791
790.298,0.292629
790.7801,0.705345
791.2622,1.055138
791.7443,0.936836
792.2264,0.462238
792.7086,0.358551
793.1907,1.171883
793.6728,1.988934
794.1549,2.530445
794.637,2.433971
795.1191,1.866611
795.6013,1.017132
796.0834,0.510159
796.5655,1.375069
797.0476,0.306046
797.5297,1.29174
798.0118,1.602142
798.494,0.403915
798.9761,1.188103
799.4582,0.072483003
799.9403,1.556156
800.4224,1.647491
800.9045,0.475689
801.3867,0.273178
801.8688,0.202774
802.3509,0.162571
802.833,0.485088
803.3151,0.720715
803.7972,0.783779
804.2794,0.468887
804.7615,0.282196
805.2436,0.632477
805.7258,1.000626
806.2079,0.686493
806.69,0.685837
807.1721,1.169674
807.6542,0.365723
808.1364,0.816784
808.6185,1.090843
809.1006,0.742123
809.5827,0.636314
810.0648,1.115063
810.5469,1.590248
811.0291,1.535625
811.5112,1.154831
811.9933,0.689354
812.4754,0.048679002
812.9575,0.489166
813.4396,0.565617
813.9218,0.387619
814.4039,0.049888998
814.886,0.455563
815.3681,1.027187
815.8502,1.722172
816.3323,2.33366
816.8145,2.268635
817.2966,1.908474
817.7787,1.968876
818.2608,2.720905
818.7429,3.561211
819.225,4.38134
819.7072,5.043922
820.1893,5.371273
820.6714,5.078587
821.1535,5.091423
821.6356,5.550713
822.1177,6.07357
822.5999,6.294029
823.082,6.211422
823.5641,5.671112
824.0462,4.563248
824.5283,3.766579
825.0104,4.503178
825.4926,5.808086
825.9747,6.4697
826.4568,5.953495
826.9389,5.858452
827.421,6.992874
827.9031,8.325386
828.3853,9.239029
828.8674,9.723312
829.3495,9.639057
829.8316,8.817635
830.3137,8.168514
830.7958,8.748997
831.278,10.11383
831.7601,11.43028
832.2422,12.60901
832.7243,13.48786
833.2064,13.8001
833.6885,13.87562
834.1707,13.90306
834.6528,13.83062
835.1349,14.07834
835.617,14.76452
836.0991,15.56902
836.5812,16.46902
837.0634,17.40933
837.5455,17.22624
838.0276,15.89014
838.5097,14.92535
838.9918,15.87097
839.4739,17.5517
839.9561,18.78264
840.4382,19.48254
840.9203,19.92391
841.4024,20.29327
841.8845,20.2978
842.3666,19.64762
842.8488,18.3668
843.3309,17.81647
843.813,18.11387
844.2951,18.48928
844.7772,18.43781
845.2593,18.16042
845.7415,18.20375
846.2236,18.48898
846.7057,18.58586
847.1878,18.09424
847.6699,17.49665
848.152,17.07462
848.6342,16.78757
849.1163,16.37009
849.5984,15.81188
850.0805,15.18251
850.5626,14.36868
851.0447,13.55424
851.5269,13.57635
852.009,14.3271
852.4911,14.92335
852.9732,14.87758
853.4553,14.50954
853.9374,14.04453
854.4196,13.46004
854.9017,12.81175
855.3839,11.9529
855.866,11.11941
856.3481,10.21547
856.8302,9.404266
857.3123,9.251358
857.7944,9.7854
858.2766,10.08978
858.7587,9.876274
859.2408,9.432934
859.7229,9.346508
860.205,9.355698
860.6871,8.858097
861.1693,7.017635
861.6514,5.645935
862.1335,5.468334
862.6156,6.160843
863.0977,7.362244
863.5798,9.635658
864.062,10.7743
864.5441,10.45871
865.0262,9.258804
865.5083,7.414944
865.9904,5.301945
866.4725,4.217583
866.9547,4.5126
867.4368,5.03373
867.9189,4.890167
868.401,4.651653
868.8831,4.940617
869.3652,6.275738
869.8474,6.805126
870.3295,6.049969
870.8116,5.199867
871.2937,5.441727
871.7758,6.622124
872.2579,6.564682
872.7401,5.188641
873.2222,4.008507
873.7043,4.562241
874.1864,5.677567
874.6685,6.154636
875.1506,5.892143
875.6328,5.836666
876.1149,6.740688
876.597,7.320469
877.0791,6.896175
877.5612,5.627712
878.0433,5.305904
878.5255,5.945702
879.0076,6.624374
879.4897,6.768108
879.9718,6.664791
880.4539,6.661251
880.936,6.738285
881.4182,6.844383
881.9003,6.982895
882.3824,7.128788
882.8645,7.466541
883.3466,7.874836
883.8287,7.73502
884.3109,6.800064
884.793,6.216881
885.2751,6.494919
885.7572,6.987186
886.2393,6.409313
886.7214,5.232052
887.2036,4.52356
887.6857,4.653797
888.1678,5.133675
888.6499,6.439445
889.132,7.739464
889.6141,7.766926
890.0963,5.662487
890.5784,4.57378
891.0605,4.896141
891.5426,5.780643
892.0247,6.459572
892.5068,6.912594
892.989,6.990891
893.4711,6.631126
893.9532,6.101906
894.4353,5.359608
894.9174,4.70554
895.3995,4.414707
895.8817,4.598667
896.3638,4.689423
896.8459,4.596153
897.328,4.589081
897.8101,4.908199
898.2922,5.48505
898.7744,5.91674
899.2565,6.249172
899.7386,6.522465
900.2207,6.953606
900.7028,7.175919
901.1849,6.611439
901.6671,5.443428
902.1492,5.081821
902.6313,6.338848
903.1134,7.205132
903.5955,7.025749
904.0776,6.211212
904.5598,5.929989
905.0419,6.118698
905.524,6.262547
906.0062,6.184124
906.4883,5.970058
906.9704,5.495384
907.4525,4.994965
907.9346,4.840958
908.4167,6.047363
908.8989,6.207664
909.381,4.538445
909.8631,2.516155
910.3452,2.135448
910.8273,3.281265
911.3094,4.286541
911.7916,4.970036
912.2737,5.340351
912.7558,5.369762
913.2379,5.109695
913.72,4.536434
914.2021,3.559673
914.6843,2.759693
915.1664,2.053165
915.6485,1.75885
916.1306,2.28405
916.6127,3.535599
917.0948,3.74036
917.577,2.902706
918.0591,2.057495
918.5412,1.954712
919.0233,2.11507
919.5054,2.057934
919.9875,1.817814
920.4697,1.596699
920.9518,1.392982
921.4339,1.297241
921.916,1.385746
922.3981,1.558811
922.8802,1.46191
923.3624,1.112431
923.8445,1.220036
924.3266,2.28228
924.8087,3.162197
925.2908,2.220924
925.7729,0.425354
926.2551,0.821316
926.7372,1.079784
927.2193,0.85783
927.7014,0.145378
928.1835,1.174984
928.6656,1.467834
929.1478,1.025467
929.6299,0.705936
930.112,0.548527
930.5941,0.561432
931.0762,0.894238
931.5583,1.312229
932.0405,1.645672
932.5226,1.866196
933.0047,1.74955
933.4868,0.908833
933.9689,0.114891
934.451,0.422096
934.9332,0.693153
935.4153,0.494293
935.8974,0.147549
936.3795,0.613136
936.8616,0.467911
937.3438,0.187782
937.8259,0.293907
938.308,0.618477
938.7901,0.822643
939.2722,1.105129
939.7543,0.769402
940.2365,0.690811
940.7186,2.277229
941.2007,2.396832
941.6828,1.189983
942.1649,0.247936
942.647,0.249283
943.1292,0.269283
943.6113,0.887455
944.0934,2.110104
944.5755,2.097073
945.0576,0.344959
945.5397,0.620945
946.0219,0.16375
946.504,0.345173
946.9861,0.169788
947.4682,0.564777
947.9503,1.210499
948.4324,1.742142
948.9146,1.902439
949.3967,1.173943
949.8788,0.355782
950.3609,0.081019998
950.843,0.191082
951.3251,0.197609
951.8073,0.018928999
952.2894,0.229198
952.7715,0.465576
953.2536,0.581341
953.7357,0.126068
954.2179,0.694447
954.7,0.872379
955.1821,0.020671999
955.6642,0.481724
956.1464,1.212372
956.6285,3.385479
957.1106,4.479973
957.5927,4.142059
958.0748,3.794449
958.5569,3.356361
959.0391,3.126175
959.5212,3.348808
960.0033,3.919357
960.4854,4.652458
960.9675,5.495491
961.4496,6.134926
961.9318,6.581383
962.4139,6.612831
962.896,5.542953
963.3781,4.030678
963.8602,4.016426
964.3423,6.027016
964.8245,7.192245
965.3066,6.721504
965.7887,5.784851
966.2708,6.009567
966.7529,7.019432
967.235,8.180351
967.7172,9.501976
968.1993,10.42163
968.6814,10.34266
969.1635,10.12119
969.6456,10.37612
970.1277,11.15195
970.6099,11.60224
971.092,11.65659
971.5741,12.25609
972.0562,14.63704
972.5383,17.52869
973.0204,19.03615
973.5026,19.5504
973.9847,20.81332
974.4668,23.93232
974.9489,27.21058
975.431,30.4837
975.9131,33.57374
976.3953,36.22616
976.8774,38.4514
977.3595,39.85704
977.8416,40.14155
978.3237,40.45961
978.8058,41.93576
979.288,43.99634
979.7701,46.10262
980.2522,48.28653
980.7343,49.92467
981.2164,50.62521
981.6985,51.65784
982.1807,53.75367
982.6628,56.76328
983.1449,60.20766
983.627,64.13089
984.1091,68.51911
984.5912,73.58949
985.0734,78.82037
985.5555,83.77853
986.0376,88.87843
986.5197,95.39399
987.0018,104.3918
987.4839,110.898
987.9661,113.7314
988.4482,114.9138
988.9303,115.7694
989.4124,117.4072
989.8945,121.7829
990.3766,129.2244
990.8588,139.3919
991.3409,151.3817
991.823,167.0191
992.3051,187.3144
992.7872,211.8764
993.2693,239.7614
993.7515,271.0583
994.2336,304.4894
994.7157,341.6559
995.1978,378.4975
995.6799,410.4862
996.162,439.0813
996.6442,467.1794
997.1263,493.8909
997.6084,522.385
998.0905,552.2625
998.5726,584.6983
999.0547,621.031
999.5369,661.8368
1000.019,708.9711
1000.501,762.6432
1000.983,822.115
1001.465,889.0947
1001.947,960.614
1002.43,1034.367
1002.912,1111.008
1003.394,1188.856
1003.876,1270.376
1004.358,1349.591
1004.84,1435.029
1005.322,1506.246
1005.804,1532.371
1006.287,1512.35
1006.769,1442.263
1007.251,1292.66
1007.733,1136.433
1008.215,979.5641
1008.697,836.0569
1009.179,717.3622
1009.661,624.739
1010.143,551.3367
1010.626,496.6832
1011.108,452.9518
1011.59,416.0742
1012.072,384.337
1012.554,356.606
1013.036,332.4758
1013.518,309.2175
1014.0,286.2954
1014.483,264.5186
1014.965,244.0292
1015.447,225.0526
1015.929,207.9927
1016.411,192.5464
1016.893,177.5444
1017.375,162.3055
1017.857,148.3536
1018.339,137.008
1018.822,127.0874
1019.304,117.3137
1019.786,107.4651
1020.268,99.23028
1020.75,92.76678
1021.232,86.89834
1021.714,80.94177
1022.196,75.07647
1022.679,69.47678
1023.161,64.23714
1023.643,59.69717
1024.125,56.23474
1024.607,53.21963
1025.089,50.81703
1025.571,48.4886
1026.053,45.12529
1026.535,41.00897
1027.018,38.16695
1027.5,36.90009
1027.982,35.81856
1028.464,34.0699
1028.946,31.90284
1029.428,29.3027
1029.91,26.29111
1030.392,24.00394
1030.875,22.60098
1031.357,21.28701
1031.839,19.76529
1032.321,18.17186
1032.803,17.02182
1033.285,15.9502
1033.767,14.10375
1034.249,10.42361
1034.731,7.585281
1035.214,6.821091
1035.696,6.554077
1036.178,5.478966
1036.66,3.619293
1037.142,3.143074
1037.624,3.989952
1038.106,4.329796
1038.588,2.419975
1039.071,0.00070199999
1039.553,1.661835
1040.035,2.746513
1040.517,4.100922
1040.999,6.221649
1041.481,7.277039
1041.963,6.739616
1042.445,5.813332
1042.927,6.179726
1043.41,7.287079
1043.892,8.137238
1044.374,8.592964
1044.856,8.682175
1045.338,7.967033
1045.82,7.377708
1046.302,7.412231
1046.784,7.907768
1047.266,7.987694
1047.749,7.683403
1048.231,7.404671
1048.713,7.453568
1049.195,7.35231
1049.677,6.572815
1050.159,5.472069
1050.641,4.551826
1051.123,4.024315
1051.606,3.101776
1052.088,1.610558
1052.57,0.340721
1053.052,0.396454
1053.534,0.837921
1054.016,0.358849
1054.498,2.891212
1054.98,5.148552
1055.463,6.015518
1055.945,7.18576
1056.427,9.185326
1056.909,11.52117
1057.391,13.19553
1057.873,14.35217
1058.355,16.25433
1058.837,19.14082
1059.319,22.26488
1059.802,25.18221
1060.284,27.91606
1060.766,30.33549
1061.248,32.48415
1061.73,34.94859
1062.212,37.72121
1062.694,40.94865
1063.176,44.94479
1063.658,48.91062
1064.141,51.48518
1064.623,53.31201
1065.105,55.53972
1065.587,58.88013
1066.069,61.52748
1066.551,62.60138
1067.033,64.07892
1067.515,67.88586
1067.998,73.39912
1068.48,77.11484
1068.962,79.24111
1069.444,80.85103
1069.926,81.72014
1070.408,83.08383
1070.89,85.67528
1071.372,89.03392
1071.854,92.53999
1072.337,96.18622
1072.819,99.8476
1073.301,103.5139
1073.783,106.8945
1074.265,108.8277
1074.747,110.9256
1075.229,115.063
1075.711,121.2014
1076.193,127.0449
1076.676,131.9897
1077.158,137.5703
1077.64,144.1963
1078.122,151.5532
1078.604,158.6883
1079.086,166.2261
1079.568,175.5908
1080.051,187.4889
1080.533,199.9123
1081.015,211.6974
1081.497,224.3758
1081.979,238.4407
1082.461,253.8964
1082.943,271.4138
1083.425,291.1393
1083.907,313.0462
1084.39,337.3745
1084.872,363.5891
1085.354,391.1806
1085.836,420.4971
1086.318,452.5406
1086.8,487.161
1087.282,524.0193
1087.764,562.9548
1088.246,605.3552
1088.729,653.821
1089.211,705.2101
1089.693,756.0233
1090.175,806.9888
1090.657,861.5014
1091.139,922.2064
1091.621,982.4549
1092.103,1040.849
1092.586,1099.641
1093.068,1162.238
1093.55,1227.296
1094.032,1293.383
1094.514,1360.293
1094.996,1427.502
1095.478,1494.847
1095.96,1561.475
1096.443,1628.094
1096.925,1692.87
1097.407,1754.328
1097.889,1811.817
1098.371,1858.85
1098.853,1894.391
1099.335,1917.933
1099.817,1931.316
1100.299,1930.6
1100.781,1912.624
1101.264,1877.975
1101.746,1825.596
1102.228,1754.838
1102.71,1672.738
1103.192,1580.818
1103.674,1482.939
1104.156,1381.039
1104.638,1278.61
1105.121,1180.036
1105.603,1085.787
1106.085,998.312
1106.567,917.5732
1107.049,843.1309
1107.531,773.3447
1108.013,709.5374
1108.495,651.5212
1108.978,599.4024
1109.46,552.856
1109.942,512.5283
1110.424,476.6179
1110.906,444.7711
1111.388,416.0379
1111.87,389.0396
1112.352,363.9381
1112.834,342.228
1113.317,323.767
1113.799,305.9373
1114.281,285.9841
1114.763,267.558
1115.245,253.1242
1115.727,241.4768
1116.209,230.0125
1116.691,218.668
1117.173,208.071
1117.656,198.2707
1118.138,189.6915
1118.62,183.6876
1119.102,178.3212
1119.584,171.8022
1120.066,164.0962
1120.548,156.6678
1121.03,149.3695
1121.513,143.5177
1121.995,140.1458
1122.477,137.3172
1122.959,131.8327
1123.441,125.5987
1123.923,121.4748
1124.405,121.1575
1124.887,119.3749
1125.37,115.5019
1125.852,111.7121
1126.334,109.3008
1126.816,107.8108
1127.298,106.4032
1127.78,105.0993
1128.262,103.9643
1128.744,102.9596
1129.226,102.2472
1129.709,101.905
1130.191,101.7178
1130.673,101.3803
1131.155,101.0385
1131.637,101.1599
1132.119,101.7802
1132.601,103.0352
1133.083,104.7048
1133.566,107.4496
1134.048,111.9174
1134.53,117.1314
1135.012,121.5338
1135.494,125.2892
1135.976,130.6522
1136.458,137.8353
1136.94,145.8864
1137.422,154.7503
1137.905,163.6778
1138.387,171.5819
1138.869,179.4239
1139.351,189.5807
1139.833,202.2257
1140.315,216.0206
1140.797,230.9012
1141.279,245.7336
1141.761,258.9527
1142.244,272.303
1142.726,287.9606
1143.208,305.6725
1143.69,321.7455
1144.172,335.5135
1144.654,351.0714
1145.136,369.7363
1145.618,389.5523
1146.101,408.3569
1146.583,426.2182
1147.065,443.4551
1147.547,459.9982
1148.029,476.1802
1148.511,492.2783
1148.993,507.0186
1149.475,520.2025
1149.958,531.2665
1150.44,539.2245
1150.922,544.4104
1151.404,547.6012
1151.886,549.3055
1152.368,547.9971
1152.85,543.9238
1153.332,536.7216
1153.814,525.5126
1154.297,511.2301
1154.779,496.388
1155.261,480.6119
1155.743,463.405
1156.225,442.9984
1156.707,423.2536
1157.189,404.9215
1157.671,386.7121
1158.153,367.479
1158.636,347.5417
1159.118,327.6736
1159.6,308.0968
1160.082,289.3236
1160.564,271.0312
1161.046,254.4799
1161.528,240.2699
1162.01,227.513
1162.493,215.4218
1162.975,203.967
1163.457,192.4918
1163.939,180.9783
1164.421,170.2344
1164.903,161.3534
1165.385,152.6067
1165.867,142.9464
1166.349,133.184
1166.832,124.9033
1167.314,117.8817
1167.796,111.8105
1168.278,106.6661
1168.76,101.8185
1169.242,96.92111
1169.724,92.15877
1170.206,87.5849
1170.688,83.0432
1171.171,78.14409
1171.653,72.91232
1172.135,68.5932
1172.617,65.61519
1173.099,62.57243
1173.581,57.75675
1174.063,52.72617
1174.545,48.73079
1175.028,45.67258
1175.51,43.29825
1175.992,41.58611
1176.474,39.75794
1176.956,37.65933
1177.438,35.33331
1177.92,32.035
1178.402,28.95934
1178.885,27.60542
1179.367,27.86333
1179.849,26.76317
1180.331,24.27214
1180.813,21.94318
1181.295,20.06065
1181.777,18.52004
1182.259,17.85567
1182.741,17.41128
1183.224,16.19342
1183.706,13.97984
1184.188,12.57645
1184.67,12.03666
1185.152,11.7761
1185.634,11.73582
1186.116,11.51031
1186.598,10.37929
1187.081,8.809608
1187.563,7.539742
1188.045,6.765442
1188.527,5.961975
1189.009,5.105988
1189.491,4.352669
1189.973,3.836533
1190.455,3.414169
1190.938,2.859718
1191.42,2.334274
1191.902,2.080505
1192.384,2.362267
1192.866,2.185951
1193.348,1.569725
1193.83,0.515121
1194.312,1.621872
1194.794,3.687675
1195.276,4.017738
1195.759,3.190224
1196.241,2.286346
1196.723,0.891525
1197.205,1.005692
1197.687,3.045959
1198.169,5.008644
1198.651,4.996094
1199.133,4.212082
1199.616,4.311211
1200.098,4.91716
1200.58,5.040985
1201.062,4.30719
1201.544,3.585785
1202.026,2.833549
1202.508,2.42897
1202.99,3.223785
1203.473,4.190636
1203.955,3.587807
1204.437,1.979324
1204.919,1.407135
1205.401,2.843262
1205.883,3.512054
1206.365,3.043236
1206.847,2.483849
1207.329,3.15094
1207.812,4.099876
1208.294,4.081383
1208.776,3.244675
1209.258,2.35791
1209.74,1.198906
1210.222,0.981804
1210.704,2.120125
1211.186,3.138748
1211.668,2.051414
1212.151,0.31572
1212.633,0.217575
1213.115,0.357117
1213.597,0.98011
1214.079,1.785622
1214.561,1.777435
1215.043,0.638359
1215.525,0.559113
1216.008,0.277428
1216.49,0.334969
1216.972,0.38575
1217.454,2.250816
1217.936,3.156601
1218.418,2.6633
1218.9,2.356377
1219.382,2.501434
1219.865,2.837891
1220.347,3.129379
1220.829,3.411064
1221.311,3.760765
1221.793,4.159393
1222.275,4.514717
1222.757,5.059357
1223.239,4.392754
1223.721,1.949501
1224.203,0.355385
1224.686,0.107986
1225.168,1.126366
1225.65,1.932289
1226.132,2.144547
1226.614,1.730747
1227.096,0.450562
1227.578,0.030739
1228.061,0.983723
1228.543,2.173805
1229.025,2.69809
1229.507,2.643669
1229.989,1.721119
1230.471,0.12373
1230.953,0.360817
1231.435,0.415859
1231.917,0.921234
1232.4,0.758106
1232.882,0.471931
1233.364,0.760605
1233.846,1.021378
1234.328,0.505535
1234.81,0.607243
1235.292,1.130226
1235.774,1.044483
1236.256,0.450111
1236.739,0.799854
1237.221,1.67292
1237.703,0.322289
1238.185,0.929337
1238.667,0.545307
1239.149,3.831261
1239.631,4.611607
1240.113,2.978909
1240.596,1.517132
1241.078,0.850712
1241.56,0.530197
1242.042,0.338512
1242.524,0.286205
1243.006,0.267353
1243.488,0.400818
1243.97,1.493805
1244.453,3.372677
1244.935,4.779915
1245.417,4.991287
1245.899,5.017677
1246.381,5.391598
1246.863,5.861973
1247.345,6.386501
1247.827,6.840988
1248.309,6.478783
1248.792,5.478394
1249.274,5.543407
1249.756,7.229919
1250.238,8.543652
1250.72,8.661846
1251.202,8.526218
1251.684,8.410713
1252.166,8.528168
1252.648,9.197838
1253.131,10.00331
1253.613,10.18081
1254.095,8.928486
1254.577,8.628368
1255.059,10.61043
1255.541,12.48794
1256.023,13.76075
1256.505,14.26065
1256.988,13.28648
1257.47,12.00085
1257.952,11.81685
1258.434,13.15715
1258.916,14.17031
1259.398,14.19904
1259.88,13.97754
1260.362,13.49501
1260.844,13.20557
1261.327,14.23791
1261.809,15.81066
1262.291,16.69689
1262.773,16.63811
1263.255,16.50631
1263.737,16.57049
1264.219,16.5835
1264.701,15.98667
1265.183,15.30014
1265.666,15.82789
1266.148,16.47367
1266.63,15.63143
1267.112,13.68341
1267.594,13.21977
1268.076,14.54464
1268.558,15.21946
1269.04,14.49886
1269.523,13.64481
1270.005,12.84677
1270.487,12.11288
1270.969,13.32218
1271.451,15.07385
1271.933,14.54778
1272.415,11.97363
1272.897,10.33639
1273.38,10.91084
1273.862,11.89577
1274.344,11.91372
1274.826,11.40908
1275.308,10.3624
1275.79,8.926071
1276.272,8.584526
1276.754,9.017082
1277.236,9.20755
1277.719,9.020977
1278.201,8.63176
1278.683,7.771721
1279.165,7.454094
1279.647,8.140064
1280.129,9.088383
1280.611,8.743515
1281.093,7.534824
1281.576,6.787563
1282.058,6.794155
1282.54,6.461422
1283.022,4.655472
1283.504,3.958248
1283.986,5.40366
1284.468,7.476814
1284.95,7.751453
1285.432,7.061901
1285.915,6.405735
1286.397,5.874737
1286.879,5.428139
1287.361,5.049816
1287.843,4.718468
1288.325,4.344166
1288.807,4.260437
1289.289,5.411057
1289.771,6.656433
1290.254,6.676163
1290.736,5.48991
1291.218,4.221954
1291.7,2.764454
1292.182,2.163208
1292.664,2.649605
1293.146,3.054184
1293.628,2.219921
1294.111,1.321228
1294.593,1.414131
1295.075,2.060963
1295.557,2.471348
1296.039,2.638504
1296.521,2.372852
1297.003,1.644226
1297.485,0.960773
1297.968,0.696117
1298.45,0.502712
1298.932,0.573612
1299.414,0.663731
1299.896,0.398956
1300.378,0.073353
1300.86,0.151932
1301.342,0.458393
1301.824,0.0
1500.0,0.0
