WavwNum_Magnesite,value_Magnesite
100.0,0.0
124.494,0.0
124.9761,0.109643
125.4582,0.213204
125.9404,0.230792
126.4225,0.201006
126.9046,0.086562999
127.3867,0.01174
127.8688,0.075176001
128.3509,0.111008
128.8331,0.094649002
129.3152,0.032228
129.7973,0.249043
130.2794,0.450636
130.7615,0.560558
131.2436,0.611254
131.7258,0.718534
132.2079,0.896538
132.69,1.096909
133.1721,1.198793
133.6542,1.197496
134.1364,1.302782
134.6185,1.650337
135.1006,2.236294
135.5827,2.880833
136.0648,3.582186
136.5469,4.329634
137.0291,5.147161
137.5112,6.070381
137.9933,6.884535
138.4754,7.457594
138.9575,7.763899
139.4396,7.946205
139.9218,8.016726
140.4039,7.973061
140.886,7.749191
141.3681,7.22834
141.8502,6.735403
142.3323,6.555817
142.8145,6.819477
143.2966,7.056553
143.7787,7.17165
144.2608,7.170418
144.7429,7.257225
145.2251,7.465519
145.7072,7.734753
146.1893,8.016844
146.6714,8.359409
147.1535,8.638353
147.6356,8.761753
148.1178,8.665642
148.5999,8.841637
149.082,9.462431
149.5641,10.28243
150.0462,11.00705
150.5283,11.53127
151.0105,12.05384
151.4926,12.26443
151.9747,12.4455
152.4568,12.67858
152.9389,12.99378
153.421,13.35127
153.9032,13.70101
154.3853,14.23004
154.8674,14.58064
155.3495,14.62236
155.8316,14.26075
156.3138,13.81749
156.7959,13.18443
157.278,12.51204
157.7601,12.08732
158.2422,12.17875
158.7243,12.36847
159.2065,12.45147
159.6886,12.33022
160.1707,12.21619
160.6528,12.17693
161.1349,12.19065
161.617,12.20117
162.0992,12.23239
162.5813,12.22829
163.0634,12.1357
163.5455,11.79529
164.0276,11.56337
164.5097,11.65565
164.9919,12.00739
165.474,12.37023
165.9561,12.69763
166.4382,12.94796
166.9203,13.08102
167.4025,12.95115
167.8846,12.83976
168.3667,12.92307
168.8488,13.1845
169.3309,13.52127
169.813,13.96305
170.2952,14.42048
170.7773,14.77494
171.2594,14.92997
171.7415,15.01521
172.2236,15.08914
172.7057,15.1585
173.1879,15.3387
173.67,15.87543
174.1521,16.56311
174.6342,17.05726
175.1163,17.0779
175.5984,16.91807
176.0806,16.91321
176.5627,17.06342
177.0448,17.26546
177.5269,17.33704
178.009,17.38102
178.4911,17.64922
178.9733,18.43631
179.4554,19.44935
179.9375,20.28564
180.4196,20.83578
180.9017,21.26494
181.3839,21.65515
181.866,22.00437
182.3481,22.41757
182.8302,23.17202
183.3123,24.10817
183.7944,24.7789
184.2766,25.11937
184.7587,25.48159
185.2408,26.27847
185.7229,27.48323
186.205,28.96786
186.6871,30.63512
187.1693,32.53438
187.6514,34.57057
188.1335,36.62111
188.6156,39.26323
189.0977,43.85347
189.5798,50.26859
190.062,56.49701
190.5441,61.48517
191.0262,65.37748
191.5083,69.08766
191.9904,72.67547
192.4725,76.24697
192.9547,80.05839
193.4368,84.15063
193.9189,88.13253
194.401,91.69993
194.8831,94.89629
195.3652,98.32178
195.8474,102.0513
196.3295,105.9706
196.8116,109.8761
197.2937,113.7515
197.7758,117.6315
198.2579,121.289
198.7401,124.7062
199.2222,128.9502
199.7043,134.1127
200.1864,140.0252
200.6685,146.3764
201.1507,153.1135
201.6328,160.3203
202.1149,168.0255
202.597,176.2204
203.0791,185.0075
203.5612,194.1843
204.0434,204.0051
204.5255,215.0541
205.0076,227.3609
205.4897,240.7754
205.9718,255.4781
206.4539,271.7179
206.9361,287.97
207.4182,304.7895
207.9003,321.1978
208.3824,335.5057
208.8645,349.2154
209.3466,357.0045
209.8288,356.0076
210.3109,346.1566
210.793,327.3437
211.2751,297.1885
211.7572,258.7529
212.2393,221.1829
212.7215,183.7388
213.2036,149.5697
213.6857,120.7883
214.1678,97.71542
214.6499,78.82011
215.1321,64.33814
215.6142,53.7342
216.0963,45.16519
216.5784,39.06271
217.0605,34.19896
217.5426,29.875
218.0248,26.15451
218.5069,22.91255
218.989,20.18525
219.4711,17.9339
219.9532,15.93672
220.4353,14.20562
220.9175,12.68044
221.3996,11.29675
221.8817,10.03671
222.3638,9.002541
222.8459,8.263489
223.328,7.763268
223.8102,7.277863
224.2923,6.826889
224.7744,6.349438
225.2565,5.802082
225.7386,5.1492
226.2208,4.500744
226.7029,3.795898
227.185,3.090767
227.6671,2.743702
228.1492,2.956909
228.6313,3.240307
229.1135,3.298626
229.5956,3.061649
230.0777,2.750782
230.5598,2.322254
231.0419,1.823715
231.524,1.495331
232.0062,1.436161
232.4883,1.413094
232.9704,1.290569
233.4525,1.047344
233.9346,0.740452
234.4167,0.286224
234.8989,0.239246
235.381,0.445816
235.8631,0.113964
236.3452,0.245438
236.8273,0.32188
237.3095,0.070235997
237.7916,0.343769
238.2737,0.442188
238.7558,0.397575
239.2379,0.335457
239.72,0.21645
240.2022,0.133457
240.6843,0.150093
241.1664,0.351414
241.6485,0.459312
242.1306,0.407413
242.6127,0.252796
243.0949,0.220585
243.577,0.361877
244.0591,0.553017
244.5412,0.73877
245.0233,0.943794
245.5054,1.088032
245.9876,1.157459
246.4697,1.165356
246.9518,1.157749
247.4339,1.156742
247.916,1.106689
248.3981,0.966705
248.8803,0.662827
249.3624,0.44902
249.8445,0.371429
250.3266,0.376595
250.8087,0.311363
251.2909,0.13224
251.773,0.043949001
252.2551,0.160469
252.7372,0.19595
253.2193,0.231133
253.7014,0.280479
254.1836,0.322311
254.6657,0.302933
255.1478,0.202614
255.6299,0.075732999
256.112,0.060054999
256.5941,0.209461
257.0763,0.358391
257.5584,0.543991
258.0405,0.706429
258.5226,0.708527
259.0047,0.476532
259.4868,0.235615
259.969,0.084705003
260.4511,0.059284002
260.9332,0.046432
261.4153,0.269268
261.8974,0.542072
262.3795,0.762779
262.8617,0.957676
263.3438,1.037384
263.8259,0.904415
264.308,0.489849
264.7901,0.405617
265.2722,0.806747
265.7544,1.353336
266.2365,1.526909
266.7186,1.221413
267.2007,0.862957
267.6829,0.539032
268.165,0.237514
268.6471,0.177738
269.1292,0.448315
269.6113,0.820347
270.0934,0.993145
270.5756,0.911327
271.0577,0.859829
271.5398,0.974308
272.0219,1.243843
272.504,1.153614
272.9861,0.549488
273.4683,0.079444997
273.9504,0.166019
274.4325,0.388741
274.9146,0.95612
275.3967,1.462532
275.8788,1.877949
276.361,1.81982
276.8431,1.144028
277.3252,0.435001
277.8073,0.259018
278.2894,0.654743
278.7715,1.158863
279.2537,1.760532
279.7358,2.385685
280.2179,2.690521
280.7,2.624695
281.1821,2.470459
281.6642,2.418011
282.1464,2.467228
282.6285,2.648972
283.1106,2.998379
283.5927,3.458214
284.0748,3.895798
284.5569,4.316288
285.0391,4.67617
285.5212,4.925499
286.0033,5.073059
286.4854,5.222244
286.9675,5.374302
287.4496,5.550175
287.9318,5.776485
288.4139,6.0555
288.896,6.422222
289.3781,6.919899
289.8602,7.534267
290.3424,8.210468
290.8245,8.964287
291.3066,9.730698
291.7887,10.35048
292.2708,10.84762
292.753,11.40477
293.2351,12.19121
293.7172,13.16214
294.1993,14.00513
294.6814,14.64989
295.1635,15.37624
295.6457,16.5641
296.1278,18.15926
296.6099,19.90093
297.092,21.64351
297.5741,23.42926
298.0562,25.27578
298.5384,27.15315
299.0205,29.18625
299.5026,31.36942
299.9847,33.79433
300.4668,36.77763
300.9489,40.4935
301.4311,44.74085
301.9132,48.94633
302.3953,53.17772
302.8774,58.19199
303.3595,64.56284
303.8416,72.17133
304.3238,81.00826
304.8059,90.93488
305.288,102.0032
305.7701,113.9333
306.2522,126.8933
306.7343,141.1612
307.2165,157.9178
307.6986,175.9056
308.1807,193.5746
308.6628,210.7131
309.1449,227.5748
309.627,244.649
310.1092,261.9144
310.5913,278.7848
311.0734,294.4603
311.5555,309.9216
312.0376,325.6702
312.5197,341.5943
313.0019,358.4323
313.484,376.6907
313.9661,396.3786
314.4482,417.6636
314.9304,440.3114
315.4125,464.8135
315.8946,491.1252
316.3767,519.2615
316.8588,549.7368
317.3409,582.8424
317.8231,618.6049
318.3052,656.8959
318.7873,697.7855
319.2694,741.6026
319.7515,789.1219
320.2336,840.5473
320.7158,893.2056
321.1979,948.8359
321.68,1003.763
322.1621,1054.442
322.6442,1104.797
323.1263,1146.078
323.6085,1178.654
324.0906,1201.987
324.5727,1208.849
325.0548,1199.606
325.5369,1172.635
326.019,1126.895
326.5012,1052.508
326.9833,970.5222
327.4654,877.3071
327.9475,776.4159
328.4296,683.2998
328.9117,597.2634
329.3939,519.7485
329.876,450.6959
330.3581,390.0509
330.8402,337.8978
331.3223,295.4533
331.8044,260.8357
332.2866,230.2876
332.7687,204.4308
333.2508,182.1899
333.7329,163.4037
334.215,148.4421
334.6971,134.9878
335.1793,123.1117
335.6614,112.5146
336.1435,102.9678
336.6256,94.42628
337.1077,86.86482
337.5899,80.55885
338.072,75.38358
338.5541,70.51389
339.0362,65.90655
339.5183,61.61629
340.0005,57.80481
340.4826,54.4919
340.9647,51.26735
341.4468,48.03128
341.9289,44.85981
342.411,41.89013
342.8932,39.12663
343.3753,36.68927
343.8574,34.84874
344.3395,33.54201
344.8216,32.02672
345.3037,30.15852
345.7859,28.18879
346.268,26.57187
346.7501,25.27839
347.2322,24.08193
347.7143,22.83295
348.1964,21.5748
348.6786,20.44402
349.1607,19.43962
349.6428,18.51306
350.1249,17.60941
350.607,16.72846
351.0891,15.84571
351.5713,14.86074
352.0534,13.92396
352.5355,13.3242
353.0176,13.06171
353.4997,12.80324
353.9818,12.19
354.464,11.41358
354.9461,10.7886
355.4282,10.46913
355.9103,10.26225
356.3924,10.04037
356.8745,9.812908
357.3567,9.570335
357.8388,9.253498
358.3209,8.902195
358.803,8.545937
359.2851,8.179161
359.7672,7.884338
360.2494,7.811958
360.7315,7.837704
361.2136,7.726604
361.6957,7.12748
362.1779,6.561043
362.66,6.348953
363.1421,6.58997
363.6242,6.814838
364.1063,6.851311
364.5884,6.764446
365.0706,6.653057
365.5527,6.46476
366.0348,6.36821
366.5169,6.445469
366.999,6.666046
367.4811,6.789059
367.9633,6.688625
368.4454,6.560509
368.9275,6.5257
369.4096,6.817127
369.8917,6.922359
370.3738,6.628822
370.856,6.123501
371.3381,5.98848
371.8202,6.507504
372.3023,6.987423
372.7844,7.155624
373.2665,6.936058
373.7487,6.754887
374.2308,6.594601
374.7129,6.503971
375.195,6.559914
375.6771,6.820442
376.1592,6.97411
376.6414,6.901627
377.1235,6.644455
377.6056,6.558014
378.0877,6.687645
378.5698,6.846096
379.0519,6.877956
379.5341,6.792046
380.0162,6.64772
380.4983,6.40694
380.9804,6.121994
381.4625,5.97908
381.9446,5.975586
382.4268,5.956982
382.9089,5.805664
383.391,5.558826
383.8731,5.315899
384.3553,5.07909
384.8374,4.895119
385.3195,4.829155
385.8016,4.861607
386.2837,4.932594
386.7658,5.161263
387.248,5.340286
387.7301,5.094059
388.2122,4.445553
388.6943,3.868938
389.1764,3.812645
389.6585,4.005924
390.1407,4.125481
390.6228,4.14143
391.1049,3.979488
391.587,3.440247
392.0691,2.655323
392.5512,2.021412
393.0334,1.772127
393.5155,1.696001
393.9976,1.678129
394.4797,1.720398
394.9618,1.756889
395.4439,1.765911
395.9261,1.757389
396.4082,1.744923
396.8903,1.815588
397.3724,1.798071
397.8545,1.58836
398.3366,1.174707
398.8188,0.872089
399.3009,0.762981
399.783,0.731113
400.2651,0.703341
400.7472,0.646025
401.2293,0.649176
401.7115,0.785267
402.1936,0.978106
402.6757,0.980747
403.1578,0.689096
403.6399,0.384005
404.122,0.181585
404.6042,0.091058999
405.0863,0.047355998
405.5684,0.072374001
406.0505,0.110991
406.5326,0.080234997
407.0147,0.032515001
407.4969,0.121347
407.979,0.157549
408.4611,0.14921
408.9432,0.115343
409.4254,0.051353
409.9075,0.0063900002
410.3896,0.064110003
410.8717,0.186838
411.3538,0.182602
411.8359,0.015219
412.3181,0.252712
412.8002,0.334484
413.2823,0.273258
413.7644,0.120892
414.2465,0.231009
414.7286,0.599236
415.2108,0.706984
415.6929,0.534109
416.175,0.325287
416.6571,0.238848
417.1392,0.237291
417.6213,0.272232
418.1035,0.375412
418.5856,0.458757
419.0677,0.406414
419.5498,0.272209
420.0319,0.257431
420.514,0.642439
420.9962,1.032022
421.4783,1.157515
421.9604,0.860367
422.4425,0.628035
422.9246,0.658136
423.4067,0.787413
423.8889,0.79307
424.371,0.537703
424.8531,0.269756
425.3352,0.018253
425.8173,0.329597
426.2994,0.393023
426.7816,0.022089001
427.2637,0.408314
427.7458,0.658424
428.2279,0.687412
428.71,0.630051
429.1921,0.450012
429.6743,0.216755
430.1564,0.098582998
430.6385,0.111031
431.1206,0.180561
431.6028,0.323475
432.0849,0.531803
432.567,0.551069
433.0491,0.352873
433.5312,0.081514001
434.0133,0.150793
434.4955,0.337099
434.9776,0.423796
435.4597,0.381725
435.9418,0.254412
436.4239,0.049598999
436.906,0.204235
437.3882,0.338581
437.8703,0.130236
438.3524,0.222525
438.8345,0.422619
439.3166,0.422235
439.7987,0.381186
440.2809,0.44327
440.763,0.544388
441.2451,0.584721
441.7272,0.459314
442.2093,0.32188
442.6914,0.222488
443.1736,0.169594
443.6557,0.210644
444.1378,0.454435
444.6199,0.736435
445.102,0.949001
445.5841,1.032131
446.0663,1.132942
446.5484,1.153473
447.0305,1.227343
447.5126,1.596054
447.9947,2.804344
448.4768,3.638744
448.959,3.724073
449.4411,3.040956
449.9232,2.497671
450.4053,2.044136
450.8874,1.793491
451.3695,1.925056
451.8517,2.597187
452.3338,2.914278
452.8159,2.681017
453.298,2.184166
453.7801,2.029057
454.2622,2.239668
454.7444,2.457939
455.2265,2.49835
455.7086,2.411142
456.1907,2.405157
456.6729,2.482435
457.155,2.61454
457.6371,2.800087
458.1192,3.020088
458.6013,3.243273
459.0834,3.48839
459.5656,3.681391
460.0477,3.717327
460.5298,3.628922
461.0119,3.514036
461.494,3.326874
461.9761,3.196543
462.4583,3.254631
462.9404,3.523979
463.4225,3.797909
463.9046,3.947088
464.3867,4.073133
464.8688,4.267414
465.351,4.73185
465.8331,5.062675
466.3152,5.065983
466.7973,4.850826
467.2794,4.807095
467.7615,5.083036
468.2437,5.405045
468.7258,5.690952
469.2079,5.946562
469.69,6.175249
470.1721,6.355986
470.6542,6.512142
471.1364,6.664141
471.6185,6.80529
472.1006,6.945625
472.5827,7.07563
473.0648,7.22187
473.5469,7.478924
474.0291,7.865238
474.5112,8.168131
474.9933,8.150537
475.4754,7.91934
475.9575,7.98089
476.4396,8.380463
476.9218,8.881609
477.4039,9.268665
477.886,9.55188
478.3681,9.734699
478.8503,9.778183
479.3324,9.799913
479.8145,9.945522
480.2966,10.18382
480.7787,10.38972
481.2608,10.45087
481.743,10.50072
482.2251,10.65447
482.7072,10.94046
483.1893,11.23424
483.6714,11.51874
484.1535,11.75807
484.6357,11.91398
485.1178,11.84664
485.5999,11.8311
486.082,11.97839
486.5641,12.23849
487.0462,12.41392
487.5284,12.43269
488.0105,12.46498
488.4926,12.57463
488.9747,12.76843
489.4568,12.96492
489.9389,13.16689
490.4211,13.36381
490.9032,13.54929
491.3853,13.7307
491.8674,13.86075
492.3495,13.88857
492.8316,13.88665
493.3138,14.01344
493.7959,14.26216
494.278,14.57487
494.7601,14.97754
495.2422,15.40431
495.7243,15.72913
496.2065,15.95278
496.6886,16.10043
497.1707,16.18015
497.6528,16.21023
498.1349,16.21955
498.617,16.22237
499.0992,16.19704
499.5813,16.0767
500.0634,15.91448
500.5455,15.84069
501.0276,15.95508
501.5097,16.11884
501.9919,16.2873
502.474,16.45601
502.9561,16.62294
503.4382,16.83618
503.9203,17.01212
504.4025,17.0869
504.8846,17.00135
505.3667,16.94132
505.8488,16.93193
506.3309,16.94197
506.813,16.90681
507.2952,16.82609
507.7773,16.70023
508.2594,16.49126
508.7415,16.23331
509.2236,16.13685
509.7057,16.21277
510.1879,16.31195
510.67,16.31633
511.1521,16.24596
511.6342,16.16174
512.1163,16.07711
512.5984,15.9696
513.0806,15.75869
513.5627,15.50951
514.0448,15.35822
514.5269,15.47035
515.009,15.61279
515.4911,15.62121
515.9733,15.51125
516.4554,15.40357
516.9375,15.4566
517.4196,15.44339
517.9017,15.19545
518.3839,14.54116
518.866,14.02639
519.3481,13.81166
519.8302,13.71944
520.3123,13.56318
520.7944,13.2602
521.2766,13.04855
521.7587,13.00546
522.2408,13.07584
522.7229,13.03891
523.205,12.87925
523.6871,12.67238
524.1693,12.42923
524.6514,12.16119
525.1335,11.96707
525.6156,11.85436
526.0977,11.76341
526.5798,11.62198
527.062,11.45004
527.5441,11.32449
528.0262,11.30338
528.5083,11.25184
528.9904,10.98849
529.4725,10.57866
529.9547,10.18331
530.4368,9.87611
530.9189,9.615768
531.401,9.371933
531.8831,9.141493
532.3652,8.976372
532.8474,8.988199
533.3295,9.001957
533.8116,8.898296
534.2937,8.550686
534.7758,8.283632
535.2579,8.204142
535.7401,8.160261
536.2222,7.905088
536.7043,7.260662
537.1865,6.824074
537.6686,6.774702
538.1507,7.022652
538.6328,7.190571
539.1149,7.289751
539.597,7.250544
540.0792,6.944393
540.5613,6.444277
541.0434,6.106777
541.5255,5.947615
542.0076,5.889502
542.4897,5.94128
542.9719,6.028305
543.454,5.989233
543.9361,5.718086
544.4182,5.424707
544.9003,5.267519
545.3824,5.215363
545.8646,5.202225
546.3467,5.357021
546.8288,5.402277
547.3109,5.093258
547.793,4.418755
548.2751,3.990662
548.7573,4.188919
549.2394,4.44091
549.7215,4.417345
550.2036,3.912863
550.6857,3.597166
551.1678,3.522058
551.65,3.588371
552.1321,3.715218
552.6142,3.948828
553.0963,3.95896
553.5784,3.577261
554.0605,2.997976
554.5427,2.744347
555.0248,2.803064
555.5069,2.932774
555.989,3.064184
556.4711,3.148924
556.9532,3.063231
557.4354,2.807667
557.9175,2.553316
558.3996,2.436188
558.8817,2.396017
559.3638,2.364981
559.8459,2.293573
560.3281,2.244425
560.8102,2.302666
561.2923,2.392021
561.7744,2.387091
562.2565,2.124535
562.7386,1.926329
563.2208,1.863377
563.7029,1.921217
564.185,2.007208
564.6671,2.172775
565.1492,2.281868
565.6313,2.236038
566.1135,2.011435
566.5956,1.874426
567.0777,1.838987
567.5598,1.858761
568.0419,1.905071
568.524,1.966782
569.0062,2.011644
569.4883,2.052868
569.9704,2.048775
570.4525,1.906418
570.9346,1.671478
571.4167,1.498154
571.8989,1.503393
572.381,1.579254
572.8631,1.713739
573.3452,1.874897
573.8273,1.889597
574.3094,1.472067
574.7916,1.083712
575.2737,1.022577
575.7558,1.476936
576.2379,1.689592
576.72,1.433962
577.2021,1.086515
577.6843,1.02669
578.1664,1.423031
578.6485,1.618994
579.1306,1.489679
579.6127,1.19133
580.0948,1.028105
580.577,1.000425
581.0591,1.00843
581.5412,1.026697
582.0233,1.047739
582.5054,1.053617
582.9875,1.045887
583.4697,1.037388
583.9518,1.067028
584.434,1.076633
584.9161,0.988451
585.3982,0.781017
585.8803,0.603874
586.3624,0.533955
586.8445,0.529158
587.3267,0.551052
587.8088,0.604778
588.2909,0.6688
588.773,0.78903
589.2551,0.905628
589.7372,0.905643
590.2194,0.717094
590.7015,0.551254
591.1836,0.454704
591.6657,0.421923
592.1478,0.454006
592.6299,0.564877
593.1121,0.634472
593.5942,0.547695
594.0763,0.356567
594.5584,0.254932
595.0405,0.251266
595.5226,0.289881
596.0048,0.37464
596.4869,0.453926
596.969,0.439344
597.4511,0.270269
597.9332,0.112646
598.4153,0.052765001
598.8975,0.068099998
599.3796,0.121765
599.8617,0.149315
600.3438,0.275837
600.8259,0.698164
601.308,1.279219
601.7902,1.437458
602.2723,0.93211
602.7544,0.400715
603.2365,0.052305002
603.7186,0.112371
604.2007,0.149271
604.6829,0.031695999
605.165,0.085530996
605.6471,0.038550999
606.1292,0.12534
606.6113,0.197622
607.0934,0.144955
607.5756,0.058313001
608.0577,0.013882
608.5398,0.002483
609.0219,0.0067710001
609.504,0.0050619999
609.9861,0.033505999
610.4683,0.24493
610.9504,0.528021
611.4325,0.667448
611.9146,0.449476
612.3967,0.24078
612.8788,0.163818
613.361,0.20561
613.8431,0.194462
614.3252,0.060671002
614.8073,0.0082170004
615.2894,0.108879
615.7715,0.425249
616.2537,0.714687
616.7358,1.003382
617.2179,1.143175
617.7,0.835114
618.1821,0.230728
618.6642,0.10404
619.1464,0.033854
619.6285,0.159309
620.1106,0.221954
620.5927,0.203362
621.0748,0.188183
621.5569,0.197689
622.0391,0.228745
622.5212,0.323586
623.0033,0.44409
623.4854,0.474127
623.9675,0.282026
624.4496,0.111551
624.9318,0.044335999
625.4139,0.077440001
625.896,0.049720999
626.3781,0.096546002
626.8602,0.170546
627.3423,0.033886001
627.8245,0.501451
628.3066,0.631241
628.7887,0.366192
629.2708,0.038378
629.7529,0.029428
630.235,0.217628
630.7172,0.307539
631.1993,0.192434
631.6815,0.087335996
632.1636,0.231281
632.6457,0.488052
633.1278,0.642479
633.6099,0.600922
634.092,0.468374
634.5742,0.193005
635.0563,0.162025
635.5384,0.368103
636.0205,0.351583
636.5026,0.283127
636.9847,0.183487
637.4669,0.061577
637.949,0.073784001
638.4311,0.252542
638.9132,0.421465
639.3953,0.455465
639.8774,0.378252
640.3596,0.199347
640.8417,0.105074
641.3238,0.147043
641.8059,0.851055
642.288,2.195951
642.7701,2.826059
643.2523,2.294523
643.7344,1.641863
644.2165,1.394571
644.6986,1.340549
645.1807,1.199455
645.6628,0.388144
646.145,0.162966
646.6271,1.164846
647.1092,2.753098
647.5913,3.166601
648.0734,1.9314
648.5555,0.869511
649.0377,0.61874
649.5198,0.987942
650.0019,1.073227
650.484,0.87994
650.9661,0.797831
651.4482,1.277617
651.9304,1.963427
652.4125,2.170527
652.8946,1.880156
653.3767,1.587852
653.8588,1.664597
654.3409,1.855333
654.8231,1.948156
655.3052,1.88485
655.7873,1.779373
656.2694,1.576632
656.7515,1.391493
657.2336,1.3379
657.7158,1.48842
658.1979,1.607059
658.68,1.661371
659.1621,1.690569
659.6442,1.762552
660.1263,1.876549
660.6085,2.027534
661.0906,2.232033
661.5727,2.433319
662.0548,2.536583
662.5369,2.57202
663.019,2.617512
663.5012,2.766788
663.9833,2.878529
664.4654,2.83271
664.9475,2.652494
665.4296,2.480558
665.9117,2.305756
666.3939,2.192766
666.876,2.172773
667.3581,2.244396
667.8402,2.429449
668.3223,2.818487
668.8044,3.149733
669.2866,3.18935
669.7687,2.943539
670.2508,2.871389
670.7329,3.013973
671.215,3.202322
671.6971,3.235722
672.1793,3.183748
672.6614,3.202354
673.1435,3.325003
673.6256,3.481255
674.1077,3.712135
674.5898,3.929348
675.072,4.002426
675.5541,3.75281
676.0362,3.586077
676.5183,3.574619
677.0004,3.68293
677.4825,3.883833
677.9647,4.311638
678.4468,4.590469
678.929,4.56274
679.4111,4.306688
679.8932,4.210518
680.3753,4.278704
680.8574,4.375479
681.3395,4.416851
681.8217,4.455881
682.3038,4.57605
682.7859,4.769453
683.268,4.983763
683.7501,5.267103
684.2322,5.515963
684.7144,5.612387
685.1965,5.506014
685.6786,5.424606
686.1607,5.468723
686.6428,5.59675
687.1249,5.765999
687.6071,5.97258
688.0892,6.152502
688.5713,6.300724
689.0534,6.45463
689.5355,6.645781
690.0176,6.862326
690.4998,7.07115
690.9819,7.288836
691.464,7.473536
691.9461,7.450274
692.4282,7.351324
692.9103,7.452206
693.3925,8.014765
693.8746,8.607588
694.3567,8.918545
694.8388,9.070778
695.3209,9.35397
695.803,10.04508
696.2852,10.63216
696.7673,10.96536
697.2494,11.09835
697.7315,11.28038
698.2136,11.50164
698.6957,11.80522
699.1779,12.24899
699.66,12.79735
700.1421,13.23688
700.6242,13.576
701.1063,13.93847
701.5884,14.35493
702.0706,14.87383
702.5527,15.6235
703.0348,16.60979
703.5169,17.51427
703.999,18.03387
704.4811,18.51123
704.9633,19.18824
705.4454,20.19107
705.9275,21.11039
706.4096,21.85
706.8917,22.61079
707.3738,23.60172
707.856,24.83753
708.3381,25.98782
708.8202,27.00017
709.3023,28.02022
709.7844,29.2452
710.2665,30.62216
710.7487,32.0115
711.2308,33.30031
711.7129,34.7645
712.195,36.6787
712.6771,38.90651
713.1592,41.25102
713.6414,43.92645
714.1235,46.36968
714.6056,48.13596
715.0877,49.64013
715.5698,51.66395
716.0519,54.31285
716.5341,57.19146
717.0162,60.19376
717.4983,63.34766
717.9804,66.57092
718.4625,69.90725
718.9446,73.59023
719.4268,77.52103
719.9089,81.99249
720.391,88.04599
720.8731,95.1829
721.3552,101.542
721.8373,105.1984
722.3195,108.6316
722.8016,113.0948
723.2837,118.6157
723.7658,124.4416
724.2479,130.4596
724.73,136.7903
725.2122,143.4547
725.6943,150.4557
726.1765,157.6987
726.6586,165.3006
727.1407,172.9641
727.6228,180.5392
728.1049,188.0988
728.587,195.641
729.0692,203.1687
729.5513,210.7623
730.0334,218.4545
730.5155,226.2975
730.9976,234.2236
731.4797,242.4249
731.9619,250.2631
732.444,257.86
732.9261,264.8367
733.4082,270.9677
733.8903,276.159
734.3724,280.8099
734.8546,285.0336
735.3367,288.4265
735.8188,290.4743
736.3009,291.1725
736.783,290.6711
737.2651,289.0392
737.7473,286.1247
738.2294,281.632
738.7115,275.7577
739.1936,268.8621
739.6757,260.8555
740.1578,252.1652
740.64,242.7003
741.1221,232.6337
741.6042,222.1711
742.0863,211.11
742.5684,200.0159
743.0505,188.7614
743.5327,177.6101
744.0148,167.15
744.4969,157.445
744.979,148.1742
745.4611,139.2408
745.9432,130.65
746.4254,122.3021
746.9075,114.2434
747.3896,106.7189
747.8717,100.0297
748.3538,93.76196
748.8359,87.59733
749.3181,81.61618
749.8002,76.11609
750.2823,71.26842
750.7644,66.60883
751.2465,62.0067
751.7286,57.49589
752.2108,53.47164
752.6929,49.91845
753.175,46.63939
753.6571,43.63092
754.1392,40.80648
754.6213,38.02353
755.1035,35.28449
755.5856,32.7034
756.0677,30.31558
756.5498,28.07594
757.0319,25.87088
757.514,23.70398
757.9962,21.89989
758.4783,20.63692
758.9604,19.50093
759.4425,18.30675
759.9246,17.06664
760.4067,15.84054
760.8889,14.62531
761.371,13.50489
761.8531,12.56579
762.3352,11.75872
762.8173,11.00142
763.2994,10.29011
763.7816,9.602079
764.2637,8.890062
764.7458,8.231392
765.2279,7.721567
765.71,7.406359
766.1921,6.978405
766.6743,6.330427
767.1564,5.68022
767.6385,5.168253
768.1206,4.803093
768.6027,4.445127
769.0848,4.082937
769.567,3.789379
770.0491,3.727951
770.5312,3.753395
771.0133,3.530821
771.4954,2.99806
771.9775,2.496418
772.4597,2.216932
772.9418,2.079784
773.424,2.02042
773.9061,2.059397
774.3882,2.117887
774.8703,2.279135
775.3524,2.362648
775.8345,2.170774
776.3167,1.671995
776.7988,1.29332
777.2809,1.076994
777.763,0.916058
778.2451,0.688051
778.7272,0.435505
779.2094,0.233871
779.6915,0.094609998
780.1736,0.024761001
780.6557,0.090700001
781.1378,0.197144
781.6199,0.253862
782.1021,0.258884
782.5842,0.179497
783.0663,0.039165001
783.5484,0.281216
784.0305,0.438335
784.5126,0.513519
784.9948,0.436085
785.4769,0.166779
785.959,0.112524
786.4411,0.18199
786.9232,0.112253
787.4053,0.027605001
787.8875,0.045322001
788.3696,0.123344
788.8517,0.26992
789.3338,0.40131
789.8159,0.416885
790.298,0.181499
790.7802,0.061193001
791.2623,0.084347002
791.7444,0.201254
792.2265,0.423393
792.7086,0.734972
793.1907,0.724737
793.6729,0.240866
794.155,0.235357
794.6371,0.028820001
795.1192,0.512028
795.6013,0.800217
796.0834,0.506266
796.5656,0.284376
797.0477,0.48753
797.5298,0.8311
798.0119,0.959843
798.494,0.762185
798.9761,0.609032
799.4583,0.548866
799.9404,0.498827
800.4225,0.292538
800.9046,0.027081
801.3867,0.193295
801.8688,0.128857
802.351,0.011642
802.8331,0.135191
803.3152,0.219158
803.7973,0.223467
804.2794,0.055078998
804.7615,0.053633001
805.2437,0.348559
805.7258,0.599474
806.2079,0.253748
806.69,2.829557
807.1721,3.926168
807.6542,2.921257
808.1364,1.174329
808.6185,0.378411
809.1006,0.322382
809.5827,0.429236
810.0648,0.631954
810.5469,0.759763
811.0291,0.640082
811.5112,0.395058
811.9933,0.162217
812.4754,0.085070997
812.9575,0.230755
813.4396,0.268997
813.9218,0.209333
814.4039,0.024278
814.886,0.301414
815.3681,0.523067
815.8502,0.608773
816.3323,0.615159
816.8145,0.569133
817.2966,0.501326
817.7787,0.469551
818.2608,0.498737
818.7429,0.523566
819.2251,0.46745
819.7072,0.417073
820.1893,0.474397
820.6714,0.78089
821.1536,0.874905
821.6357,0.678823
822.1178,0.408504
822.5999,0.263508
823.082,0.244261
823.5641,0.390665
824.0463,0.72624
824.5284,1.066361
825.0105,1.280721
825.4926,1.381797
825.9747,1.350578
826.4568,1.11923
826.939,0.978819
827.4211,1.102884
827.9032,1.25517
828.3853,1.272407
828.8674,1.119728
829.3495,0.979775
829.8317,0.837816
830.3138,0.783885
830.7959,0.998442
831.278,1.345727
831.7601,1.517538
832.2422,1.474415
832.7244,1.406014
833.2065,1.408015
833.6886,1.448575
834.1707,1.5287
834.6528,1.688731
835.1349,1.68268
835.6171,1.39492
836.0992,1.136436
836.5813,1.141211
837.0634,1.389044
837.5455,1.576684
838.0276,1.703931
838.5098,1.821346
838.9919,2.037027
839.474,2.219952
839.9561,2.178969
840.4382,1.907037
840.9203,1.70112
841.4025,1.666614
841.8846,1.70958
842.3667,1.821667
842.8488,2.006317
843.3309,2.061404
843.813,1.958972
844.2952,1.839255
844.7773,1.747087
845.2594,1.711636
845.7415,1.86061
846.2236,2.148129
846.7057,2.339077
847.1879,2.195404
847.67,2.027536
848.1521,2.041891
848.6342,2.212763
849.1163,2.303851
849.5984,2.271905
850.0806,2.210273
850.5627,2.105214
851.0448,2.020912
851.5269,2.20897
852.009,2.616882
852.4911,2.942413
852.9733,2.984768
853.4554,2.888615
853.9375,2.605309
854.4196,2.31836
854.9017,2.465009
855.3839,4.057988
855.866,4.969148
856.3481,4.54304
856.8302,3.355101
857.3123,2.629189
857.7944,2.376328
858.2766,2.398613
858.7587,2.739135
859.2408,3.127967
859.7229,3.115454
860.205,2.871313
860.6871,2.757942
861.1693,3.000574
861.6514,3.247413
862.1335,3.351188
862.6156,3.403625
863.0977,3.488955
863.5798,3.596485
864.062,3.871557
864.5441,4.300943
865.0262,4.809368
865.5083,5.363503
865.9904,5.928221
866.4726,6.38842
866.9547,6.715938
867.4368,6.994568
867.9189,7.191616
868.4011,7.431328
868.8832,7.837332
869.3653,8.495581
869.8474,9.147562
870.3295,9.773316
870.8116,10.40209
871.2938,11.0604
871.7759,11.75217
872.258,12.44123
872.7401,13.13678
873.2222,13.78773
873.7043,14.45456
874.1865,15.00119
874.6686,15.23313
875.1507,15.13498
875.6328,15.07405
876.1149,15.137
876.597,15.27347
877.0792,15.54315
877.5613,15.89833
878.0434,15.83701
878.5255,15.35365
879.0076,14.71145
879.4897,14.10031
879.9719,13.40893
880.454,12.42328
880.9361,11.21722
881.4182,10.01124
881.9003,8.778007
882.3824,7.690054
882.8646,6.836739
883.3467,6.161815
883.8288,5.547315
884.3109,4.976171
884.793,4.549917
885.2751,4.3327
885.7573,4.209779
886.2394,3.977244
886.7215,3.682049
887.2036,3.446878
887.6857,3.327272
888.1678,3.253723
888.65,3.236799
889.1321,3.235791
889.6142,3.191172
890.0963,3.068891
890.5784,3.001272
891.0605,3.014326
891.5427,3.035492
892.0248,2.955897
892.5069,2.815796
892.989,2.738622
893.4711,2.745987
893.9532,2.771751
894.4354,2.823055
894.9175,2.846529
895.3996,2.773117
895.8817,2.553403
896.3638,2.452275
896.8459,2.49481
897.3281,2.604023
897.8102,2.769148
898.2923,2.964457
898.7744,3.034558
899.2565,2.988224
899.7386,2.907841
900.2208,2.822852
900.7029,2.745341
901.185,2.684658
901.6671,2.638526
902.1492,2.578729
902.6313,2.401376
903.1135,2.402836
903.5956,2.748166
904.0777,3.263365
904.5598,3.452337
905.0419,3.344846
905.524,3.17166
906.0062,2.994196
906.4883,2.830637
906.9704,2.640817
907.4525,2.485133
907.9346,2.460915
908.4167,2.739608
908.8989,2.94936
909.381,3.0447
909.8631,3.093854
910.3452,3.224812
910.8273,3.419782
911.3094,3.382541
911.7916,3.048007
912.2737,2.712196
912.7558,2.671759
913.238,2.771534
913.7201,2.850488
914.2022,2.874698
914.6843,2.905283
915.1664,3.013759
915.6486,3.052333
916.1307,2.876501
916.6128,2.513843
917.0949,2.510103
917.577,2.869276
918.0591,3.241122
918.5413,3.406414
919.0234,3.454876
919.5055,3.426173
919.9876,3.361754
920.4697,3.384562
920.9518,3.690354
921.434,3.887209
921.9161,3.86152
922.3982,3.685767
922.8803,3.50638
923.3624,3.327533
923.8445,3.277743
924.3267,3.461387
924.8088,3.639653
925.2909,3.466531
925.773,3.143947
926.2551,2.974453
926.7372,3.152648
927.2194,3.277599
927.7015,3.255348
928.1836,3.199815
928.6657,3.228888
929.1478,3.354736
929.6299,3.496533
930.1121,3.649145
930.5942,3.736292
931.0763,3.630963
931.5584,3.479126
932.0405,3.457952
932.5226,3.577985
933.0048,3.621965
933.4869,3.352657
933.969,3.23967
934.4511,2.8585
934.9332,3.668533
935.4153,4.146103
935.8975,4.309098
936.3796,3.215241
936.8617,3.74433
937.3438,3.623017
937.8259,3.475035
938.308,4.232538
938.7902,3.321502
939.2723,4.064645
939.7544,4.147469
940.2365,4.532506
940.7186,4.263126
941.2007,4.195869
941.6829,4.783257
942.165,5.008153
942.6471,4.202486
943.1292,4.105292
943.6113,4.152067
944.0934,4.263137
944.5756,4.366682
945.0577,4.455523
945.5398,4.482351
946.0219,4.422117
946.504,4.331568
946.9861,4.219311
947.4683,4.090075
947.9504,4.023041
948.4325,4.02194
948.9146,4.042413
949.3967,3.997411
949.8788,3.988894
950.361,4.221229
950.8431,4.591539
951.3252,4.778225
951.8073,4.647602
952.2894,4.440301
952.7715,4.196071
953.2537,3.948776
953.7358,3.692261
954.2179,3.441915
954.7,3.341668
955.1821,3.457988
955.6642,3.612615
956.1464,3.721279
956.6285,3.749338
957.1106,3.665098
957.5927,3.43129
958.0748,3.298512
958.5569,3.292887
959.0391,3.309832
959.5212,3.301338
960.0033,3.260263
960.4855,3.114418
960.9676,2.895103
961.4497,2.772659
961.9318,3.017875
962.4139,3.194594
962.8961,2.98852
963.3782,2.552504
963.8603,2.309141
964.3424,2.293942
964.8245,2.332884
965.3066,2.407423
965.7888,2.487883
966.2709,2.584055
966.753,2.644745
967.2351,2.528633
967.7172,2.122883
968.1993,1.838305
968.6815,1.921347
969.1636,2.108166
969.6457,2.248882
970.1278,2.350061
970.6099,2.20937
971.092,1.80253
971.5742,1.48954
972.0563,1.644968
972.5384,1.953676
973.0205,2.003458
973.5026,1.84432
973.9847,1.71949
974.4669,1.85877
974.949,1.826723
975.4311,1.409859
975.9132,0.874554
976.3953,0.836151
976.8774,1.253397
977.3596,1.476088
977.8417,1.331232
978.3238,1.082281
978.8059,0.903414
979.288,0.78879
979.7701,0.738482
980.2523,0.772966
980.7344,0.81204
981.2165,0.89113
981.6986,0.904613
982.1807,0.751986
982.6628,0.482378
983.145,0.313915
983.6271,0.23457
984.1092,0.181738
984.5913,0.082455002
985.0734,0.041841999
985.5555,0.215681
986.0377,0.479649
986.5198,0.49457
987.0019,0.154381
987.484,0.068273999
987.9661,0.075122997
988.4482,0.017492
988.9304,0.111368
989.4125,0.289913
989.8946,0.42078
990.3767,0.471203
990.8588,0.529385
991.3409,0.588984
991.8231,0.714811
992.3052,0.963339
992.7873,1.324497
993.2694,1.636896
993.7515,1.907677
994.2336,1.957603
994.7158,1.462517
995.1979,0.905193
995.68,0.906788
996.1621,1.267792
996.6442,1.505558
997.1263,1.425758
997.6085,1.286009
998.0906,1.066563
998.5727,0.86199
999.0548,0.827585
999.5369,0.932693
1000.019,0.974489
1000.501,0.925005
1000.983,0.920109
1001.465,1.106127
1001.948,1.331751
1002.43,1.496189
1002.912,1.589046
1003.394,1.625851
1003.876,1.612356
1004.358,1.511629
1004.84,1.260462
1005.322,0.965368
1005.804,0.893082
1006.287,0.934015
1006.769,0.79081
1007.251,0.020987
1007.733,0.444088
1008.215,0.313534
1008.697,1.257713
1009.179,1.417856
1009.661,0.696106
1010.144,0.436962
1010.626,0.710289
1011.108,0.996876
1011.59,0.746197
1012.072,0.393021
1012.554,0.468906
1013.036,0.909374
1013.518,1.036076
1014.0,0.496441
1014.483,0.085464001
1014.965,0.038406
1015.447,0.168682
1015.929,0.057964001
1016.411,0.224987
1016.893,0.392834
1017.375,0.323639
1017.857,0.317299
1018.34,0.683617
1018.822,1.098984
1019.304,1.251324
1019.786,1.088139
1020.268,1.17387
1020.75,1.540394
1021.232,1.884403
1021.714,1.983044
1022.196,1.978756
1022.679,1.914612
1023.161,1.916531
1023.643,2.34557
1024.125,4.113022
1024.607,5.227474
1025.089,5.15337
1025.571,4.545193
1026.053,4.265671
1026.536,4.303413
1027.018,4.469906
1027.5,4.74025
1027.982,5.159252
1028.464,5.972702
1028.946,6.767204
1029.428,7.181419
1029.91,7.218433
1030.392,7.285408
1030.875,7.335709
1031.357,7.557541
1031.839,8.063885
1032.321,8.729961
1032.803,9.349236
1033.285,9.919506
1033.767,10.4317
1034.249,10.87831
1034.732,11.35479
1035.214,11.79958
1035.696,12.32724
1036.178,13.10613
1036.66,14.12599
1037.142,14.8408
1037.624,15.25235
1038.106,15.76442
1038.589,16.73242
1039.071,17.82132
1039.553,18.82164
1040.035,19.73228
1040.517,20.60542
1040.999,21.44862
1041.481,22.27954
1041.963,23.09045
1042.445,23.96296
1042.927,25.09293
1043.41,26.37415
1043.892,27.56721
1044.374,28.62744
1044.856,29.7254
1045.338,31.00205
1045.82,32.28995
1046.302,33.47649
1046.784,34.59374
1047.267,35.80844
1047.749,37.14114
1048.231,38.71128
1048.713,40.69447
1049.195,42.6568
1049.677,44.08801
1050.159,45.36732
1050.641,47.06061
1051.124,49.41792
1051.606,51.58297
1052.088,53.52511
1052.57,55.49987
1053.052,57.69839
1053.534,60.06777
1054.016,62.5612
1054.498,65.18784
1054.98,67.97717
1055.463,70.86864
1055.945,74.04647
1056.427,77.48934
1056.909,81.20747
1057.391,85.21845
1057.873,89.51626
1058.355,94.01419
1058.837,98.68642
1059.319,103.7014
1059.802,109.2881
1060.284,115.0544
1060.766,120.4785
1061.248,125.6276
1061.73,131.7862
1062.212,139.0659
1062.694,146.8778
1063.176,155.0503
1063.659,163.4272
1064.141,171.6649
1064.623,180.0857
1065.105,189.2514
1065.587,199.1052
1066.069,209.9172
1066.551,221.6096
1067.033,234.2774
1067.516,247.9822
1067.998,262.7905
1068.48,278.294
1068.962,294.6505
1069.444,312.5653
1069.926,332.8653
1070.408,354.1767
1070.89,374.8228
1071.372,396.1804
1071.854,420.2136
1072.337,446.8367
1072.819,474.9447
1073.301,504.1422
1073.783,535.3129
1074.265,568.0735
1074.747,603.6423
1075.229,643.1484
1075.711,686.5498
1076.194,733.8679
1076.676,783.969
1077.158,838.8677
1077.64,898.5416
1078.122,963.4901
1078.604,1033.908
1079.086,1110.409
1079.568,1194.162
1080.051,1286.541
1080.533,1384.739
1081.015,1487.462
1081.497,1596.683
1081.979,1712.966
1082.461,1835.475
1082.943,1964.93
1083.425,2102.161
1083.907,2245.243
1084.39,2394.064
1084.872,2547.814
1085.354,2706.751
1085.836,2869.23
1086.318,3037.17
1086.8,3209.905
1087.282,3387.76
1087.764,3571.351
1088.247,3755.007
1088.729,3937.697
1089.211,4115.231
1089.693,4288.943
1090.175,4455.882
1090.657,4605.245
1091.139,4741.226
1091.621,4849.945
1092.104,4930.572
1092.586,4980.98
1093.068,5000.449
1093.55,4986.899
1094.032,4934.281
1094.514,4841.903
1094.996,4719.467
1095.478,4561.763
1095.96,4385.11
1096.443,4193.138
1096.925,3990.221
1097.407,3781.605
1097.889,3567.399
1098.371,3354.858
1098.853,3142.951
1099.335,2938.447
1099.817,2746.137
1100.299,2563.15
1100.782,2386.266
1101.264,2213.59
1101.746,2051.539
1102.228,1899.541
1102.71,1755.789
1103.192,1620.983
1103.674,1493.843
1104.156,1374.479
1104.639,1263.655
1105.121,1161.404
1105.603,1070.297
1106.085,984.7546
1106.567,904.2806
1107.049,830.2021
1107.531,762.8409
1108.013,702.2602
1108.495,646.0538
1108.978,594.3757
1109.46,547.2564
1109.942,505.1954
1110.424,466.7804
1110.906,431.4878
1111.388,399.0651
1111.87,369.1582
1112.352,341.6651
1112.834,316.3944
1113.317,293.1115
1113.799,271.506
1114.281,251.4772
1114.763,232.928
1115.245,216.1501
1115.727,200.9364
1116.209,187.3245
1116.691,175.1904
1117.174,163.8243
1117.656,153.0781
1118.138,142.9547
1118.62,133.3969
1119.102,124.514
1119.584,116.5765
1120.066,109.5311
1120.548,102.4383
1121.031,95.16878
1121.513,88.76709
1121.995,83.81614
1122.477,79.51234
1122.959,74.72124
1123.441,69.85521
1123.923,65.50232
1124.405,61.99075
1124.887,58.31336
1125.37,54.29165
1125.852,50.59351
1126.334,47.67748
1126.816,45.31165
1127.298,43.19853
1127.78,41.19026
1128.262,38.96067
1128.744,35.94959
1129.227,33.3514
1129.709,31.3469
1130.191,29.63957
1130.673,27.98104
1131.155,26.39292
1131.637,24.90697
1132.119,23.51156
1132.601,22.13906
1133.083,20.74137
1133.566,19.36887
1134.048,17.97356
1134.53,16.66789
1135.012,15.64567
1135.494,14.89209
1135.976,14.15027
1136.458,13.39323
1136.94,12.65778
1137.422,11.98611
1137.905,11.32557
1138.387,10.63155
1138.869,9.924393
1139.351,9.284904
1139.833,8.710022
1140.315,8.075661
1140.797,7.352058
1141.279,6.62751
1141.762,5.82597
1142.244,5.129562
1142.726,4.817444
1143.208,4.868031
1143.69,4.734272
1144.172,4.409973
1144.654,3.935841
1145.136,3.274647
1145.619,2.668716
1146.101,2.594963
1146.583,2.671162
1147.065,2.367306
1147.547,1.477604
1148.029,0.949055
1148.511,0.881969
1148.993,0.871277
1149.475,0.777592
1149.958,0.60236
1150.44,0.251846
1150.922,0.162006
1151.404,0.43432
1151.886,0.457436
1152.368,0.467407
1152.85,0.471704
1153.332,0.481318
1153.814,0.476231
1154.297,0.500711
1154.779,0.691095
1155.261,1.001682
1155.743,1.289103
1156.225,1.557844
1156.707,1.709509
1157.189,1.722416
1157.671,1.658951
1158.154,1.51189
1158.636,1.329985
1159.118,1.417269
1159.6,1.695889
1160.082,1.773354
1160.564,1.153225
1161.046,0.708422
1161.528,0.713326
1162.01,0.94861
1162.493,1.254845
1162.975,1.600842
1163.457,1.709185
1163.939,1.585529
1164.421,1.459654
1164.903,1.496395
1165.385,1.523905
1165.867,1.439306
1166.349,1.310444
1166.832,1.260506
1167.314,1.291723
1167.796,1.32617
1168.278,1.358452
1168.76,1.286928
1169.242,0.909523
1169.724,0.526358
1170.206,0.32617
1170.689,0.277149
1171.171,0.317381
1171.653,0.440624
1172.135,0.445677
1172.617,0.274961
1173.099,0.15494
1173.581,0.369354
1174.063,0.621534
1174.546,0.661306
1175.028,0.532141
1175.51,0.421328
1175.992,0.328268
1176.474,0.303852
1176.956,0.3925
1177.438,0.423697
1177.92,0.174442
1178.402,0.157484
1178.885,0.392902
1179.367,0.526127
1179.849,0.650818
1180.331,0.765352
1180.813,0.874424
1181.295,0.958885
1181.777,1.092386
1182.259,1.531883
1182.742,1.951742
1183.224,1.917763
1183.706,1.349745
1184.188,0.960094
1184.67,0.756451
1185.152,0.634424
1185.634,0.513752
1186.116,0.51343
1186.599,0.883793
1187.081,1.409195
1187.563,1.798134
1188.045,2.0014
1188.527,2.116199
1189.009,2.124926
1189.491,2.148085
1189.973,2.268608
1190.455,2.418282
1190.938,2.542568
1191.42,2.625256
1191.902,2.630938
1192.384,2.515955
1192.866,2.430824
1193.348,2.363352
1193.83,2.387993
1194.312,2.576124
1194.794,2.863337
1195.277,3.265593
1195.759,3.681795
1196.241,3.886545
1196.723,3.720207
1197.205,3.652784
1197.687,3.707323
1198.169,3.779721
1198.651,3.437294
1199.134,3.322478
1199.616,5.01476
1200.098,7.556486
1200.58,8.360614
1201.062,5.598231
1201.544,4.817688
1202.026,6.716913
1202.508,8.69224
1202.99,8.208213
1203.473,6.649747
1203.955,5.643667
1204.437,5.137592
1204.919,4.747467
1205.401,4.32819
1205.883,4.268935
1206.365,4.669334
1206.847,5.107808
1207.329,5.149002
1207.812,5.014109
1208.294,4.941944
1208.776,4.936182
1209.258,4.987899
1209.74,5.144838
1210.222,5.212881
1210.704,5.140675
1211.186,5.103739
1211.669,5.334731
1212.151,5.666474
1212.633,5.914705
1213.115,6.062754
1213.597,6.082346
1214.079,5.894791
1214.561,5.862139
1215.043,6.082741
1215.526,6.291849
1216.008,6.139894
1216.49,5.860508
1216.972,5.705637
1217.454,5.670214
1217.936,5.671034
1218.418,5.768951
1218.9,5.747112
1219.382,5.469224
1219.865,5.387371
1220.347,6.532499
1220.829,7.782285
1221.311,7.671665
1221.793,6.299583
1222.275,5.468758
1222.757,5.368132
1223.239,5.177851
1223.722,4.649702
1224.204,4.464911
1224.686,6.121099
1225.168,7.94166
1225.65,8.015989
1226.132,6.340565
1226.614,4.971954
1227.096,3.883913
1227.578,3.576128
1228.061,4.285946
1228.543,5.088045
1229.025,4.903339
1229.507,4.402071
1229.989,4.208199
1230.471,4.357571
1230.953,4.601257
1231.435,4.953452
1231.917,5.049076
1232.4,4.780689
1232.882,4.450575
1233.364,4.32501
1233.846,4.272085
1234.328,4.146278
1234.81,3.964094
1235.292,3.956118
1235.774,4.154108
1236.257,4.199326
1236.739,3.970884
1237.221,3.695627
1237.703,3.535949
1238.185,3.438749
1238.667,3.356838
1239.149,3.297481
1239.631,3.364498
1240.114,3.558116
1240.596,3.61923
1241.078,3.449951
1241.56,3.244684
1242.042,3.094212
1242.524,3.043359
1243.006,3.177366
1243.488,3.416352
1243.97,3.468691
1244.453,3.368975
1244.935,3.231453
1245.417,3.066214
1245.899,2.925237
1246.381,2.865989
1246.863,2.811069
1247.345,2.685331
1247.827,2.516857
1248.309,2.472496
1248.792,2.546511
1249.274,2.640366
1249.756,2.714772
1250.238,2.715997
1250.72,2.58285
1251.202,2.435799
1251.684,2.323853
1252.166,2.224682
1252.649,2.166027
1253.131,2.144281
1253.613,2.158957
1254.095,2.194728
1254.577,2.253605
1255.059,2.398827
1255.541,2.494665
1256.023,2.488826
1256.505,2.445062
1256.988,2.53033
1257.47,2.654642
1257.952,2.550741
1258.434,2.111948
1258.916,1.878473
1259.398,2.040987
1259.88,2.143763
1260.362,2.015097
1260.844,1.817479
1261.327,1.893184
1261.809,2.044541
1262.291,1.835563
1262.773,1.141685
1263.255,0.91778
1263.737,1.40134
1264.219,1.690369
1264.701,1.424344
1265.184,0.974006
1265.666,0.814605
1266.148,0.836582
1266.63,0.989691
1267.112,1.278311
1267.594,1.365271
1268.076,1.210101
1268.558,1.170572
1269.041,1.391748
1269.523,1.596279
1270.005,1.387617
1270.487,1.115738
1270.969,1.210777
1271.451,1.578978
1271.933,1.559818
1272.415,1.154766
1272.897,0.879484
1273.38,0.876741
1273.862,0.952198
1274.344,0.964668
1274.826,1.014482
1275.308,1.219107
1275.79,1.488277
1276.272,1.463013
1276.754,1.203842
1277.237,1.088369
1277.719,1.220594
1278.201,1.248207
1278.683,0.791203
1279.165,0.442677
1279.647,0.455622
1280.129,0.684078
1280.611,0.896648
1281.094,1.051001
1281.576,1.026424
1282.058,0.788704
1282.54,0.532448
1283.022,0.142576
1283.504,0.015815999
1283.986,0.270748
1284.468,0.636333
1284.95,0.760859
1285.432,0.731213
1285.915,0.679361
1286.397,0.624432
1286.879,0.558859
1287.361,0.49052
1287.843,0.398554
1288.325,0.264267
1288.807,0.186529
1289.289,0.334562
1289.772,0.543814
1290.254,0.657749
1290.736,0.663132
1291.218,0.56904
1291.7,0.371445
1292.182,0.345837
1292.664,0.560638
1293.146,0.712534
1293.629,0.550596
1294.111,0.323317
1294.593,0.186813
1295.075,0.128845
1295.557,0.151743
1296.039,0.243967
1296.521,0.273485
1297.003,0.226658
1297.485,0.166225
1297.968,0.013226
1298.45,0.023190999
1298.932,0.384264
1299.414,0.802492
1299.896,0.779686
1300.378,0.452759
1300.86,0.189112
1301.342,0.032124002
1301.824,0.0062469998
1302.307,0.0
1500.0,0.0
