WavwNum_Magnetite,value_Magnetite
100.0,0.0
157.5278,0.0
158.0099,0.001837
158.492,0.065687001
158.9741,0.157944
159.4562,0.216274
159.9383,0.123577
160.4205,0.08997
160.9026,0.255053
161.3847,0.658924
161.8668,1.025311
162.3489,1.095486
162.831,1.022655
163.3132,0.890469
163.7953,0.661781
164.2774,0.433779
164.7595,0.228334
165.2416,0.034162998
165.7237,0.048852999
166.2059,0.131702
166.688,0.436998
167.1701,0.65617
167.6522,0.564129
168.1343,0.439224
168.6164,0.515591
169.0985,0.868008
169.5807,1.209373
170.0628,1.338799
170.5449,1.314091
171.027,1.235256
171.5091,1.090654
171.9912,0.947441
172.4734,0.879494
172.9555,0.909369
173.4376,0.969227
173.9197,1.045967
174.4018,1.116032
174.8839,1.111864
175.3661,0.859097
175.8482,0.55443
176.3303,0.493118
176.8124,0.79797
177.2945,1.169708
177.7766,1.255289
178.2588,1.105961
178.7409,0.944897
179.223,0.920334
179.7051,0.974642
180.1872,1.013182
180.6693,1.126316
181.1515,1.251806
181.6336,1.313698
182.1157,1.361868
182.5978,1.437321
183.0799,1.518623
183.562,1.522305
184.0442,1.525694
184.5263,1.607971
185.0084,1.71265
185.4905,1.731121
185.9726,1.664574
186.4547,1.574837
186.9369,1.528196
187.419,1.483437
187.9011,1.467455
188.3832,1.521739
188.8653,1.566986
189.3474,1.463404
189.8296,1.209225
190.3117,0.978313
190.7938,0.886077
191.2759,0.924668
191.758,1.011137
192.2401,1.136272
192.7223,1.291624
193.2044,1.485666
193.6865,1.733512
194.1686,1.916065
194.6507,1.916899
195.1328,1.741962
195.615,1.473455
196.0971,1.067529
196.5792,0.596641
197.0613,0.366113
197.5434,0.401785
198.0255,0.552432
198.5077,0.72175
198.9898,0.91616
199.4719,0.978549
199.954,0.796253
200.4361,0.446432
200.9182,0.425903
201.4004,0.841835
201.8825,1.261106
202.3646,1.166471
202.8467,0.484232
203.3288,0.081873
203.8109,0.353321
204.2931,0.356546
204.7752,0.29084
205.2573,0.128738
205.7394,0.036759999
206.2215,0.104462
206.7036,0.059861999
207.1858,0.01306
207.6679,0.118359
208.15,0.248403
208.6321,0.272538
209.1142,0.163651
209.5963,0.00036000001
210.0785,0.149227
210.5606,0.297367
211.0427,0.380322
211.5248,0.364727
212.0069,0.253414
212.489,0.180702
212.9712,0.157923
213.4533,0.157042
213.9354,0.153725
214.4175,0.157055
214.8996,0.127956
215.3817,0.04738
215.8639,0.093301997
216.346,0.162745
216.8281,0.133968
217.3102,0.070274003
217.7923,0.049417
218.2744,0.101948
218.7565,0.11536
219.2387,0.042727999
219.7208,0.119917
220.2029,0.20167
220.685,0.175667
221.1671,0.099619001
221.6492,0.031145001
222.1314,0.039349001
222.6135,0.081721999
223.0956,0.088871002
223.5777,0.063660003
224.0598,0.0050349999
224.5419,0.103432
225.0241,0.21706
225.5062,0.289625
225.9883,0.30945
226.4704,0.309044
226.9525,0.278477
227.4346,0.213182
227.9168,0.225245
228.3989,0.358177
228.881,0.521942
229.3631,0.623268
229.8452,0.650356
230.3273,0.63785
230.8095,0.574291
231.2916,0.455896
231.7737,0.398413
232.2558,0.433558
232.7379,0.496725
233.22,0.519131
233.7022,0.469219
234.1843,0.440575
234.6664,0.453983
235.1485,0.509651
235.6306,0.573046
236.1127,0.640238
236.5949,0.719982
237.077,0.83217
237.5591,1.033649
238.0412,1.153337
238.5233,1.125319
239.0054,0.949472
239.4876,0.871471
239.9697,0.972759
240.4518,1.083426
240.9339,1.036364
241.416,0.709536
241.8981,0.467983
242.3803,0.390415
242.8624,0.472269
243.3445,0.548367
243.8266,0.611698
244.3087,0.67782
244.7908,0.764561
245.273,0.900455
245.7551,0.998537
246.2372,1.037424
246.7193,1.021427
247.2014,1.006557
247.6835,0.978537
248.1657,0.968498
248.6478,1.004984
249.1299,1.115355
249.612,1.212942
250.0941,1.285467
250.5762,1.335524
251.0584,1.387482
251.5405,1.459332
252.0226,1.508749
252.5047,1.501898
252.9868,1.416319
253.4689,1.319481
253.9511,1.167303
254.4332,0.999056
254.9153,1.07523
255.3974,1.565149
255.8795,2.04283
256.3616,2.217421
256.8438,1.962286
257.3259,1.73382
257.808,1.543337
258.2901,1.406218
258.7722,1.393221
259.2543,1.562399
259.7365,1.759296
260.2186,1.899191
260.7007,1.956255
261.1828,2.018293
261.6649,2.108688
262.147,2.21455
262.6292,2.23855
263.1113,2.131115
263.5934,2.059364
264.0755,2.127144
264.5576,2.403992
265.0397,2.534161
265.5219,2.437262
266.004,2.230885
266.4861,2.224297
266.9682,2.516977
267.4503,2.794443
267.9324,2.874874
268.4146,2.691002
268.8967,2.610996
269.3788,2.654987
269.8609,2.782566
270.343,2.942661
270.8251,3.166855
271.3073,3.317392
271.7894,3.287283
272.2715,3.044222
272.7536,2.984541
273.2357,3.160179
273.7178,3.436197
274.2,3.626341
274.6821,3.721304
275.1642,3.800156
275.6463,3.881376
276.1284,3.960215
276.6105,4.049625
277.0927,4.160379
277.5748,4.274004
278.0569,4.364468
278.539,4.429193
279.0211,4.48748
279.5032,4.545828
279.9854,4.601299
280.4675,4.639278
280.9496,4.65555
281.4317,4.680943
281.9138,4.766287
282.3959,4.913403
282.8781,5.008923
283.3602,4.997568
283.8423,4.915854
284.3244,4.916521
284.8065,5.002354
285.2886,5.149807
285.7708,5.388868
286.2529,5.709496
286.735,5.916508
287.2171,5.947498
287.6992,5.853466
288.1813,5.725626
288.6635,5.555481
289.1456,5.486025
289.6277,5.703196
290.1098,6.158443
290.5919,6.516657
291.074,6.717966
291.5562,6.812771
292.0383,6.897837
292.5204,6.971733
293.0025,6.989023
293.4846,6.849468
293.9667,6.617977
294.4489,6.535513
294.931,6.655161
295.4131,6.868773
295.8952,7.06354
296.3773,7.231161
296.8594,7.323547
297.3416,7.258329
297.8237,7.104462
298.3058,7.038946
298.7879,7.091043
299.27,7.144197
299.7521,6.999569
300.2343,6.726458
300.7164,6.554588
301.1985,6.708561
301.6806,6.993532
302.1627,7.089386
302.6448,6.981485
303.127,6.824039
303.6091,6.722288
304.0912,6.676311
304.5733,6.68148
305.0554,6.748726
305.5375,6.859854
306.0197,7.054586
306.5018,7.321785
306.9839,7.474926
307.466,7.229105
307.9481,6.815184
308.4302,6.569559
308.9124,6.749399
309.3945,6.981367
309.8766,6.977081
310.3587,6.758585
310.8408,6.440495
311.3229,5.921253
311.8051,5.408844
312.2872,5.139168
312.7693,5.250149
313.2514,5.465864
313.7335,5.722746
314.2156,5.973789
314.6978,6.0851
315.1799,5.884775
315.662,5.58622
316.1441,5.337404
316.6262,5.167892
317.1083,5.04467
317.5905,4.969713
318.0726,4.923113
318.5547,4.880232
319.0368,4.869057
319.5189,4.849718
320.001,4.825113
320.4832,4.814978
320.9653,4.695684
321.4474,4.270918
321.9295,3.772221
322.4116,3.470514
322.8937,3.648344
323.3759,3.822653
323.858,3.825375
324.3401,3.63975
324.8222,3.510426
325.3043,3.493758
325.7864,3.51196
326.2686,3.523692
326.7507,3.628819
327.2328,3.629195
327.7149,3.423078
328.197,3.038855
328.6791,2.785561
329.1613,2.746454
329.6434,2.77767
330.1255,2.810769
330.6076,2.878963
331.0897,2.901272
331.5718,2.887539
332.054,2.829391
332.5361,2.691088
333.0182,2.360033
333.5003,2.095362
333.9824,2.026773
334.4645,2.256798
334.9467,2.367033
335.4288,2.333185
335.9109,2.195359
336.393,1.995832
336.8751,1.664064
337.3572,1.43539
337.8394,1.420391
338.3215,1.624702
338.8036,1.740671
339.2857,1.76549
339.7678,1.715922
340.2499,1.568068
340.732,1.292695
341.2141,1.119556
341.6963,1.123333
342.1784,1.262711
342.6605,1.369814
343.1426,1.445855
343.6247,1.481696
344.1068,1.472603
344.589,1.418735
345.0711,1.294018
345.5532,1.067601
346.0353,0.807973
346.5174,0.655493
346.9995,0.6085
347.4817,0.633019
347.9638,0.754781
348.4459,0.938496
348.928,1.054627
349.4101,1.090575
349.8922,1.073653
350.3744,1.029287
350.8565,0.947852
351.3386,0.856901
351.8207,0.788186
352.3028,0.731057
352.7849,0.658711
353.2671,0.569771
353.7492,0.495873
354.2313,0.448232
354.7134,0.435755
355.1955,0.483932
355.6776,0.699153
356.1598,0.885735
356.6419,0.825546
357.124,0.555263
357.6061,0.271769
358.0882,0.005568
358.5703,0.174255
359.0525,0.166108
359.5346,0.157509
360.0167,0.455508
360.4988,0.48201
360.9809,0.336521
361.463,0.237257
361.9452,0.313429
362.4273,0.409758
362.9094,0.427228
363.3915,0.332605
363.8736,0.262112
364.3557,0.295635
364.8379,0.365767
365.32,0.393652
365.8021,0.298143
366.2842,0.22118
366.7663,0.223318
367.2484,0.30477
367.7306,0.343884
368.2127,0.29618
368.6948,0.221315
369.1769,0.158492
369.659,0.120456
370.1411,0.080820002
370.6233,0.035721
371.1054,0.01193
371.5875,0.054676
372.0696,0.107543
372.5517,0.137927
373.0338,0.121637
373.516,0.018451
373.9981,0.0049100001
374.4802,0.118906
374.9623,0.26999
375.4444,0.226467
375.9265,0.103546
376.4087,0.375788
376.8908,0.460181
377.3729,0.365355
377.855,0.365069
378.3371,0.501137
378.8192,0.620457
379.3014,0.541582
379.7835,0.252719
380.2656,0.0024240001
380.7477,0.163112
381.2298,0.260245
381.7119,0.348991
382.1941,0.429079
382.6762,0.418396
383.1583,0.165443
383.6404,0.234515
384.1225,0.394189
384.6046,0.232539
385.0868,0.0081449999
385.5689,0.011454
386.051,0.223457
386.5331,0.370374
387.0152,0.240463
387.4973,0.0099900002
387.9795,0.046448998
388.4616,0.074633002
388.9437,0.208137
389.4258,0.22262
389.9079,0.173529
390.39,0.136307
390.8722,0.132853
391.3543,0.136114
391.8364,0.114198
392.3185,0.080986999
392.8006,0.083720997
393.2827,0.235781
393.7649,0.37496
394.247,0.362605
394.7291,0.110676
395.2112,0.085928999
395.6933,0.095035002
396.1754,0.005351
396.6576,0.062749997
397.1397,0.072512001
397.6218,0.068456002
398.1039,0.049995001
398.586,0.012736
399.0681,0.020199999
399.5503,0.108028
400.0324,0.227217
400.5145,0.341596
400.9966,0.468388
401.4787,0.570043
401.9608,0.660228
402.443,0.725949
402.9251,0.704054
403.4072,0.526479
403.8893,0.361945
404.3714,0.288527
404.8535,0.322846
405.3357,0.395709
405.8178,0.555354
406.2999,0.68946
406.782,0.571908
407.2641,0.132953
407.7462,0.147143
408.2284,0.074974999
408.7105,0.272313
409.1926,0.538496
409.6747,0.728703
410.1568,0.813771
410.6389,0.689363
411.1211,0.405468
411.6032,0.247116
412.0853,0.292835
412.5674,0.420197
413.0495,0.444958
413.5316,0.384007
414.0138,0.323789
414.4959,0.328396
414.978,0.371685
415.4601,0.395
415.9422,0.393142
416.4243,0.39205
416.9065,0.44635
417.3886,0.509814
417.8707,0.499263
418.3528,0.217285
418.8349,0.015654
419.317,0.229754
419.7992,0.762772
420.2813,1.149193
420.7634,1.076788
421.2455,0.867707
421.7276,0.740741
422.2097,0.777646
422.6919,0.780233
423.174,0.627085
423.6561,0.425597
424.1382,0.336936
424.6203,0.528446
425.1024,0.694405
425.5846,0.746063
426.0667,0.675164
426.5488,0.634315
427.0309,0.658925
427.513,0.681915
427.9951,0.647215
428.4773,0.490913
428.9594,0.424706
429.4415,0.510241
429.9236,0.670696
430.4057,0.69852
430.8878,0.552385
431.37,0.41085
431.8521,0.358182
432.3342,0.390507
432.8163,0.353801
433.2984,0.233359
433.7805,0.147502
434.2627,0.270204
434.7448,0.573345
435.2269,0.764133
435.709,0.733111
436.1911,0.584716
436.6732,0.516328
437.1554,0.521755
437.6375,0.556028
438.1196,0.654707
438.6017,0.736906
439.0838,0.646753
439.5659,0.335163
440.048,0.025237
440.5302,0.107443
441.0123,0.089359
441.4944,0.0029420001
441.9765,0.237215
442.4586,0.441912
442.9407,0.477494
443.4229,0.365414
443.905,0.282496
444.3871,0.351499
444.8692,0.441565
445.3513,0.46542
445.8334,0.379538
446.3156,0.279762
446.7977,0.144724
447.2798,0.0087479996
447.7619,0.066347003
448.244,0.056131002
448.7261,0.0045309998
449.2083,0.105797
449.6904,0.282619
450.1725,0.368206
450.6546,0.335855
451.1367,0.245686
451.6188,0.122831
452.101,0.069246002
452.5831,0.16214
453.0652,0.121039
453.5473,0.0019980001
454.0294,0.059971001
454.5115,0.056602001
454.9937,0.039664
455.4758,0.014023
455.9579,0.0098919999
456.44,0.048934001
456.9221,0.203018
457.4042,0.354621
457.8864,0.400423
458.3685,0.362979
458.8506,0.30423
459.3327,0.224367
459.8148,0.155586
460.2969,0.140926
460.7791,0.170611
461.2612,0.212797
461.7433,0.268887
462.2254,0.317467
462.7075,0.336913
463.1896,0.32415
463.6718,0.303066
464.1539,0.27685
464.636,0.25299
465.1181,0.2376
465.6002,0.25136
466.0823,0.246116
466.5645,0.174139
467.0466,0.056471001
467.5287,0.013843
468.0108,0.143488
468.4929,0.274683
468.975,0.34481
469.4572,0.336073
469.9393,0.334311
470.4214,0.375916
470.9035,0.390575
471.3856,0.262537
471.8677,0.112223
472.3499,0.283876
472.832,0.107975
473.3141,0.294115
473.7962,0.490893
474.2783,0.459232
474.7604,0.391072
475.2426,0.407433
475.7247,0.489328
476.2068,0.510503
476.6889,0.454298
477.171,0.396292
477.6531,0.404112
478.1353,0.458529
478.6174,0.509684
479.0995,0.520182
479.5816,0.544696
480.0637,0.676316
480.5458,0.884062
481.028,1.050515
481.5101,1.110085
481.9922,1.099975
482.4743,1.035311
482.9564,0.905114
483.4385,0.788767
483.9207,0.720176
484.4028,0.681835
484.8849,0.655809
485.367,0.641303
485.8491,0.636166
486.3312,0.646106
486.8134,0.667385
487.2955,0.682536
487.7776,0.715034
488.2597,0.712201
488.7418,0.632879
489.2239,0.440604
489.7061,0.353016
490.1882,0.394302
490.6703,0.506262
491.1524,0.648463
491.6345,0.834115
492.1166,0.945609
492.5988,0.942231
493.0809,0.867231
493.563,0.819578
494.0451,0.799359
494.5272,0.8234
495.0093,0.931018
495.4915,1.086193
495.9736,1.217274
496.4557,1.321345
496.9378,1.383464
497.4199,1.350513
497.902,1.268921
498.3842,1.219326
498.8663,1.259921
499.3484,1.316103
499.8305,1.34334
500.3126,1.343662
500.7947,1.332277
501.2769,1.265004
501.759,1.22931
502.2411,1.283235
502.7232,1.446659
503.2053,1.584197
503.6874,1.66017
504.1696,1.7125
504.6517,1.764826
505.1338,1.805576
505.6159,1.862777
506.098,1.967658
506.5801,2.086201
507.0623,2.122617
507.5444,2.044483
508.0265,1.979479
508.5086,1.961637
508.9907,1.992729
509.4728,2.130333
509.955,2.386226
510.4371,2.598
510.9192,2.54378
511.4013,2.319313
511.8834,2.293825
512.3655,2.564674
512.8477,2.899571
513.3298,3.009953
513.8119,2.981299
514.294,3.003168
514.7761,3.229546
515.2582,3.446823
515.7404,3.470098
516.2225,3.327624
516.7046,3.2231
517.1867,3.245612
517.6688,3.353271
518.1509,3.522578
518.6331,3.780121
519.1152,3.984581
519.5973,4.087139
520.0794,4.143003
520.5615,4.221149
521.0436,4.365165
521.5258,4.475589
522.0079,4.516197
522.49,4.500304
522.9721,4.511974
523.4542,4.557867
523.9363,4.626877
524.4185,4.687424
524.9006,4.737703
525.3827,4.943153
525.8648,5.337257
526.3469,5.732008
526.829,5.909309
527.3112,5.918732
527.7933,5.928214
528.2754,5.953909
528.7575,6.024943
529.2396,6.233912
529.7217,6.519007
530.2039,6.729053
530.686,6.815315
531.1681,6.804396
531.6502,6.602528
532.1323,6.216704
532.6144,6.055165
533.0966,6.489312
533.5787,7.067207
534.0608,7.482314
534.5429,7.674791
535.025,7.719674
535.5071,7.52225
535.9893,7.214994
536.4714,6.995319
536.9535,6.92869
537.4356,6.823941
537.9177,6.604311
538.3998,6.306534
538.882,6.200585
539.3641,6.330584
539.8462,6.453606
540.3283,6.381859
540.8104,6.151485
541.2925,6.042606
541.7747,6.085785
542.2568,6.127567
542.7389,5.927669
543.221,5.599741
543.7031,5.430342
544.1852,5.603268
544.6674,5.793812
545.1495,5.659643
545.6316,5.306646
546.1137,4.999095
546.5958,4.859858
547.0779,4.79474
547.5601,4.809723
548.0422,4.907467
548.5243,4.864781
549.0064,4.440599
549.4885,3.999313
549.9706,3.777179
550.4528,3.960833
550.9349,4.00816
551.417,3.849438
551.8991,3.610052
552.3812,3.488729
552.8633,3.526783
553.3455,3.509902
553.8276,3.36912
554.3097,3.147765
554.7918,3.013268
555.2739,2.967664
555.756,2.853425
556.2382,2.453462
556.7203,1.939338
557.2024,1.739222
557.6845,1.879907
558.1666,2.052505
558.6487,1.979119
559.1309,1.793421
559.613,1.672323
560.0951,1.697826
560.5772,1.717489
561.0593,1.612801
561.5414,1.459653
562.0236,1.393214
562.5057,1.557601
562.9878,1.695214
563.4699,1.737206
563.952,1.688565
564.4341,1.601889
564.9163,1.477757
565.3984,1.313198
565.8805,1.072392
566.3626,0.713787
566.8447,0.564561
567.3268,0.683235
567.809,0.842484
568.2911,0.73505
568.7732,0.398586
569.2553,0.198895
569.7374,0.258339
570.2195,0.383395
570.7017,0.249644
571.1838,0.057455
571.6659,0.265264
572.148,0.149037
572.6301,0.054423001
573.1122,0.174708
573.5944,0.209816
574.0765,0.171452
574.5586,0.059762001
575.0407,0.270178
575.5228,0.313498
576.0049,0.093659997
576.4871,0.072929002
576.9692,0.168565
577.4513,0.196937
577.9334,0.148314
578.4155,0.033020001
578.8976,0.153281
579.3798,0.168449
579.8619,0.12657
580.344,0.148915
580.8261,0.240805
581.3082,0.327727
581.7903,0.388423
582.2725,0.417891
582.7546,0.370921
583.2367,0.255489
583.7188,0.179098
584.2009,0.275796
584.683,0.436626
585.1652,0.510432
585.6473,0.466732
586.1294,0.413655
586.6115,0.457109
587.0936,0.505949
587.5757,0.463508
588.0578,0.162427
588.5399,0.063049003
589.022,0.110422
589.5042,0.043382999
589.9863,0.013918
590.4684,0.058118999
590.9505,0.080426998
591.4326,0.047022
591.9147,0.033363
592.3969,0.088499002
592.879,0.121483
593.3611,0.115845
593.8432,0.039811999
594.3253,0.089979
594.8074,0.201639
595.2896,0.295704
595.7717,0.339291
596.2538,0.220795
596.7359,0.044605002
597.218,0.026175
597.7001,0.317509
598.1823,0.566
598.6644,0.434256
599.1465,0.115524
599.6286,0.058993999
600.1107,0.152346
600.5928,0.385223
601.075,0.531796
601.5571,0.597555
602.0392,0.667126
602.5213,0.725964
603.0034,0.813456
603.4855,0.984529
603.9677,1.261209
604.4498,1.269361
604.9319,0.922581
605.414,0.576267
605.8961,0.607752
606.3782,0.958908
606.8604,1.252872
607.3425,1.449919
607.8246,1.559418
608.3067,1.50766
608.7888,1.38047
609.2709,1.368782
609.7531,1.638121
610.2352,1.929989
610.7173,2.059612
611.1994,2.077599
611.6815,2.123343
612.1636,2.290421
612.6458,2.44743
613.1279,2.529314
613.61,2.52984
614.0921,2.587603
614.5742,2.748283
615.0563,2.907328
615.5385,2.998899
616.0206,3.0056
616.5027,3.04236
616.9848,3.09852
617.4669,3.216177
617.949,3.50211
618.4312,3.911215
618.9133,4.192053
619.3954,4.272123
619.8775,4.273502
620.3596,4.300787
620.8417,4.363487
621.3239,4.480787
621.806,4.729315
622.2881,4.973803
622.7702,5.088993
623.2523,5.121122
623.7344,5.261581
624.2166,5.646444
624.6987,6.06916
625.1808,6.466021
625.6629,6.841949
626.145,7.122787
626.6271,7.253473
627.1093,7.382561
627.5914,7.622093
628.0735,7.980289
628.5556,8.333263
629.0377,8.668524
629.5198,8.970697
630.002,9.240471
630.4841,9.489231
630.9662,9.722818
631.4483,9.922474
631.9304,10.14943
632.4125,10.49079
632.8947,10.88864
633.3768,11.24985
633.8589,11.42766
634.341,11.68548
634.8231,12.21222
635.3052,12.9453
635.7874,13.5069
636.2695,13.64443
636.7516,13.82475
637.2337,14.19519
637.7158,14.76516
638.1979,15.49595
638.6801,16.46028
639.1622,17.37273
639.6443,17.97033
640.1264,18.28683
640.6085,18.6422
641.0906,19.05411
641.5728,19.55237
642.0549,20.20307
642.537,20.94565
643.0191,21.691
643.5012,22.41256
643.9833,23.15649
644.4655,24.06704
644.9476,24.9929
645.4297,25.71937
645.9118,25.82713
646.3939,26.13438
646.876,26.9704
647.3582,28.18547
647.8403,29.18007
648.3224,29.8618
648.8045,30.53117
649.2866,31.32023
649.7687,32.21281
650.2509,32.99966
650.733,33.68485
651.2151,34.29921
651.6972,34.75448
652.1793,35.17798
652.6614,35.90977
653.1436,36.98722
653.6257,38.08884
654.1078,38.9214
654.5899,39.64754
655.072,40.4816
655.5541,41.61035
656.0363,42.5462
656.5184,42.93573
657.0005,43.11591
657.4826,43.54323
657.9647,44.49256
658.4468,45.23991
658.929,45.62147
659.4111,45.79562
659.8932,46.16061
660.3753,46.73986
660.8574,47.32145
661.3395,47.90125
661.8217,48.38281
662.3038,48.41858
662.7859,48.07227
663.268,47.78505
663.7501,47.96062
664.2322,48.24551
664.7144,48.31848
665.1965,48.16262
665.6786,47.85812
666.1607,47.19737
666.6428,46.57825
667.1249,46.31161
667.6071,46.69927
668.0892,46.66263
668.5713,45.98533
669.0534,45.12083
669.5355,44.51105
670.0176,44.21772
670.4998,43.69905
670.9819,42.84342
671.464,41.91115
671.9461,41.29979
672.4282,40.9482
672.9103,40.59936
673.3925,40.27053
673.8746,39.75531
674.3567,38.62893
674.8388,37.17174
675.3209,35.98895
675.803,35.61638
676.2852,35.29088
676.7673,34.71144
677.2494,33.90496
677.7315,33.10234
678.2136,32.19701
678.6957,31.46446
679.1779,31.13906
679.66,31.17994
680.1421,30.52325
680.6242,29.03543
681.1063,27.57144
681.5884,26.83475
682.0706,26.58289
682.5527,25.99909
683.0348,25.0252
683.5169,24.06968
683.999,23.48274
684.4811,23.06639
684.9633,22.58304
685.4454,21.96657
685.9275,21.36089
686.4096,20.84748
686.8917,20.34523
687.3738,19.75413
687.856,18.9507
688.3381,18.29351
688.8202,17.84267
689.3023,17.50077
689.7844,17.11605
690.2665,16.68311
690.7487,16.23359
691.2308,15.75408
691.7129,15.29123
692.195,14.96908
692.6771,14.73656
693.1592,14.40828
693.6414,13.80252
694.1235,13.15428
694.6056,12.63672
695.0877,12.23295
695.5698,11.85191
696.0519,11.46161
696.5341,11.10789
697.0162,10.85468
697.4983,10.69915
697.9804,10.34452
698.4625,9.662012
698.9446,9.016363
699.4268,8.680439
699.9089,8.639164
700.391,8.496092
700.8731,8.248705
701.3552,7.979086
701.8373,7.759958
702.3195,7.572852
702.8016,7.402508
703.2837,7.258074
703.7658,7.085609
704.2479,6.864103
704.73,6.585026
705.2122,6.233326
705.6943,5.683245
706.1764,5.284352
706.6585,5.130227
707.1406,5.08032
707.6227,4.973642
708.1049,4.802244
708.587,4.603719
709.0691,4.364961
709.5512,4.120446
710.0333,3.967813
710.5154,3.892258
710.9976,3.797837
711.4797,3.626037
711.9618,3.452014
712.4439,3.375682
712.926,3.360889
713.4081,3.316385
713.8903,3.254476
714.3724,3.106722
714.8545,2.76441
715.3366,2.279091
715.8187,1.976883
716.3008,1.921485
716.783,1.939444
717.2651,2.009691
717.7472,2.117658
718.2293,2.085611
718.7114,1.892241
719.1935,1.702271
719.6757,1.676
720.1578,1.731622
720.6399,1.699367
721.122,1.578567
721.6041,1.453787
722.0862,1.365764
722.5684,1.309359
723.0505,1.30883
723.5326,1.402122
724.0147,1.369411
724.4968,1.006859
724.9789,0.65555
725.4611,0.555079
725.9432,0.807684
726.4253,0.911769
726.9074,0.836852
727.3895,0.691264
727.8716,0.564558
728.3538,0.463333
728.8359,0.441223
729.318,0.527069
729.8001,0.591369
730.2822,0.491183
730.7643,0.307159
731.2465,0.144183
731.7286,0.001916
732.2107,0.069977
732.6928,0.026250999
733.1749,0.18415
733.657,0.244118
734.1392,0.135197
734.6213,0.10008
735.1034,0.21245
735.5855,0.363954
736.0676,0.295064
736.5497,0.023879999
737.0319,0.167701
737.514,0.157227
737.9961,0.058529999
738.4782,0.0026829999
738.9603,0.033860002
739.4424,0.053986002
739.9246,0.094366997
740.4067,0.103295
740.8888,0.033135001
741.3709,0.094912998
741.853,0.184852
742.3351,0.218894
742.8173,0.236059
743.2994,0.251542
743.7815,0.259693
744.2636,0.21137
744.7457,0.100083
745.2278,0.022453999
745.71,0.077420004
746.1921,0.186865
746.6742,0.186374
747.1563,0.090527996
747.6384,0.00031199999
748.1205,0.0073230001
748.6027,0.002938
749.0848,0.065397002
749.5669,0.204142
750.049,0.219676
750.5311,0.027236
751.0132,0.273764
751.4954,0.40719
751.9775,0.42292
752.4596,0.375267
752.9417,0.247489
753.4238,0.137942
753.9059,0.146584
754.3881,0.228632
754.8702,0.286985
755.3523,0.314496
755.8344,0.274854
756.3165,0.012412
756.7986,0.250284
757.2808,0.279588
757.7629,0.049376
758.245,0.267094
758.7271,0.237335
759.2092,0.122279
759.6913,0.012967
760.1735,0.108763
760.6556,0.128446
761.1377,0.01543
761.6198,0.113821
762.1019,0.109569
762.584,0.014804
763.0662,0.027641
763.5483,0.013564
764.0304,0.065834001
764.5125,0.068428002
764.9946,0.047162998
765.4767,0.034897
765.9589,0.075696997
766.441,0.060017999
766.9231,0.093177997
767.4052,0.272364
767.8873,0.353668
768.3694,0.302022
768.8516,0.290896
769.3337,0.349502
769.8158,0.429209
770.2979,0.460358
770.78,0.451687
771.2621,0.434813
771.7443,0.419066
772.2264,0.394955
772.7085,0.335413
773.1906,0.267745
773.6727,0.23265
774.1548,0.322629
774.637,0.343363
775.1191,0.168951
775.6012,0.050120998
776.0833,0.048742998
776.5654,0.244368
777.0475,0.453817
777.5297,0.492999
778.0118,0.448188
778.4939,0.46541
778.976,0.531466
779.4581,0.60161
779.9402,0.687732
780.4224,0.729595
780.9045,0.618208
781.3866,0.436712
781.8687,0.342645
782.3508,0.485005
782.8329,0.588784
783.3151,0.5671
783.7972,0.487343
784.2793,0.522394
784.7614,0.707253
785.2435,0.804673
785.7256,0.713869
786.2077,0.547566
786.6898,0.552697
787.1719,0.685572
787.6541,0.786744
788.1362,0.776854
788.6183,0.720776
789.1004,0.619267
789.5825,0.504894
790.0646,0.461954
790.5468,0.616427
791.0289,0.711751
791.511,0.655115
791.9931,0.517882
792.4752,0.555641
792.9573,0.796457
793.4395,0.951973
793.9216,0.876467
794.4037,0.703746
794.8858,0.692007
795.3679,0.802991
795.85,0.905387
796.3322,0.935522
796.8143,0.933149
797.2964,0.900007
797.7785,0.849521
798.2606,0.830084
798.7427,0.862598
799.2249,0.898435
799.707,0.92485
800.1891,0.947504
800.6712,0.996894
801.1533,1.074
801.6354,1.090589
802.1176,0.977895
802.5997,0.824785
803.0818,0.73309
803.5639,0.6959
804.046,0.70575
804.5281,0.841371
805.0103,0.959935
805.4924,0.986399
805.9745,0.932866
806.4566,0.885101
806.9387,0.827126
807.4208,0.817674
807.903,0.893024
808.3851,1.011835
808.8672,1.052618
809.3493,1.024895
809.8314,0.958455
810.3135,0.828122
810.7957,0.710086
811.2778,0.669597
811.7599,0.692351
812.242,0.75445
812.7241,0.982522
813.2062,1.103622
813.6884,0.945541
814.1705,0.640547
814.6526,0.577888
815.1347,0.821311
815.6168,1.004364
816.0989,1.011262
816.5811,0.904278
817.0632,0.714028
817.5453,0.485908
818.0274,0.407452
818.5095,0.762211
818.9916,1.097129
819.4738,1.043609
819.9559,0.744943
820.438,0.569124
820.9201,0.719569
821.4022,0.812069
821.8843,0.758554
822.3665,0.620766
822.8486,0.541429
823.3307,0.520613
823.8128,0.561393
824.2949,0.707151
824.777,0.871324
825.2592,0.911041
825.7413,0.851982
826.2234,0.765312
826.7055,0.613328
827.1876,0.515443
827.6697,0.548021
828.1519,0.662007
828.634,0.74175
829.1161,0.770824
829.5982,0.802331
830.0803,0.848709
830.5624,0.897744
831.0446,0.923295
831.5267,0.929774
832.0088,0.948077
832.4909,1.012152
832.973,1.036011
833.4551,0.871839
833.9373,0.639235
834.4194,0.526427
834.9015,0.679237
835.3836,0.801111
835.8657,0.860373
836.3478,0.867613
836.83,0.816609
837.3121,0.695253
837.7942,0.638798
838.2763,0.676137
838.7584,0.766826
839.2405,0.894706
839.7227,1.026306
840.2048,1.08948
840.6869,1.028223
841.169,0.970658
841.6511,0.974399
842.1332,1.017025
842.6154,1.070713
843.0975,1.122515
843.5796,1.223796
844.0617,1.426885
844.5438,1.583796
845.0259,1.457204
845.5081,1.108644
845.9902,0.826162
846.4723,0.64229
846.9544,0.596367
847.4365,0.849814
847.9186,1.194632
848.4008,1.4047
848.8829,1.414692
849.365,1.347838
849.8471,1.138984
850.3292,0.944507
850.8113,0.900705
851.2935,1.030293
851.7756,1.085834
852.2577,1.052142
852.7398,0.996891
853.2219,0.982847
853.704,0.987736
854.1862,0.965055
854.6683,0.907782
855.1504,0.880425
855.6325,0.94853
856.1146,1.025623
856.5967,1.049682
857.0789,1.011564
857.561,1.010771
858.0431,1.061125
858.5252,1.107433
859.0073,1.102956
859.4894,1.065764
859.9716,1.053048
860.4537,1.063626
860.9358,1.09586
861.4179,1.204175
861.9,1.287813
862.3821,1.244676
862.8643,1.081289
863.3464,1.003622
863.8285,1.099478
864.3106,1.139938
864.7927,1.00685
865.2748,0.767076
865.757,0.72252
866.2391,0.852162
866.7212,0.988624
867.2033,1.071967
867.6854,1.094503
868.1675,0.985306
868.6497,0.804452
869.1318,0.728198
869.6139,0.975163
870.096,1.1381
870.5781,1.079166
871.0602,0.8871
871.5424,0.776345
872.0245,0.752749
872.5066,0.758568
872.9887,0.792631
873.4708,0.537749
873.9529,0.892847
874.4351,1.088347
874.9172,1.135705
875.3993,0.592954
875.8814,0.812703
876.3635,0.727418
876.8456,0.629468
877.3278,0.956851
877.8099,0.50049
878.292,0.821038
878.7741,0.830891
879.2562,0.982533
879.7383,0.826783
880.2205,0.76648
880.7026,1.013817
881.1847,1.090386
881.6668,0.899406
882.1489,1.06032
882.631,0.593142
883.1132,0.678092
883.5953,1.00114
884.0774,0.828221
884.5595,1.000577
885.0416,1.044071
885.5237,0.491129
886.0059,0.965418
886.488,0.994186
886.9701,0.565682
887.4522,1.004144
887.9343,0.638419
888.4164,0.559683
888.8986,0.696924
889.3807,0.609006
889.8628,0.876068
890.3449,0.801131
890.827,0.695646
891.3091,0.723563
891.7913,0.822431
892.2734,0.883934
892.7555,0.852083
893.2376,0.796492
893.7197,0.73757
894.2018,0.684456
894.684,0.624299
895.1661,0.574794
895.6482,0.585823
896.1303,0.809966
896.6124,0.93066
897.0945,0.828069
897.5767,0.611807
898.0588,0.499344
898.5409,0.49261
899.023,0.497178
899.5051,0.497768
899.9872,0.483564
900.4694,0.42357
900.9515,0.343899
901.4336,0.288118
901.9157,0.280919
902.3978,0.274301
902.8799,0.247653
903.3621,0.222155
903.8442,0.220964
904.3263,0.259484
904.8084,0.25365
905.2905,0.183886
905.7726,0.144049
906.2548,0.306517
906.7369,0.522271
907.219,0.507446
907.7011,0.227544
908.1832,0.018162001
908.6653,0.090034001
909.1475,0.090935998
909.6296,0.079506002
910.1117,0.056745999
910.5938,0.027274
911.0759,0.194367
911.558,0.303791
912.0402,0.222829
912.5223,0.060982
913.0044,0.059144001
913.4865,0.177328
913.9686,0.26965
914.4507,0.258792
914.9329,0.215389
915.415,0.150616
915.8971,0.076940998
916.3792,0.019185999
916.8613,0.027253
917.3434,0.030291
917.8256,0.035112001
918.3077,0.118172
918.7898,0.16053
919.2719,0.167364
919.754,0.129973
920.2361,0.010474
920.7183,0.06797
921.2004,0.017659999
921.6825,0.133265
922.1646,0.127029
922.6467,0.091729999
923.1288,0.124173
923.611,0.074321002
924.0931,0.286338
924.5752,0.298425
925.0573,0.190499
925.5394,0.122016
926.0215,0.104936
926.5037,0.106872
926.9858,0.078337997
927.4679,0.090632997
927.95,0.248206
928.4321,0.528996
928.9142,0.593436
929.3964,0.387309
929.8785,0.16181
930.3606,0.00042
930.8427,0.088873997
931.3248,0.036653999
931.8069,0.111869
932.2891,0.207808
932.7712,0.129243
933.2533,0.044307001
933.7354,0.021318
934.2175,0.039071001
934.6996,0.050294001
935.1818,0.042677
935.6639,0.083809003
936.146,0.202702
936.6281,0.315937
937.1102,0.270287
937.5923,0.143988
938.0745,0.128597
938.5566,0.290901
939.0387,0.400987
939.5208,0.287989
940.0029,0.121412
940.485,0.027448
940.9672,0.017569
941.4493,0.0085899998
941.9314,0.060612001
942.4135,0.082961001
942.8956,0.011911
943.3777,0.104666
943.8599,0.17267
944.342,0.198349
944.8241,0.222378
945.3062,0.282472
945.7883,0.324556
946.2704,0.305808
946.7526,0.25534
947.2347,0.266143
947.7168,0.357576
948.1989,0.376171
948.681,0.262715
949.1631,0.105436
949.6453,0.013102
950.1274,0.026102999
950.6095,0.030401999
951.0916,0.0064920001
951.5737,0.051346999
952.0558,0.140617
952.538,0.197395
953.0201,0.127078
953.5022,0.109405
953.9843,0.137946
954.4664,0.066416003
954.9485,0.285731
955.4307,0.344512
955.9128,0.310163
956.3949,0.235765
956.877,0.13455
957.3591,0.094981998
957.8412,0.245401
958.3234,0.344554
958.8055,0.284897
959.2876,0.127157
959.7697,0.138126
960.2518,0.31249
960.7339,0.376179
961.2161,0.160836
961.6982,0.080045998
962.1803,0.050423
962.6624,0.128874
963.1445,0.268441
963.6266,0.305574
964.1088,0.318245
964.5909,0.303798
965.073,0.277167
965.5551,0.250424
966.0372,0.222963
966.5193,0.191058
967.0015,0.158316
967.4836,0.157192
967.9657,0.250262
968.4478,0.359327
968.9299,0.425684
969.412,0.442345
969.8942,0.402971
970.3763,0.273492
970.8584,0.162372
971.3405,0.112059
971.8226,0.102479
972.3047,0.072067
972.7869,0.031177999
973.269,0.024643
973.7511,0.117487
974.2332,0.181299
974.7153,0.064129002
975.1974,0.089628004
975.6796,0.056632999
976.1617,0.288455
976.6438,0.46053
977.1259,0.410307
977.608,0.276606
978.0901,0.179044
978.5723,0.106096
979.0544,0.051568002
979.5365,0.010852
980.0186,0.029367
980.5007,0.148528
980.9828,0.199475
981.465,0.061491001
981.9471,0.21753
982.4291,0.376659
982.9113,0.410909
983.3934,0.369459
983.8755,0.229866
984.3576,0.087254003
984.8397,0.072907999
985.3218,0.146242
985.804,0.234043
986.2861,0.395559
986.7682,0.438072
987.2503,0.253664
987.7324,0.042555001
988.2145,0.041683
988.6967,0.231715
989.1788,0.320032
989.6609,0.286191
990.143,0.209434
990.6251,0.112359
991.1072,0.032889999
991.5894,0.013539
992.0715,0.055054002
992.5536,0.088074997
993.0357,0.101302
993.5178,0.116074
993.9999,0.125257
994.4821,0.154764
994.9642,0.328861
995.4463,0.584413
995.9284,0.69782
996.4105,0.498534
996.8926,0.314648
997.3748,0.339287
997.8569,0.459067
998.339,0.553466
998.8211,0.639197
999.3032,0.615139
999.7853,0.459707
1000.267,0.294417
1000.75,0.234661
1001.232,0.23337
1001.714,0.211943
1002.196,0.173614
1002.678,0.17405
1003.16,0.311203
1003.642,0.398274
1004.124,0.366179
1004.607,0.253573
1005.089,0.138102
1005.571,0.024673
1006.053,0.036378998
1006.535,0.247262
1007.017,0.462812
1007.499,0.473029
1007.981,0.395087
1008.463,0.376616
1008.946,0.497088
1009.428,0.537617
1009.91,0.464466
1010.392,0.375721
1010.874,0.326539
1011.356,0.30924
1011.838,0.381992
1012.32,0.529033
1012.802,0.586338
1013.285,0.345044
1013.767,0.121397
1014.249,0.096832
1014.731,0.194089
1015.213,0.253838
1015.695,0.270083
1016.177,0.293927
1016.659,0.338401
1017.142,0.374242
1017.624,0.345214
1018.106,0.295859
1018.588,0.29298
1019.07,0.355536
1019.552,0.401765
1020.034,0.43987
1020.516,0.447238
1020.998,0.378599
1021.481,0.264892
1021.963,0.302824
1022.445,0.470671
1022.927,0.618928
1023.409,0.686101
1023.891,0.694772
1024.373,0.602599
1024.855,0.479187
1025.338,0.462387
1025.82,0.643707
1026.302,0.663966
1026.784,0.461298
1027.266,0.233552
1027.748,0.208081
1028.23,0.296124
1028.712,0.33577
1029.194,0.314895
1029.677,0.284575
1030.159,0.243937
1030.641,0.221828
1031.123,0.224807
1031.605,0.254209
1032.087,0.33318
1032.569,0.45757
1033.051,0.520627
1033.534,0.48536
1034.016,0.434767
1034.498,0.428976
1034.98,0.448757
1035.462,0.471139
1035.944,0.488738
1036.426,0.526695
1036.908,0.597166
1037.391,0.654263
1037.873,0.648888
1038.355,0.602293
1038.837,0.600693
1039.319,0.640368
1039.801,0.64654
1040.283,0.533892
1040.765,0.434276
1041.247,0.358445
1041.729,0.338449
1042.212,0.494224
1042.694,0.830888
1043.176,0.878983
1043.658,0.533511
1044.14,0.193115
1044.622,0.276349
1045.104,0.499846
1045.586,0.589749
1046.069,0.508636
1046.551,0.431426
1047.033,0.345644
1047.515,0.317061
1047.997,0.39155
1048.479,0.515327
1048.961,0.581337
1049.443,0.599989
1049.926,0.593998
1050.408,0.538406
1050.89,0.517597
1051.372,0.637376
1051.854,0.742554
1052.336,0.680058
1052.818,0.434592
1053.3,0.338445
1053.782,0.395554
1054.265,0.456119
1054.747,0.379958
1055.229,0.290178
1055.711,0.297541
1056.193,0.38095
1056.675,0.456022
1057.157,0.54284
1057.639,0.553397
1058.121,0.450207
1058.604,0.312241
1059.086,0.234097
1059.568,0.216034
1060.05,0.282835
1060.532,0.449986
1061.014,0.55916
1061.496,0.551373
1061.978,0.456733
1062.461,0.234533
1062.943,0.055697002
1063.425,0.087511003
1063.907,0.10997
1064.389,0.238521
1064.871,0.113372
1065.353,0.011306
1065.835,0.235848
1066.318,0.560905
1066.8,0.679964
1067.282,0.487201
1067.764,0.415666
1068.246,0.487696
1068.728,0.577911
1069.21,0.618333
1069.692,0.60036
1070.174,0.463546
1070.656,0.24799
1071.139,0.106
1071.621,0.141809
1072.103,0.186604
1072.585,0.214317
1073.067,0.236089
1073.549,0.276501
1074.031,0.327054
1074.513,0.350139
1074.996,0.339499
1075.478,0.322255
1075.96,0.292694
1076.442,0.283868
1076.924,0.34008
1077.406,0.441659
1077.888,0.449592
1078.37,0.356754
1078.853,0.32062
1079.335,0.433948
1079.817,0.535224
1080.299,0.380694
1080.781,0.131646
1081.263,0.012384
1081.745,0.128348
1082.227,0.198127
1082.709,0.206205
1083.192,0.204658
1083.674,0.240145
1084.156,0.285963
1084.638,0.257655
1085.12,0.182281
1085.602,0.135548
1086.084,0.179899
1086.566,0.208608
1087.048,0.167208
1087.531,0.130453
1088.013,0.231631
1088.495,0.445359
1088.977,0.425411
1089.459,0.149319
1089.941,0.081501998
1090.423,0.0041609998
1090.905,0.144643
1091.387,0.222919
1091.87,0.239357
1092.352,0.249786
1092.834,0.252816
1093.316,0.26131
1093.798,0.283692
1094.28,0.292453
1094.762,0.225513
1095.244,0.141754
1095.727,0.122814
1096.209,0.195786
1096.691,0.235406
1097.173,0.209692
1097.655,0.207723
1098.137,0.290415
1098.619,0.402852
1099.101,0.403784
1099.583,0.328937
1100.066,0.268337
1100.548,0.254569
1101.03,0.256724
1101.512,0.285092
1101.994,0.307561
1102.476,0.291491
1102.958,0.242124
1103.44,0.245875
1103.922,0.300755
1104.405,0.335771
1104.887,0.255723
1105.369,0.198671
1105.851,0.284795
1106.333,0.431947
1106.815,0.478554
1107.297,0.41086
1107.779,0.324414
1108.262,0.218838
1108.744,0.171119
1109.226,0.340409
1109.708,0.53666
1110.19,0.558107
1110.672,0.405837
1111.154,0.254811
1111.636,0.092767
1112.119,0.016620999
1112.601,0.058352001
1113.083,0.13075
1113.565,0.106246
1114.047,0.026272999
1114.529,0.042552002
1115.011,0.092490003
1115.493,0.088780001
1115.975,0.0058920002
1116.458,0.105014
1116.94,0.242702
1117.422,0.382478
1117.904,0.437448
1118.386,0.426031
1118.868,0.412105
1119.35,0.421788
1119.832,0.407417
1120.314,0.337722
1120.797,0.250458
1121.279,0.167167
1121.761,0.091061004
1122.243,0.051002
1122.725,0.046546001
1123.207,0.071327999
1123.689,0.162817
1124.171,0.23924
1124.654,0.206957
1125.136,0.139555
1125.618,0.188122
1126.1,0.406486
1126.582,0.43338
1127.064,0.226103
1127.546,0.023827
1128.028,0.063776001
1128.51,0.190277
1128.993,0.250159
1129.475,0.248289
1129.957,0.261806
1130.439,0.312646
1130.921,0.324254
1131.403,0.263143
1131.885,0.221605
1132.367,0.404992
1132.849,0.647067
1133.332,0.647392
1133.814,0.366095
1134.296,0.193914
1134.778,0.282875
1135.26,0.369319
1135.742,0.371929
1136.224,0.329349
1136.706,0.32343
1137.189,0.33985
1137.671,0.338344
1138.153,0.303637
1138.635,0.275303
1139.117,0.262465
1139.599,0.269749
1140.081,0.323658
1140.563,0.396435
1141.046,0.330519
1141.528,0.153404
1142.01,0.000512
1142.492,0.073610999
1142.974,0.100323
1143.456,0.103851
1143.938,0.053266998
1144.42,0.109484
1144.902,0.396562
1145.385,0.459191
1145.867,0.306859
1146.349,0.138795
1146.831,0.055208001
1147.313,0.022577999
1147.795,0.053543001
1148.277,0.109253
1148.759,0.104824
1149.241,0.011498
1149.724,0.027594
1150.206,0.171708
1150.688,0.306704
1151.17,0.286717
1151.652,0.229517
1152.134,0.271966
1152.616,0.373425
1153.098,0.352987
1153.581,0.13184
1154.063,0.050395999
1154.545,0.181533
1155.027,0.351782
1155.509,0.348331
1155.991,0.253215
1156.473,0.151938
1156.955,0.060291
1157.438,0.104682
1157.92,0.407883
1158.402,0.551168
1158.884,0.398307
1159.366,0.133474
1159.848,0.027276
1160.33,0.0832
1160.812,0.013707
1161.294,0.296346
1161.776,0.436512
1162.259,0.260675
1162.741,0.142718
1163.223,0.239938
1163.705,0.442499
1164.187,0.527899
1164.669,0.5189
1165.151,0.448354
1165.633,0.273272
1166.116,0.226959
1166.598,0.479566
1167.08,0.732838
1167.562,0.874046
1168.044,0.889715
1168.526,0.636298
1169.008,0.204235
1169.49,0.084536001
1169.973,0.052097
1170.455,0.015263
1170.937,0.0039880001
1171.419,0.0047499998
1171.901,0.152557
1172.383,0.407259
1172.865,0.529891
1173.347,0.533409
1173.829,0.490442
1174.312,0.413165
1174.794,0.315136
1175.276,0.160997
1175.758,0.018741
1176.24,0.047672
1176.722,0.038895998
1177.204,0.027938001
1177.686,0.146002
1178.168,0.24627
1178.651,0.239945
1179.133,0.253292
1179.615,0.416007
1180.097,0.604343
1180.579,0.619246
1181.061,0.457685
1181.543,0.362762
1182.025,0.350961
1182.508,0.343565
1182.99,0.250468
1183.472,0.174978
1183.954,0.21137
1184.436,0.309401
1184.918,0.358953
1185.4,0.357745
1185.882,0.34192
1186.365,0.315439
1186.847,0.282172
1187.329,0.224428
1187.811,0.178999
1188.293,0.173512
1188.775,0.206332
1189.257,0.292387
1189.739,0.443361
1190.221,0.471673
1190.703,0.321693
1191.186,0.152147
1191.668,0.099288002
1192.15,0.106976
1192.632,0.137865
1193.114,0.186743
1193.596,0.238603
1194.078,0.293231
1194.56,0.354939
1195.043,0.428293
1195.525,0.494329
1196.007,0.539369
1196.489,0.563025
1196.971,0.55906
1197.453,0.527935
1197.935,0.518547
1198.417,0.541975
1198.9,0.473127
1199.382,0.219432
1199.864,0.021833999
1200.346,0.015167
1200.828,0.100072
1201.31,0.16188
1201.792,0.152322
1202.274,0.166216
1202.756,0.198027
1203.239,0.266685
1203.721,0.414342
1204.203,0.542414
1204.685,0.507958
1205.167,0.404635
1205.649,0.361373
1206.131,0.408928
1206.613,0.416601
1207.095,0.376972
1207.578,0.360727
1208.06,0.441418
1208.542,0.516809
1209.024,0.422934
1209.506,0.269936
1209.988,0.257591
1210.47,0.477889
1210.952,0.481874
1211.435,0.242414
1211.917,0.0071769999
1212.399,0.106712
1212.881,0.103511
1213.363,0.124711
1213.845,0.430012
1214.327,0.527882
1214.809,0.32776
1215.292,0.18333
1215.774,0.095340997
1216.256,0.088917002
1216.738,0.291341
1217.22,0.48648
1217.702,0.417453
1218.184,0.194602
1218.666,0.064824998
1219.148,0.046914998
1219.63,0.073445
1220.113,0.144824
1220.595,0.232101
1221.077,0.371581
1221.559,0.462975
1222.041,0.350749
1222.523,0.132821
1223.005,0.057438001
1223.487,0.167171
1223.97,0.239233
1224.452,0.256338
1224.934,0.265882
1225.416,0.335438
1225.898,0.387827
1226.38,0.330091
1226.862,0.205558
1227.344,0.130454
1227.827,0.119331
1228.309,0.161698
1228.791,0.256667
1229.273,0.326498
1229.755,0.263453
1230.237,0.188666
1230.719,0.200364
1231.201,0.28274
1231.683,0.387645
1232.166,0.520914
1232.648,0.507542
1233.13,0.319469
1233.612,0.138207
1234.094,0.103548
1234.576,0.137639
1235.058,0.230844
1235.54,0.335657
1236.022,0.330993
1236.505,0.213788
1236.987,0.165551
1237.469,0.212858
1237.951,0.274169
1238.433,0.286928
1238.915,0.292831
1239.397,0.318374
1239.879,0.357037
1240.362,0.404191
1240.844,0.456951
1241.326,0.4663
1241.808,0.422732
1242.29,0.376409
1242.772,0.343232
1243.254,0.339921
1243.736,0.396503
1244.219,0.474566
1244.701,0.465657
1245.183,0.388449
1245.665,0.393008
1246.147,0.513373
1246.629,0.562943
1247.111,0.303868
1247.593,0.10599
1248.075,0.157079
1248.557,0.344095
1249.04,0.401614
1249.522,0.359365
1250.004,0.318902
1250.486,0.295168
1250.968,0.3053
1251.45,0.398122
1251.932,0.47566
1252.414,0.497494
1252.897,0.487581
1253.379,0.545042
1253.861,0.624563
1254.343,0.557962
1254.825,0.305275
1255.307,0.138684
1255.789,0.21844
1256.271,0.28985
1256.754,0.277124
1257.236,0.22036
1257.718,0.174811
1258.2,0.147332
1258.682,0.155277
1259.164,0.188833
1259.646,0.23944
1260.128,0.352934
1260.61,0.378962
1261.093,0.249197
1261.575,0.073394999
1262.057,0.021515001
1262.539,0.042008001
1263.021,0.046964999
1263.503,0.260274
1263.985,0.322248
1264.467,0.167012
1264.949,0.057096001
1265.432,0.078766003
1265.914,0.141284
1266.396,0.120062
1266.878,0.079645
1267.36,0.117062
1267.842,0.239908
1268.324,0.255195
1268.806,0.144026
1269.289,0.082170002
1269.771,0.127046
1270.253,0.208363
1270.735,0.295578
1271.217,0.358828
1271.699,0.362476
1272.181,0.314684
1272.663,0.231732
1273.146,0.115799
1273.628,0.062533997
1274.11,0.104781
1274.592,0.179754
1275.074,0.296001
1275.556,0.371189
1276.038,0.330048
1276.52,0.215523
1277.002,0.190361
1277.484,0.244698
1277.967,0.324989
1278.449,0.432597
1278.931,0.477516
1279.413,0.314047
1279.895,0.192947
1280.377,0.244624
1280.859,0.39614
1281.341,0.470594
1281.823,0.487821
1282.306,0.52
1282.788,0.593285
1283.27,0.58855
1283.752,0.411222
1284.234,0.224126
1284.716,0.096234001
1285.198,0.031578999
1285.68,0.096220002
1286.163,0.2316
1286.645,0.346693
1287.127,0.433242
1287.609,0.387867
1288.091,0.140821
1288.573,0.034804001
1289.055,0.056921002
1289.537,0.02476
1290.02,0.227205
1290.502,0.440928
1290.984,0.520713
1291.466,0.450147
1291.948,0.375188
1292.43,0.286797
1292.912,0.276495
1293.394,0.389235
1293.876,0.486677
1294.359,0.387475
1294.841,0.256354
1295.323,0.269533
1295.805,0.374842
1296.287,0.354941
1296.769,0.218325
1297.251,0.145406
1297.733,0.193823
1298.215,0.258292
1298.698,0.128777
1299.18,0.044353999
1299.662,0.159388
1300.144,0.365832
1300.626,0.39493
1301.108,0.293303
1301.59,0.238013
1302.072,0.265322
1302.555,0.257689
1303.037,0.121559
1303.519,0.021050001
1304.001,0.002692
1304.483,0.033555999
1304.965,0.026249999
1305.447,0.0
1500.0,0.0
