WavwNum_Pyrite,value_Pyrite
100.0,0.0
147.7724,0.0
148.2546,0.492972
148.7367,1.16468
149.2188,0.701703
149.7009,1.320495
150.183,0.010902
150.6651,0.266768
151.1473,0.382277
151.6294,1.538184
152.1115,0.148415
152.5936,0.370933
153.0757,1.250416
153.5578,1.291177
154.04,1.752213
154.5221,0.85838
155.0042,1.068895
155.4863,0.971176
155.9684,1.929585
156.4505,2.053679
156.9327,1.165925
157.4148,0.283883
157.8969,1.324674
158.379,0.537438
158.8611,0.724274
159.3432,0.101672
159.8254,0.056547999
160.3075,0.026705001
160.7896,0.449725
161.2717,0.532421
161.7538,0.538542
162.2359,0.627517
162.7181,0.982307
163.2002,1.393541
163.6823,1.569903
164.1644,1.139433
164.6465,0.643775
165.1286,0.408027
165.6108,0.533838
166.0929,0.657777
166.575,0.562507
167.0571,0.349772
167.5392,0.203767
168.0213,0.232801
168.5035,0.344295
168.9856,0.48869
169.4677,0.680333
169.9498,0.85334
170.4319,0.985595
170.914,1.068732
171.3962,1.078946
171.8783,0.942301
172.3604,0.754978
172.8425,0.600563
173.3246,0.467728
173.8067,0.385276
174.2889,0.416614
174.771,0.527234
175.2531,0.605833
175.7352,0.529252
176.2173,0.399153
176.6994,0.367393
177.1816,0.523049
177.6637,0.6932
178.1458,0.759175
178.6279,0.73585
179.11,0.6887
179.5921,0.659645
180.0743,0.648086
180.5564,0.628173
181.0385,0.59561
181.5206,0.551129
182.0027,0.461891
182.4848,0.335927
182.967,0.248036
183.4491,0.261362
183.9312,0.356586
184.4133,0.491861
184.8954,0.699091
185.3775,0.898861
185.8596,0.933912
186.3418,0.805162
186.8239,0.622973
187.306,0.431079
187.7881,0.246302
188.2702,0.161198
188.7523,0.240502
189.2345,0.400803
189.7166,0.436037
190.1987,0.341319
190.6808,0.21801
191.1629,0.148455
191.6451,0.12914
192.1272,0.134233
192.6093,0.171052
193.0914,0.222192
193.5735,0.225173
194.0556,0.174369
194.5378,0.116305
195.0199,0.106196
195.502,0.141187
195.9841,0.166834
196.4662,0.107254
196.9483,0.006629
197.4305,0.021692
197.9126,0.031389002
198.3947,0.13775
198.8768,0.211409
199.3589,0.277031
199.841,0.301891
200.3232,0.256081
200.8053,0.176849
201.2874,0.155797
201.7695,0.219679
202.2516,0.318843
202.7337,0.417231
203.2159,0.520103
203.698,0.572873
204.1801,0.558847
204.6622,0.481525
205.1443,0.352784
205.6264,0.150063
206.1086,0.033984002
206.5907,0.068786003
207.0728,0.080003999
207.5549,0.194809
208.037,0.20153
208.5191,0.116687
209.0013,0.110685
209.4834,0.217414
209.9655,0.336656
210.4476,0.356231
210.9297,0.247528
211.4118,0.139117
211.894,0.046195999
212.3761,0.029302999
212.8582,0.017085001
213.3403,0.124553
213.8224,0.289766
214.3045,0.374753
214.7867,0.361156
215.2688,0.327037
215.7509,0.276639
216.233,0.208894
216.7151,0.219334
217.1972,0.322768
217.6794,0.473542
218.1615,0.614921
218.6436,0.7765
219.1257,0.827302
219.6078,0.705745
220.0899,0.409551
220.5721,0.253653
221.0542,0.308095
221.5363,0.417237
222.0184,0.405488
222.5005,0.195957
222.9826,0.046932999
223.4648,0.038474001
223.9469,0.172625
224.429,0.236031
224.9111,0.19533
225.3932,0.122017
225.8753,0.090961002
226.3575,0.121783
226.8396,0.149008
227.3217,0.159505
227.8038,0.153336
228.2859,0.137521
228.768,0.101769
229.2502,0.068084002
229.7323,0.059891
230.2144,0.091131002
230.6965,0.121401
231.1786,0.147747
231.6607,0.166595
232.1429,0.163884
232.625,0.120306
233.1071,0.077878997
233.5892,0.079752997
234.0713,0.166862
234.5534,0.225865
235.0356,0.209193
235.5177,0.115019
235.9998,0.064788997
236.4819,0.079131998
236.964,0.114075
237.4461,0.127336
237.9283,0.085106
238.4104,0.091821998
238.8925,0.194836
239.3746,0.385534
239.8567,0.462887
240.3388,0.339114
240.821,0.204834
241.3031,0.2359
241.7852,0.603941
242.2673,0.780058
242.7494,0.608476
243.2315,0.132357
243.7137,0.129918
244.1958,0.088620998
244.6779,0.052425999
245.16,0.153052
245.6421,0.19663
246.1242,0.23594
246.6064,0.297095
247.0885,0.366314
247.5706,0.327548
248.0527,0.076628998
248.5348,0.144733
249.0169,0.15601
249.499,0.183232
249.9812,0.413677
250.4633,0.472681
250.9454,0.39144
251.4275,0.316267
251.9096,0.255044
252.3917,0.188775
252.8739,0.092382997
253.356,0.094936997
253.8381,0.156326
254.3202,0.019436
254.8023,0.246334
255.2844,0.378127
255.7666,0.312027
256.2487,0.227379
256.7308,0.230615
257.2129,0.384726
257.695,0.446013
258.1772,0.356795
258.6593,0.186267
259.1414,0.133795
259.6235,0.272099
260.1056,0.39679
260.5877,0.395238
261.0699,0.192848
261.552,0.107072
262.0341,0.179724
262.5162,0.345499
262.9983,0.479294
263.4804,0.595474
263.9626,0.638833
264.4447,0.566222
264.9268,0.340509
265.4089,0.210884
265.891,0.207424
266.3731,0.268586
266.8553,0.281977
267.3374,0.221203
267.8195,0.189079
268.3016,0.253146
268.7837,0.440852
269.2658,0.465583
269.748,0.261096
270.2301,0.018878
270.7122,0.130885
271.1943,0.02947
271.6764,0.080848001
272.1585,0.135568
272.6407,0.134883
273.1228,0.136279
273.6049,0.149093
274.087,0.146009
274.5691,0.069519997
275.0512,0.108509
275.5334,0.211637
276.0155,0.170499
276.4976,0.001153
276.9797,0.119482
277.4618,0.181512
277.9439,0.222015
278.426,0.281934
278.9081,0.365003
279.3903,0.425547
279.8724,0.439326
280.3545,0.423578
280.8366,0.491127
281.3187,0.674204
281.8008,0.802637
282.283,0.64718
282.7651,0.199479
283.2472,0.031645
283.7293,0.109409
284.2114,0.479218
284.6935,0.650638
285.1757,0.611798
285.6578,0.501621
286.1399,0.412357
286.622,0.341295
287.1041,0.244958
287.5862,0.103157
288.0684,0.045136001
288.5505,0.114528
289.0326,0.105443
289.5147,0.064663999
289.9968,0.013536
290.4789,0.111925
290.9611,0.103675
291.4432,0.054784
291.9253,0.233702
292.4074,0.190122
292.8895,0.053872
293.3716,0.269662
293.8538,0.30385
294.3359,0.215218
294.818,0.194057
295.3001,0.256213
295.7822,0.348452
296.2643,0.428395
296.7465,0.489945
297.2286,0.507372
297.7107,0.447669
298.1928,0.340093
298.6749,0.225613
299.157,0.100422
299.6392,0.026497999
300.1213,0.114492
300.6034,0.307665
301.0855,0.457082
301.5676,0.49006
302.0497,0.46031
302.5319,0.409087
303.014,0.332227
303.4961,0.279498
303.9782,0.320823
304.4603,0.407958
304.9424,0.457333
305.4246,0.434622
305.9067,0.376191
306.3888,0.279683
306.8709,0.167655
307.353,0.115017
307.8351,0.216722
308.3173,0.368253
308.7994,0.436198
309.2815,0.363821
309.7636,0.26479
310.2457,0.216774
310.7278,0.211697
311.21,0.223229
311.6921,0.275639
312.1742,0.336059
312.6563,0.342392
313.1384,0.26232
313.6205,0.217411
314.1027,0.318596
314.5848,0.498857
315.0669,0.642183
315.549,0.72856
316.0311,0.742774
316.5132,0.627495
316.9954,0.358016
317.4775,0.170804
317.9596,0.240984
318.4417,0.422785
318.9238,0.552678
319.4059,0.497455
319.8881,0.454265
320.3702,0.520627
320.8523,0.693679
321.3344,0.836862
321.8165,0.848841
322.2986,0.848945
322.7808,0.927803
323.2629,1.017445
323.745,1.279819
324.2271,1.716479
324.7092,2.338719
325.1913,3.219357
325.6735,4.64784
326.1556,6.134278
326.6377,7.450551
327.1198,8.776742
327.6019,9.645763
328.084,9.779819
328.5662,9.422035
329.0483,9.209084
329.5304,9.108256
330.0125,9.184777
330.4946,9.494408
330.9767,10.1539
331.4589,10.72169
331.941,11.13476
332.4231,11.48572
332.9052,11.89963
333.3873,12.41237
333.8694,12.94368
334.3516,13.45369
334.8337,13.92661
335.3158,14.5257
335.7979,15.28417
336.28,16.12447
336.7621,16.91472
337.2443,17.51364
337.7264,18.43377
338.2085,19.65802
338.6906,21.25363
339.1727,23.76262
339.6548,27.36635
340.137,31.47273
340.6191,35.86548
341.1012,40.52447
341.5833,44.93758
342.0654,48.76175
342.5475,52.56051
343.0297,58.93831
343.5118,68.64768
343.9939,74.96194
344.476,73.39857
344.9581,64.48931
345.4402,53.85433
345.9224,41.1263
346.4045,28.59667
346.8866,19.67896
347.3687,14.15623
347.8508,10.35015
348.3329,8.033051
348.8151,6.851799
349.2972,5.902184
349.7793,5.182301
350.2614,4.643612
350.7435,4.383366
351.2256,4.290024
351.7078,4.034867
352.1899,3.442822
352.672,2.723242
353.1541,2.121705
353.6362,1.636499
354.1183,1.291682
354.6005,1.181726
355.0826,1.196165
355.5647,1.173649
356.0468,1.068952
356.5289,0.969563
357.011,0.945873
357.4932,0.984587
357.9753,1.054648
358.4574,1.168977
358.9395,1.290231
359.4216,1.33435
359.9037,1.2725
360.3859,1.369534
360.868,1.782954
361.3501,2.436922
361.8322,3.238998
362.3143,4.344964
362.7964,5.420904
363.2786,6.381884
363.7607,7.214061
364.2428,7.814277
364.7249,7.933132
365.207,7.93123
365.6891,8.054766
366.1713,8.445563
366.6534,8.84384
367.1355,9.215347
367.6176,9.560903
368.0997,9.877796
368.5818,10.07883
369.064,10.32556
369.5461,10.68751
370.0282,11.21753
370.5103,11.74246
370.9924,12.21816
371.4745,12.71122
371.9567,13.30782
372.4388,13.98468
372.9209,14.78013
373.403,15.60047
373.8851,16.43866
374.3672,17.93075
374.8494,20.16699
375.3315,22.95668
375.8136,26.19624
376.2957,30.07285
376.7778,33.86792
377.2599,37.43657
377.7421,40.88327
378.2242,44.44033
378.7063,48.01164
379.1884,51.95732
379.6705,58.00739
380.1526,66.2601
380.6348,67.82835
381.1169,61.44423
381.599,50.82974
382.0811,39.97008
382.5632,29.07368
383.0453,20.01908
383.5275,13.96604
384.0096,10.28849
384.4917,7.615998
384.9738,5.962062
385.4559,4.847908
385.938,3.944383
386.4202,3.242203
386.9023,2.715528
387.3844,2.3785
387.8665,2.172923
388.3486,2.099463
388.8307,2.121828
389.3129,2.087806
389.795,1.828839
390.2771,1.495084
390.7592,1.259032
391.2413,1.159066
391.7234,1.079882
392.2056,0.931543
392.6877,0.756873
393.1698,0.619956
393.6519,0.562065
394.134,0.529087
394.6161,0.490691
395.0983,0.446974
395.5804,0.427829
396.0625,0.48919
396.5446,0.554224
397.0267,0.564993
397.5089,0.475065
397.991,0.372063
398.4731,0.243693
398.9552,0.10905
399.4373,0.026997
399.9194,0.052080002
400.4016,0.089094996
400.8837,0.096138
401.3658,0.058490001
401.8479,0.055674002
402.33,0.136189
402.8121,0.221839
403.2942,0.211229
403.7763,0.049408
404.2585,0.106865
404.7406,0.237956
405.2227,0.341304
405.7048,0.373194
406.1869,0.314141
406.669,0.218947
407.1512,0.127671
407.6333,0.029066
408.1154,0.010785
408.5975,0.036270998
409.0796,0.114252
409.5617,0.100511
410.0439,0.0075409999
410.526,0.099276997
411.0081,0.102166
411.4902,0.041223999
411.9723,0.013453
412.4544,0.017416
412.9366,0.071726002
413.4187,0.245334
413.9008,0.489866
414.3829,0.657134
414.865,0.672595
415.3471,0.632007
415.8293,0.650925
416.3114,0.720861
416.7935,0.801718
417.2756,0.88094
417.7577,0.95268
418.2398,1.003907
418.722,1.0271
419.2041,1.055575
419.6862,1.14361
420.1683,1.244455
420.6504,1.284545
421.1325,1.148292
421.6147,1.02729
422.0968,1.006042
422.5789,1.084936
423.061,1.202922
423.5431,1.328044
424.0252,1.499799
424.5074,1.742644
424.9895,2.156446
425.4716,2.515608
425.9537,2.781197
426.4358,2.985754
426.9179,3.198575
427.4001,3.387147
427.8822,3.627879
428.3643,3.966308
428.8464,4.427585
429.3285,4.815741
429.8106,5.143549
430.2928,5.380705
430.7749,5.511397
431.257,5.549257
431.7391,5.415663
432.2212,5.087397
432.7033,4.585896
433.1855,3.900468
433.6676,2.99564
434.1497,2.199041
434.6318,1.757513
435.1139,1.617513
435.596,1.465983
436.0782,1.289216
436.5603,1.088759
437.0424,0.816471
437.5245,0.51179
438.0066,0.318573
438.4887,0.344893
438.9709,0.467557
439.453,0.542358
439.9351,0.574238
440.4172,0.579052
440.8993,0.550473
441.3814,0.508752
441.8636,0.470783
442.3457,0.43279
442.8278,0.419699
443.3099,0.508211
443.792,0.620664
444.2741,0.631921
444.7563,0.387725
445.2384,0.137007
445.7205,0.040465001
446.2026,0.139433
446.6847,0.15315
447.1668,0.00045799999
447.649,0.178229
448.1311,0.295083
448.6132,0.338163
449.0953,0.330677
449.5774,0.231928
450.0595,0.093009003
450.5417,0.030185999
451.0238,0.083465002
451.5059,0.140041
451.988,0.168545
452.4701,0.172843
452.9522,0.163759
453.4344,0.137424
453.9165,0.106605
454.3986,0.079717003
454.8807,0.056327
455.3628,0.047028001
455.8449,0.058293998
456.3271,0.077096
456.8092,0.055775002
457.2913,0.00037299999
457.7734,0.0042920001
458.2555,0.159814
458.7376,0.393293
459.2198,0.454205
459.7019,0.326168
460.184,0.192686
460.6661,0.240706
461.1482,0.386799
461.6303,0.498245
462.1125,0.542031
462.5946,0.513604
463.0767,0.340874
463.5588,0.088330001
464.0409,0.060252
464.523,0.074947998
465.0052,0.265603
465.4873,0.378499
465.9694,0.38154
466.4515,0.380729
466.9336,0.412758
467.4157,0.450343
467.8979,0.467868
468.38,0.461324
468.8621,0.4202
469.3442,0.309374
469.8263,0.15765
470.3084,0.082822002
470.7906,0.117774
471.2727,0.182012
471.7548,0.243164
472.2369,0.298367
472.719,0.385921
473.2011,0.541178
473.6833,0.663584
474.1654,0.593508
474.6475,0.319345
475.1296,0.125249
475.6117,0.095338002
476.0938,0.16326
476.576,0.177515
477.0581,0.135977
477.5402,0.092444003
478.0223,0.074146003
478.5044,0.087684996
478.9865,0.176833
479.4687,0.354398
479.9508,0.481877
480.4329,0.347986
480.915,0.105587
481.3971,0.010842
481.8792,0.199817
482.3614,0.421745
482.8435,0.436903
483.3256,0.302275
483.8077,0.193949
484.2898,0.150273
484.7719,0.173503
485.2541,0.303658
485.7362,0.597783
486.2183,0.761429
486.7004,0.661759
487.1825,0.462943
487.6646,0.317218
488.1468,0.263298
488.6289,0.211818
489.111,0.135615
489.5931,0.043547999
490.0752,0.002389
490.5573,0.002166
491.0395,0.048066001
491.5216,0.173505
492.0037,0.378811
492.4858,0.526779
492.9679,0.601746
493.45,0.612523
493.9322,0.551068
494.4143,0.42588
494.8964,0.285058
495.3785,0.113656
495.8606,0.026752001
496.3427,0.018777
496.8249,0.10774
497.307,0.240993
497.7891,0.332148
498.2712,0.390239
498.7533,0.421458
499.2354,0.426477
499.7176,0.408853
500.1997,0.323428
500.6818,0.240003
501.1639,0.231666
501.646,0.420036
502.1281,0.531987
502.6103,0.43054
503.0924,0.202873
503.5745,0.031463001
504.0566,0.045816001
504.5387,0.067996003
505.0208,0.013589
505.503,0.116361
505.9851,0.201374
506.4672,0.241678
506.9493,0.234844
507.4314,0.156277
507.9135,0.031539999
508.3957,0.119234
508.8778,0.068166003
509.3599,0.053792998
509.842,0.139712
510.3241,0.189638
510.8062,0.225497
511.2884,0.240954
511.7705,0.252526
512.2526,0.309612
512.7347,0.408317
513.2168,0.502786
513.6989,0.604337
514.181,0.665735
514.6631,0.573876
515.1453,0.265485
515.6274,0.032396
516.1095,0.171653
516.5916,0.477777
517.0737,0.681105
517.5558,0.628741
518.038,0.522615
518.5201,0.399308
519.0022,0.271585
519.4843,0.192698
519.9664,0.184594
520.4485,0.218275
520.9307,0.299941
521.4128,0.463935
521.8949,0.516041
522.377,0.390521
522.8591,0.245054
523.3412,0.267686
523.8234,0.519876
524.3055,0.648643
524.7876,0.576857
525.2697,0.384873
525.7518,0.233808
526.2339,0.122825
526.7161,0.080548003
527.1982,0.162431
527.6803,0.317849
528.1624,0.41583
528.6445,0.458534
529.1266,0.477679
529.6088,0.497511
530.0909,0.512984
530.573,0.504169
531.0551,0.464783
531.5372,0.422163
532.0193,0.418675
532.5015,0.416894
532.9836,0.358706
533.4657,0.101522
533.9478,0.088448003
534.4299,0.078124002
534.912,0.108459
535.3942,0.226133
535.8763,0.166562
536.3584,0.118106
536.8405,0.175425
537.3226,0.39032
537.8047,0.500968
538.2869,0.474552
538.769,0.387827
539.2511,0.311673
539.7332,0.248268
540.2153,0.242568
540.6974,0.326733
541.1796,0.44087
541.6617,0.440675
542.1438,0.338544
542.6259,0.261002
543.108,0.321535
543.5901,0.430834
544.0723,0.43855
544.5544,0.348545
545.0365,0.227635
545.5186,0.055006001
546.0007,0.089454003
546.4828,0.111943
546.965,0.052239001
547.4471,0.216752
547.9292,0.353796
548.4113,0.432509
548.8934,0.409758
549.3755,0.059687
549.8577,0.1499
550.3398,0.042539999
550.8219,0.307407
551.304,0.503463
551.7861,0.491332
552.2682,0.418874
552.7504,0.325251
553.2325,0.200816
553.7146,0.183112
554.1967,0.304871
554.6788,0.453714
555.1609,0.505435
555.6431,0.46989
556.1252,0.43045
556.6073,0.403479
557.0894,0.374547
557.5715,0.318173
558.0536,0.242606
558.5358,0.171378
559.0179,0.098273002
559.5,0.048572998
559.9821,0.050317001
560.4642,0.098513
560.9464,0.160652
561.4285,0.248459
561.9106,0.322855
562.3927,0.351287
562.8748,0.303175
563.3569,0.311594
563.8391,0.469562
564.3212,0.644261
564.8033,0.716027
565.2854,0.632462
565.7675,0.547175
566.2496,0.480652
566.7318,0.423665
567.2139,0.313563
567.696,0.127034
568.1781,0.012513
568.6602,0.068511002
569.1423,0.236332
569.6245,0.304812
570.1066,0.275755
570.5887,0.218314
571.0708,0.158406
571.5529,0.1134
572.035,0.120721
572.5172,0.197363
572.9993,0.265882
573.4814,0.263895
573.9635,0.224092
574.4456,0.183158
574.9277,0.098462
575.4099,0.074028
575.892,0.21631
576.3741,0.4446
576.8562,0.533952
577.3383,0.30423
577.8204,0.125037
578.3026,0.114303
578.7847,0.267784
579.2668,0.34112
579.7489,0.309169
580.231,0.258471
580.7131,0.256757
581.1953,0.302861
581.6774,0.297715
582.1595,0.227681
582.6416,0.150175
583.1237,0.150874
583.6058,0.202023
584.088,0.212781
584.5701,0.131424
585.0522,0.045926001
585.5343,0.069922999
586.0164,0.158975
586.4985,0.205093
586.9807,0.057659999
587.4628,0.052469
587.9449,0.054382998
588.427,0.366981
588.9091,0.55097
589.3912,0.431067
589.8734,0.257153
590.3555,0.145241
590.8376,0.101249
591.3197,0.110465
591.8018,0.201815
592.2839,0.301156
592.7661,0.317128
593.2482,0.23417
593.7303,0.166235
594.2124,0.126627
594.6945,0.119133
595.1766,0.162053
595.6588,0.24659
596.1409,0.32814
596.623,0.402982
597.1051,0.453021
597.5872,0.439796
598.0693,0.374653
598.5515,0.315951
599.0336,0.318928
599.5157,0.317923
599.9978,0.275571
600.4799,0.182254
600.962,0.098362997
601.4442,0.014116
601.9263,0.039889999
602.4084,0.037944
602.8905,0.074073002
603.3726,0.136759
603.8547,0.119002
604.3369,0.069247998
604.819,0.072081998
605.3011,0.128047
605.7832,0.174658
606.2653,0.186468
606.7474,0.186056
607.2296,0.25608
607.7117,0.372572
608.1938,0.431836
608.6759,0.280216
609.158,0.063864
609.6401,0.005316
610.1223,0.072140999
610.6044,0.157896
611.0865,0.157636
611.5686,0.14278
612.0507,0.181744
612.5328,0.327574
613.015,0.405449
613.4971,0.30769
613.9792,0.165057
614.4613,0.114663
614.9434,0.222296
615.4255,0.291739
615.9077,0.297607
616.3898,0.260181
616.8719,0.219325
617.354,0.173139
617.8361,0.126826
618.3182,0.069366001
618.8004,0.021475
619.2825,0.063721001
619.7646,0.183241
620.2467,0.268983
620.7288,0.208186
621.2109,0.096257001
621.6931,0.038208
622.1752,0.040786002
622.6573,0.079044998
623.1394,0.203525
623.6215,0.319133
624.1036,0.343949
624.5858,0.202238
625.0679,0.090424001
625.55,0.018158
626.0321,0.01062
626.5142,0.026369
626.9963,0.185179
627.4785,0.253652
627.9606,0.162391
628.4427,0.0033859999
628.9248,0.022293
629.4069,0.106557
629.889,0.223923
630.3712,0.261725
630.8533,0.245869
631.3354,0.202692
631.8175,0.140786
632.2996,0.115281
632.7817,0.2033
633.2639,0.321419
633.746,0.40866
634.2281,0.457023
634.7102,0.444697
635.1923,0.257051
635.6744,0.073876001
636.1566,0.035310999
636.6387,0.280875
637.1208,0.440444
637.6029,0.489979
638.085,0.453778
638.5671,0.343296
639.0493,0.13713
639.5314,0.0086970003
640.0135,0.0029130001
640.4956,0.068773001
640.9777,0.111732
641.4598,0.13113
641.942,0.155813
642.4241,0.205638
642.9062,0.258811
643.3883,0.28385
643.8704,0.297648
644.3525,0.33384
644.8347,0.461701
645.3168,0.551818
645.7989,0.516466
646.281,0.328102
646.7631,0.219084
647.2452,0.309196
647.7274,0.418023
648.2095,0.438705
648.6916,0.313832
649.1737,0.298767
649.6558,0.442712
650.1379,0.596727
650.6201,0.553756
651.1022,0.329154
651.5843,0.204618
652.0664,0.254358
652.5485,0.361205
653.0306,0.348947
653.5128,0.264496
653.9949,0.217484
654.477,0.328706
654.9591,0.41687
655.4412,0.308386
655.9233,0.078628004
656.4055,0.050941002
656.8876,0.061646
657.3697,0.208834
657.8518,0.343337
658.3339,0.461951
658.816,0.516823
659.2982,0.486818
659.7803,0.4299
660.2624,0.373514
660.7445,0.320398
661.2266,0.274142
661.7087,0.231106
662.1909,0.222014
662.673,0.302736
663.1551,0.434865
663.6372,0.542802
664.1193,0.622479
664.6014,0.637428
665.0836,0.482121
665.5657,0.276681
666.0478,0.169856
666.5299,0.307625
667.012,0.408473
667.4941,0.375162
667.9763,0.270194
668.4584,0.206337
668.9405,0.190929
669.4226,0.202616
669.9047,0.23845
670.3868,0.297399
670.869,0.391179
671.3511,0.524232
671.8332,0.621667
672.3153,0.65585
672.7974,0.626809
673.2795,0.475991
673.7617,0.230587
674.2438,0.081557997
674.7259,0.277146
675.208,0.539654
675.6901,0.612939
676.1722,0.461398
676.6544,0.338011
677.1365,0.373817
677.6186,0.426052
678.1007,0.389298
678.5828,0.19028
679.0649,0.110276
679.5471,0.200628
680.0292,0.338931
680.5113,0.399215
680.9934,0.381228
681.4755,0.334214
681.9576,0.250337
682.4398,0.184521
682.9219,0.251448
683.404,0.39862
683.8861,0.481202
684.3682,0.428251
684.8503,0.339367
685.3325,0.270874
685.8146,0.221495
686.2967,0.187055
686.7788,0.119346
687.2609,0.119539
687.743,0.301188
688.2252,0.588987
688.7073,0.65236
689.1894,0.389001
689.6715,0.125902
690.1536,0.023940001
690.6357,0.069293
691.1179,0.038968999
691.6,0.069427997
692.0821,0.180652
692.5642,0.278287
693.0463,0.334124
693.5284,0.265182
694.0106,0.071213
694.4927,0.087237
694.9748,0.069665
695.4569,0.002204
695.939,0.029826
696.4211,0.016594
696.9033,0.054726001
697.3854,0.096470997
697.8675,0.113234
698.3496,0.068186
698.8317,0.073633999
699.3138,0.154355
699.796,0.161613
700.2781,0.112263
700.7602,0.019687001
701.2423,0.207985
701.7244,0.276086
702.2065,0.145912
702.6887,0.035693999
703.1708,0.101898
703.6529,0.094976
704.135,0.093875997
704.6171,0.115093
705.0992,0.163658
705.5814,0.302011
706.0635,0.474118
706.5456,0.503798
707.0277,0.266533
707.5098,0.056488998
707.9919,0.073439002
708.4741,0.123422
708.9562,0.057679001
709.4383,0.143679
709.9204,0.290775
710.4025,0.228245
710.8846,0.055612002
711.3667,0.062084001
711.8488,0.225855
712.3309,0.367389
712.813,0.332814
713.2952,0.249276
713.7773,0.22814
714.2594,0.276714
714.7415,0.316181
715.2236,0.320136
715.7057,0.298016
716.1879,0.246401
716.67,0.140307
717.1521,0.113109
717.6342,0.188523
718.1163,0.293157
718.5984,0.372015
719.0806,0.423719
719.5627,0.427985
720.0448,0.378498
720.5269,0.309663
721.009,0.239543
721.4911,0.1788
721.9733,0.146657
722.4554,0.160785
722.9375,0.174246
723.4196,0.152342
723.9017,0.122365
724.3839,0.11994
724.866,0.208491
725.3481,0.235358
725.8302,0.156394
726.3123,0.035468001
726.7944,0.0052060001
727.2766,0.041019998
727.7587,0.089249
728.2408,0.11784
728.7229,0.137358
729.205,0.165995
729.6871,0.201286
730.1693,0.233997
730.6514,0.288829
731.1335,0.314125
731.6156,0.244722
732.0977,0.112091
732.5798,0.016773
733.062,0.031475998
733.5441,0.018748
734.0262,0.096988
734.5083,0.286358
734.9904,0.353793
735.4725,0.263971
735.9547,0.174876
736.4368,0.171542
736.9189,0.224893
737.401,0.200725
737.8831,0.108128
738.3652,0.056453999
738.8474,0.187862
739.3295,0.353095
739.8116,0.374355
740.2937,0.248038
740.7758,0.158536
741.2579,0.20603
741.7401,0.286477
742.2222,0.346336
742.7043,0.384022
743.1864,0.408162
743.6685,0.429218
744.1506,0.416498
744.6328,0.32064
745.1149,0.151524
745.597,0.053167999
746.0791,0.033417001
746.5612,0.074894004
747.0433,0.2193
747.5255,0.393976
748.0076,0.488469
748.4897,0.485018
748.9718,0.427542
749.4539,0.256032
749.936,0.085936002
750.4182,0.029417999
750.9003,0.197714
751.3824,0.284743
751.8645,0.271708
752.3466,0.194381
752.8287,0.089681
753.3109,0.041586999
753.793,0.113794
754.2751,0.121257
754.7572,0.067460999
755.2393,0.116278
755.7214,0.346803
756.2036,0.454048
756.6857,0.324924
757.1678,0.191612
757.6499,0.203617
758.132,0.279799
758.6141,0.302903
759.0963,0.165257
759.5784,0.097760998
760.0605,0.168674
760.5426,0.301782
761.0247,0.326504
761.5068,0.232073
761.989,0.208188
762.4711,0.331395
762.9532,0.487885
763.4353,0.491592
763.9174,0.381628
764.3995,0.25511
764.8817,0.091596
765.3638,0.007609
765.8459,0.06047
766.328,0.227729
766.8101,0.336235
767.2922,0.28662
767.7744,0.27244
768.2565,0.355458
768.7386,0.485708
769.2207,0.509428
769.7028,0.418516
770.1849,0.313997
770.6671,0.207774
771.1492,0.134919
771.6313,0.201279
772.1134,0.365897
772.5955,0.486328
773.0776,0.431704
773.5598,0.365961
774.0419,0.421414
774.524,0.558945
775.0061,0.592598
775.4882,0.360394
775.9703,0.204567
776.4525,0.251184
776.9346,0.446024
777.4167,0.494247
777.8988,0.383934
778.3809,0.29711
778.863,0.362097
779.3452,0.487526
779.8273,0.491136
780.3094,0.392338
780.7915,0.281752
781.2736,0.151067
781.7557,0.076410003
782.2379,0.151794
782.72,0.360763
783.2021,0.455806
783.6842,0.30654
784.1663,0.209986
784.6484,0.313769
785.1306,0.575611
785.6127,0.611704
786.0948,0.408977
786.5769,0.222151
787.059,0.233584
787.5411,0.352131
788.0233,0.438442
788.5054,0.491632
788.9875,0.516449
789.4696,0.226209
789.9517,0.56847
790.4338,0.761895
790.916,0.813665
791.3981,0.302964
791.8802,0.519629
792.3623,0.445051
792.8444,0.358584
793.3265,0.677724
793.8087,0.249612
794.2908,0.562434
794.7729,0.57957
795.255,0.732119
795.7371,0.591657
796.2192,0.541812
796.7014,0.785221
797.1835,0.866342
797.6656,0.692403
798.1477,0.853967
798.6298,0.416258
799.1119,0.504529
799.5941,0.819772
800.0762,0.660863
800.5583,0.828077
801.0404,0.871166
801.5225,0.349951
802.0046,0.810276
802.4868,0.846203
802.9689,0.44636
803.451,0.873231
803.9331,0.533589
804.4152,0.467625
804.8973,0.607635
805.3795,0.533046
805.8616,0.796976
806.3437,0.734957
806.8258,0.64389
807.3079,0.680009
807.79,0.355952
808.2722,0.700264
808.7543,0.588133
809.2364,0.70304
809.7185,0.869514
810.2006,0.588812
810.6827,0.505497
811.1649,0.469104
811.647,0.589304
812.1291,0.732729
812.6112,0.78378
813.0933,0.737678
813.5754,0.736651
814.0576,0.882223
814.5397,0.980596
815.0218,0.933873
815.5039,0.75515
815.986,0.669695
816.4681,0.68358
816.9503,0.70676
817.4324,0.67286
817.9145,0.614347
818.3966,0.5942
818.8787,0.607385
819.3608,0.613817
819.843,0.567391
820.3251,0.531032
820.8072,0.552837
821.2893,0.632533
821.7714,0.672893
822.2535,0.662018
822.7357,0.634108
823.2178,0.593827
823.6999,0.549079
824.182,0.531384
824.6641,0.540755
825.1462,0.577093
825.6284,0.705806
826.1105,0.813466
826.5926,0.751247
827.0747,0.553495
827.5568,0.402322
828.0389,0.369141
828.5211,0.381651
829.0032,0.433617
829.4853,0.511839
829.9674,0.525867
830.4495,0.454795
830.9316,0.435889
831.4138,0.549135
831.8959,0.734241
832.378,0.891397
832.8601,1.01169
833.3422,1.062773
833.8243,0.968148
834.3065,0.85694
834.7886,0.811658
835.2707,0.812535
835.7528,0.774335
836.2349,0.625277
836.717,0.556057
837.1992,0.645888
837.6813,0.823154
838.1634,0.875373
838.6455,0.811518
839.1276,0.764259
839.6097,0.815402
840.0919,0.868772
840.574,0.764816
841.0561,0.580796
841.5382,0.489186
842.0203,0.653851
842.5024,0.796143
842.9846,0.850996
843.4667,0.83653
843.9488,0.758525
844.4309,0.583641
844.913,0.520498
845.3951,0.643021
845.8773,0.81797
846.3594,0.833506
846.8415,0.746703
847.3236,0.702792
847.8057,0.777415
848.2878,0.830593
848.77,0.732868
849.2521,0.581727
849.7342,0.517638
850.2163,0.622168
850.6984,0.688448
851.1805,0.691294
851.6627,0.671588
852.1448,0.697442
852.6269,0.759748
853.109,0.76493
853.5911,0.672127
854.0732,0.593066
854.5554,0.676599
855.0375,0.83721
855.5196,0.978146
856.0017,1.099003
856.4838,1.146611
856.9659,1.06405
857.4481,0.946154
857.9302,0.858643
858.4123,0.802722
858.8944,0.779602
859.3765,0.79363
859.8586,0.817008
860.3408,0.80684
860.8229,0.79271
861.305,0.849192
861.7871,0.990768
862.2692,1.081472
862.7513,1.0144
863.2335,0.904569
863.7156,0.818339
864.1977,0.756548
864.6798,0.751988
865.1619,0.831412
865.644,0.89312
866.1262,0.845332
866.6083,0.734951
867.0904,0.717249
867.5725,0.773946
868.0546,0.80959
868.5367,0.757328
869.0189,0.681283
869.501,0.617608
869.9831,0.574607
870.4652,0.567027
870.9473,0.599452
871.4294,0.629454
871.9116,0.63555
872.3937,0.62922
872.8758,0.68268
873.3579,0.787316
873.84,0.834461
874.3221,0.718131
874.8043,0.562479
875.2864,0.488132
875.7685,0.477192
876.2506,0.48856
876.7327,0.558137
877.2148,0.584252
877.697,0.50204
878.1791,0.388321
878.6612,0.434548
879.1433,0.662505
879.6254,0.809358
880.1075,0.803981
880.5897,0.719524
881.0718,0.626933
881.5539,0.541491
882.036,0.472745
882.5181,0.409434
883.0002,0.371698
883.4824,0.385448
883.9645,0.41939
884.4466,0.422261
884.9287,0.381144
885.4108,0.365409
885.8929,0.388505
886.3751,0.405627
886.8572,0.339306
887.3393,0.229497
887.8214,0.180089
888.3035,0.209707
888.7856,0.249407
889.2678,0.266036
889.7499,0.272199
890.232,0.271921
890.7141,0.261589
891.1962,0.272649
891.6783,0.322577
892.1605,0.349668
892.6426,0.283101
893.1247,0.159593
893.6068,0.142239
894.0889,0.221657
894.571,0.297843
895.0532,0.300388
895.5353,0.28573
896.0174,0.310969
896.4995,0.365828
896.9816,0.339663
897.4637,0.162063
897.9459,0.025294
898.428,0.002899
898.9101,0.041816998
899.3922,0.063005999
899.8743,0.063800998
900.3564,0.066519
900.8386,0.101562
901.3207,0.122418
901.8028,0.034304999
902.2849,0.098288998
902.767,0.165122
903.2491,0.058557998
903.7313,0.0028979999
904.2134,0.052230999
904.6955,0.116211
905.1776,0.031107999
905.6597,0.188145
906.1418,0.296634
906.624,0.246267
907.1061,0.150008
907.5882,0.092106
908.0703,0.065286003
908.5524,0.070487
909.0345,0.132209
909.5167,0.135639
909.9988,0.0054549999
910.4809,0.112765
910.963,0.112136
911.4451,0.010529
911.9272,0.063372001
912.4094,0.044736002
912.8915,0.015402
913.3736,0.0089330003
913.8557,0.023943
914.3378,0.079662003
914.8199,0.166757
915.3021,0.210876
915.7842,0.124668
916.2663,0.072287999
916.7484,0.134828
917.2305,0.274104
917.7126,0.335837
918.1948,0.319667
918.6769,0.269018
919.159,0.18237
919.6411,0.095867001
920.1232,0.043116
920.6053,0.025884001
921.0875,0.048005
921.5696,0.190253
922.0517,0.266722
922.5338,0.236731
923.0159,0.143515
923.498,0.0096070003
923.9802,0.170924
924.4623,0.227127
924.9444,0.122613
925.4265,0.013042
925.9086,0.063486002
926.3907,0.054465
926.8729,0.0046529998
927.355,0.131994
927.8371,0.175288
928.3192,0.031773999
928.8013,0.217164
929.2834,0.229205
929.7656,0.069380999
930.2477,0.033844002
930.7298,0.081217997
931.2119,0.072640002
931.694,0.034350999
932.1761,0.169751
932.6583,0.248415
933.1404,0.278536
933.6225,0.295251
934.1046,0.284464
934.5867,0.296171
935.0688,0.365215
935.551,0.453219
936.0331,0.45438
936.5152,0.367545
936.9973,0.293716
937.4794,0.267658
937.9615,0.240902
938.4437,0.10409
938.9258,0.052271001
939.4079,0.076076001
939.89,0.189778
940.3721,0.330354
940.8542,0.167144
941.3364,0.020563001
941.8185,0.031106999
942.3006,0.333871
942.7827,0.413493
943.2648,0.244914
943.7469,0.058054999
944.2291,0.031415001
944.7112,0.088368997
945.1933,0.183995
945.6754,0.305929
946.1575,0.350399
946.6396,0.202919
947.1218,0.088780999
947.6039,0.086364001
948.086,0.162275
948.5681,0.184417
949.0502,0.158694
949.5323,0.163952
950.0145,0.260701
950.4966,0.357424
950.9787,0.348222
951.4608,0.282809
951.9429,0.242151
952.425,0.292559
952.9072,0.293886
953.3893,0.209629
953.8714,0.117867
954.3535,0.113281
954.8356,0.18526
955.3177,0.2717
955.7999,0.36839
956.282,0.437406
956.764,0.4685
957.2462,0.444863
957.7283,0.311212
958.2104,0.046893001
958.6925,0.065366
959.1746,0.035301
959.6567,0.173395
960.1389,0.287317
960.621,0.368973
961.1031,0.385287
961.5852,0.343922
962.0673,0.291494
962.5494,0.252053
963.0316,0.215114
963.5137,0.132606
963.9958,0.049488001
964.4779,0.061648998
964.96,0.220995
965.4421,0.345301
965.9243,0.41956
966.4064,0.445541
966.8885,0.389271
967.3706,0.292637
967.8527,0.26306
968.3348,0.315179
968.817,0.374358
969.2991,0.405962
969.7812,0.427806
970.2633,0.464463
970.7454,0.516869
971.2275,0.519028
971.7097,0.471083
972.1918,0.370779
972.6739,0.136386
973.156,0.091030002
973.6381,0.01377
974.1202,0.333382
974.6024,0.535699
975.0845,0.368618
975.5666,0.219971
976.0487,0.203867
976.5308,0.250258
977.0129,0.263798
977.4951,0.243553
977.9772,0.215421
978.4593,0.183208
978.9414,0.140631
979.4235,0.045077998
979.9056,0.047134001
980.3878,0.066413999
980.8699,0.002904
981.352,0.104115
981.8341,0.294184
982.3162,0.40456
982.7983,0.328915
983.2805,0.117535
983.7626,0.039537001
984.2447,0.080242001
984.7268,0.128573
985.2089,0.115685
985.691,0.095831998
986.1732,0.118412
986.6553,0.164006
987.1374,0.214934
987.6195,0.276969
988.1016,0.32629
988.5837,0.372683
989.0659,0.38958
989.548,0.310155
990.0301,0.174024
990.5122,0.108915
990.9943,0.133035
991.4764,0.186324
991.9586,0.289131
992.4407,0.361914
992.9228,0.331264
993.4049,0.205863
993.887,0.154754
994.3691,0.189158
994.8513,0.22421
995.3334,0.212401
995.8155,0.189178
996.2976,0.218007
996.7797,0.270924
997.2618,0.306874
997.744,0.340873
998.2261,0.324533
998.7082,0.201355
999.1903,0.069929004
999.6724,0.074166
1000.155,0.209319
1000.637,0.31263
1001.119,0.371404
1001.601,0.380976
1002.083,0.302089
1002.565,0.202781
1003.047,0.132011
1003.529,0.095592
1004.011,0.096644998
1004.494,0.149825
1004.976,0.205116
1005.458,0.248613
1005.94,0.282937
1006.422,0.310813
1006.904,0.331395
1007.386,0.341931
1007.868,0.349916
1008.351,0.332659
1008.833,0.237957
1009.315,0.136941
1009.797,0.111882
1010.279,0.191181
1010.761,0.225544
1011.243,0.206054
1011.725,0.187689
1012.207,0.230575
1012.69,0.295969
1013.172,0.336173
1013.654,0.347754
1014.136,0.329172
1014.618,0.228634
1015.1,0.162912
1015.582,0.168905
1016.064,0.219118
1016.547,0.258849
1017.029,0.299248
1017.511,0.32561
1017.993,0.327022
1018.475,0.329877
1018.957,0.380282
1019.439,0.428792
1019.921,0.413308
1020.403,0.299558
1020.886,0.251092
1021.368,0.284448
1021.85,0.331436
1022.332,0.343157
1022.814,0.344091
1023.296,0.415329
1023.778,0.529188
1024.26,0.584742
1024.743,0.449693
1025.225,0.353701
1025.707,0.40857
1026.189,0.520586
1026.671,0.55213
1027.153,0.499457
1027.635,0.472094
1028.117,0.486305
1028.599,0.508072
1029.082,0.523305
1029.564,0.514599
1030.046,0.428671
1030.528,0.251693
1031.01,0.219607
1031.492,0.472546
1031.974,0.632504
1032.456,0.499635
1032.938,0.227449
1033.421,0.236822
1033.903,0.447544
1034.385,0.591898
1034.867,0.541092
1035.349,0.460913
1035.831,0.371125
1036.313,0.326144
1036.795,0.398083
1037.278,0.61885
1037.76,0.734802
1038.242,0.741744
1038.724,0.692666
1039.206,0.58429
1039.688,0.461973
1040.17,0.370144
1040.652,0.311787
1041.135,0.292188
1041.617,0.338825
1042.099,0.378979
1042.581,0.397767
1043.063,0.40693
1043.545,0.44486
1044.027,0.491679
1044.509,0.461846
1044.991,0.322129
1045.474,0.210591
1045.956,0.22984
1046.438,0.286463
1046.92,0.308878
1047.402,0.299941
1047.884,0.36394
1048.366,0.503274
1048.848,0.59112
1049.33,0.535922
1049.813,0.439871
1050.295,0.430911
1050.777,0.4678
1051.259,0.473452
1051.741,0.428128
1052.223,0.336295
1052.705,0.159951
1053.187,0.0096890004
1053.67,0.026736001
1054.152,0.160029
1054.634,0.238616
1055.116,0.255377
1055.598,0.240162
1056.08,0.150966
1056.562,0.096295998
1057.044,0.154269
1057.526,0.278665
1058.009,0.360497
1058.491,0.399344
1058.973,0.397623
1059.455,0.348332
1059.937,0.288438
1060.419,0.24651
1060.901,0.219774
1061.383,0.216388
1061.865,0.242125
1062.348,0.269773
1062.83,0.290757
1063.312,0.334907
1063.794,0.450441
1064.276,0.576466
1064.758,0.527197
1065.24,0.352571
1065.722,0.199179
1066.205,0.107636
1066.687,0.074355997
1067.169,0.120321
1067.651,0.205467
1068.133,0.31633
1068.615,0.453138
1069.097,0.487461
1069.579,0.413638
1070.062,0.324866
1070.544,0.271382
1071.026,0.24774
1071.508,0.270131
1071.99,0.322513
1072.472,0.331142
1072.954,0.28034
1073.436,0.225698
1073.918,0.168115
1074.401,0.136153
1074.883,0.20639
1075.365,0.311171
1075.847,0.322795
1076.329,0.204754
1076.811,0.138361
1077.293,0.209169
1077.775,0.294725
1078.257,0.361771
1078.74,0.399234
1079.222,0.342481
1079.704,0.211404
1080.186,0.100877
1080.668,0.038787
1081.15,0.020336
1081.632,0.063658997
1082.114,0.143088
1082.596,0.228166
1083.079,0.318002
1083.561,0.376461
1084.043,0.406209
1084.525,0.375931
1085.007,0.18393
1085.489,0.015499
1085.971,0.057620998
1086.453,0.023852
1086.936,0.131668
1087.418,0.300999
1087.9,0.384062
1088.382,0.345577
1088.864,0.26236
1089.346,0.217718
1089.828,0.203918
1090.31,0.203505
1090.792,0.214329
1091.275,0.256008
1091.757,0.426035
1092.239,0.514709
1092.721,0.410274
1093.203,0.2029
1093.685,0.158037
1094.167,0.252372
1094.649,0.350532
1095.131,0.428636
1095.614,0.4571
1096.096,0.356095
1096.578,0.245144
1097.06,0.243652
1097.542,0.357066
1098.024,0.350521
1098.506,0.215128
1098.988,0.091617003
1099.471,0.054894
1099.953,0.065894
1100.435,0.085221
1100.917,0.117877
1101.399,0.17477
1101.881,0.292132
1102.363,0.373888
1102.845,0.428356
1103.328,0.422035
1103.81,0.27638
1104.292,0.067965001
1104.774,0.068515003
1105.256,0.123752
1105.738,0.074070998
1106.22,0.249612
1106.702,0.470859
1107.184,0.47033
1107.667,0.359652
1108.149,0.286342
1108.631,0.246356
1109.113,0.223033
1109.595,0.21394
1110.077,0.224351
1110.559,0.253262
1111.041,0.309088
1111.523,0.431629
1112.006,0.584226
1112.488,0.595104
1112.97,0.462249
1113.452,0.340672
1113.934,0.259552
1114.416,0.246108
1114.898,0.415817
1115.38,0.611856
1115.863,0.65613
1116.345,0.515038
1116.827,0.334243
1117.309,0.084576003
1117.791,0.072867997
1118.273,0.013323
1118.755,0.132807
1119.237,0.18351
1119.719,0.173841
1120.202,0.170636
1120.684,0.165249
1121.166,0.232415
1121.648,0.435005
1122.13,0.583155
1122.612,0.458728
1123.094,0.174711
1123.576,0.050682999
1124.058,0.065021999
1124.541,0.094253004
1125.023,0.09911
1125.505,0.089791
1125.987,0.055604
1126.469,0.024664
1126.951,0.048836
1127.433,0.115041
1127.915,0.11978
1128.398,0.056212999
1128.88,0.030064
1129.362,0.161589
1129.844,0.296703
1130.326,0.355779
1130.808,0.355248
1131.29,0.322437
1131.772,0.256952
1132.255,0.215308
1132.737,0.214311
1133.219,0.21136
1133.701,0.147075
1134.183,0.079737
1134.665,0.070596002
1135.147,0.120631
1135.629,0.144492
1136.111,0.139003
1136.594,0.12729
1137.076,0.120807
1137.558,0.104596
1138.04,0.053066
1138.522,0.014181
1139.004,0.079974003
1139.486,0.162393
1139.968,0.146493
1140.45,0.0067750001
1140.933,0.148993
1141.415,0.203589
1141.897,0.193511
1142.379,0.129224
1142.861,0.040015001
1143.343,0.0076120002
1143.825,0.053392999
1144.307,0.085359998
1144.79,0.061539002
1145.272,0.034565002
1145.754,0.063294999
1146.236,0.121264
1146.718,0.112833
1147.2,0.051771998
1147.682,0.0067130001
1148.164,0.021699
1148.646,0.04315
1149.129,0.058933001
1149.611,0.073868997
1150.093,0.085818
1150.575,0.100518
1151.057,0.179813
1151.539,0.319753
1152.021,0.390426
1152.503,0.252161
1152.985,0.095339999
1153.468,0.0077430001
1153.95,0.061809
1154.432,0.061930999
1154.914,0.014017
1155.396,0.018119
1155.878,0.022356
1156.36,0.036237001
1156.842,0.119369
1157.325,0.195029
1157.807,0.186782
1158.289,0.120129
1158.771,0.107074
1159.253,0.149297
1159.735,0.203906
1160.217,0.267475
1160.699,0.311627
1161.182,0.30084
1161.664,0.266567
1162.146,0.246409
1162.628,0.245296
1163.11,0.169828
1163.592,0.00075800001
1164.074,0.059737001
1164.556,0.127828
1165.038,0.352108
1165.521,0.342938
1166.003,0.211366
1166.485,0.118496
1166.967,0.083301
1167.449,0.125509
1167.931,0.274158
1168.413,0.366311
1168.895,0.263057
1169.377,0.099386998
1169.86,0.064158
1170.342,0.116762
1170.824,0.186774
1171.306,0.304205
1171.788,0.339431
1172.27,0.265838
1172.752,0.186547
1173.234,0.194635
1173.717,0.240054
1174.199,0.210152
1174.681,0.140236
1175.163,0.135016
1175.645,0.339167
1176.127,0.420678
1176.609,0.309081
1177.091,0.176691
1177.573,0.237766
1178.056,0.38615
1178.538,0.373837
1179.02,0.224677
1179.502,0.117536
1179.984,0.164539
1180.466,0.18436
1180.948,0.136867
1181.43,0.074483998
1181.912,0.062747002
1182.395,0.087765001
1182.877,0.123775
1183.359,0.166295
1183.841,0.195068
1184.323,0.176002
1184.805,0.177523
1185.287,0.225707
1185.769,0.289847
1186.252,0.323981
1186.734,0.329607
1187.216,0.306082
1187.698,0.252785
1188.18,0.195291
1188.662,0.096528001
1189.144,0.064548001
1189.626,0.16719
1190.109,0.325965
1190.591,0.345729
1191.073,0.268735
1191.555,0.250226
1192.037,0.32575
1192.519,0.371852
1193.001,0.307812
1193.483,0.219507
1193.965,0.122915
1194.448,0.042822
1194.93,0.099642999
1195.412,0.253709
1195.894,0.335636
1196.376,0.275605
1196.858,0.221403
1197.34,0.271869
1197.822,0.3247
1198.304,0.33269
1198.787,0.298123
1199.269,0.194488
1199.751,0.053525001
1200.233,0.091121003
1200.715,0.512192
1201.197,0.795329
1201.679,0.527024
1202.161,0.192035
1202.644,0.133079
1203.126,0.297305
1203.608,0.304615
1204.09,0.186637
1204.572,0.116094
1205.054,0.212772
1205.536,0.291091
1206.018,0.222821
1206.5,0.139665
1206.983,0.152597
1207.465,0.250059
1207.947,0.303149
1208.429,0.316091
1208.911,0.318125
1209.393,0.334507
1209.875,0.329281
1210.357,0.27381
1210.839,0.199655
1211.322,0.111463
1211.804,0.013128
1212.286,0.046156999
1212.768,0.194857
1213.25,0.308214
1213.732,0.285795
1214.214,0.229503
1214.696,0.130012
1215.179,0.059250999
1215.661,0.135464
1216.143,0.332303
1216.625,0.327086
1217.107,0.137685
1217.589,0.030637
1218.071,0.31072
1218.553,0.506439
1219.036,0.367748
1219.518,0.109945
1220.0,0.032535002
1220.482,0.068295002
1220.964,0.050755002
1221.446,0.0084889997
1221.928,0.038394999
1222.41,0.056315999
1222.892,0.098471999
1223.375,0.01667
1223.857,0.179879
1224.339,0.23589
1224.821,0.203024
1225.303,0.182759
1225.785,0.181804
1226.267,0.180848
1226.749,0.170678
1227.231,0.157112
1227.714,0.142784
1228.196,0.126229
1228.678,0.094653003
1229.16,0.057785999
1229.642,0.064306997
1230.124,0.116374
1230.606,0.159557
1231.088,0.146248
1231.571,0.146856
1232.053,0.184872
1232.535,0.244826
1233.017,0.321363
1233.499,0.396604
1233.981,0.395718
1234.463,0.312968
1234.945,0.253354
1235.427,0.317934
1235.91,0.329489
1236.392,0.199342
1236.874,0.054763999
1237.356,0.203704
1237.838,0.500338
1238.32,0.54439
1238.802,0.284949
1239.284,0.103104
1239.766,0.212334
1240.249,0.296388
1240.731,0.268986
1241.213,0.200065
1241.695,0.213784
1242.177,0.272691
1242.659,0.298007
1243.141,0.276659
1243.623,0.25722
1244.106,0.219768
1244.588,0.257435
1245.07,0.444633
1245.552,0.624799
1246.034,0.478681
1246.516,0.183602
1246.998,0.049501002
1247.48,0.127879
1247.963,0.139554
1248.445,0.002361
1248.927,0.045478001
1249.409,0.121834
1249.891,0.32393
1250.373,0.257462
1250.855,0.088712998
1251.337,0.058061998
1251.819,0.209903
1252.302,0.266567
1252.784,0.184721
1253.266,0.148176
1253.748,0.234636
1254.23,0.343157
1254.712,0.378637
1255.194,0.347045
1255.676,0.206381
1256.158,0.048696999
1256.641,0.060306001
1257.123,0.216415
1257.605,0.368482
1258.087,0.257646
1258.569,0.117612
1259.051,0.231567
1259.533,0.417533
1260.015,0.426967
1260.498,0.277344
1260.98,0.266448
1261.462,0.3966
1261.944,0.453303
1262.426,0.348135
1262.908,0.246471
1263.39,0.324313
1263.872,0.421947
1264.354,0.401777
1264.837,0.284896
1265.319,0.197058
1265.801,0.13782
1266.283,0.117295
1266.765,0.136227
1267.247,0.196975
1267.729,0.357295
1268.211,0.50493
1268.693,0.578974
1269.176,0.585902
1269.658,0.509155
1270.14,0.381052
1270.622,0.355589
1271.104,0.50027
1271.586,0.617874
1272.068,0.651228
1272.55,0.598789
1273.033,0.381971
1273.515,0.11316
1273.997,0.085293002
1274.479,0.22738
1274.961,0.368
1275.443,0.462867
1275.925,0.506704
1276.407,0.516544
1276.89,0.484952
1277.372,0.398935
1277.854,0.298214
1278.336,0.237821
1278.818,0.222091
1279.3,0.280383
1279.782,0.443803
1280.264,0.490391
1280.746,0.379244
1281.229,0.254108
1281.711,0.151052
1282.193,0.092471004
1282.675,0.145329
1283.157,0.23839
1283.639,0.277588
1284.121,0.248726
1284.603,0.240075
1285.085,0.256171
1285.568,0.265771
1286.05,0.257893
1286.532,0.236266
1287.014,0.196947
1287.496,0.151327
1287.978,0.095007002
1288.46,0.037353002
1288.942,0.077307999
1289.425,0.205714
1289.907,0.251872
1290.389,0.143961
1290.871,0.038038
1291.353,0.051686
1291.835,0.081145003
1292.317,0.053596001
1292.799,0.0047010002
1293.281,0.065876998
1293.764,0.104702
1294.246,0.0
1500.0,0.0
