WavwNum_Pyrolusite,value_Pyrolusite
100.0,0.0
156.9572,0.0
157.4393,0.206478
157.9214,0.332455
158.4035,0.095675997
158.8856,0.0097080003
159.3677,0.212961
159.8499,0.438845
160.332,0.456203
160.8141,0.33367
161.2962,0.511606
161.7783,1.516891
162.2604,2.640017
162.7426,3.295277
163.2247,2.769482
163.7068,2.01359
164.1889,1.211182
164.671,0.402687
165.1531,0.02039
165.6353,0.747482
166.1174,1.785292
166.5995,2.309383
167.0816,1.379929
167.5637,0.302717
168.0458,0.038490001
168.528,0.368313
169.0101,0.981808
169.4922,1.73406
169.9743,2.450012
170.4564,2.859562
170.9385,2.773104
171.4207,2.406622
171.9028,1.834743
172.3849,1.051147
172.867,0.540243
173.3491,0.307924
173.8312,0.369535
174.3134,0.507702
174.7955,0.726118
175.2776,0.9223
175.7597,0.894594
176.2418,0.59557
176.7239,0.356531
177.2061,0.658222
177.6882,1.283312
178.1703,1.67041
178.6524,1.234301
179.1345,0.471344
179.6166,0.336977
180.0988,0.988367
180.5809,1.734814
181.063,1.696655
181.5451,1.026609
182.0272,0.423365
182.5093,0.302603
182.9915,0.508684
183.4736,0.652142
183.9557,0.68446
184.4378,0.735575
184.9199,1.094309
185.402,1.697014
185.8842,2.135696
186.3663,2.143307
186.8484,1.79414
187.3305,1.288101
187.8126,0.56204
188.2947,0.125668
188.7769,0.279848
189.259,0.075258002
189.7411,0.43788
190.2232,0.423903
190.7053,0.120428
191.1874,0.135481
191.6696,0.650337
192.1517,1.31567
192.6338,1.631903
193.1159,1.6154
193.598,1.529476
194.0801,1.658695
194.5623,1.8941
195.0444,1.838833
195.5265,1.492432
196.0086,1.037331
196.4907,0.7488
196.9728,0.636034
197.455,0.628485
197.9371,0.747068
198.4192,0.991978
198.9013,1.090851
199.3834,0.980154
199.8655,0.754438
200.3477,0.62644
200.8298,0.601774
201.3119,0.654165
201.794,0.816088
202.2761,1.109278
202.7582,1.26478
203.2404,1.238083
203.7225,1.075907
204.2046,0.84672
204.6867,0.484234
205.1688,0.281017
205.6509,0.511536
206.1331,1.274706
206.6152,1.810978
207.0973,1.995859
207.5794,1.944647
208.0615,2.028349
208.5436,2.303465
209.0258,2.564947
209.5079,2.671144
209.99,2.58642
210.4721,2.523088
210.9542,2.533352
211.4363,2.564314
211.9185,2.401117
212.4006,1.945267
212.8827,1.5056
213.3648,1.300175
213.8469,1.400225
214.329,1.455599
214.8112,1.431942
215.2933,1.34676
215.7754,1.331747
216.2575,1.411663
216.7396,1.516806
217.2217,1.62191
217.7039,1.741318
218.186,1.800777
218.6681,1.770767
219.1502,1.681231
219.6323,1.656193
220.1144,1.768072
220.5966,1.821178
221.0787,1.662701
221.5608,1.140074
222.0429,0.834055
222.525,0.85351
223.0071,1.104017
223.4893,1.27203
223.9714,1.391777
224.4535,1.370434
224.9356,1.108753
225.4177,0.410593
225.8998,0.05308
226.382,0.191881
226.8641,0.074165002
227.3462,0.111914
227.8283,0.455933
228.3104,0.731653
228.7925,0.815281
229.2747,0.648163
229.7568,0.407007
230.2389,0.5665359
230.721,0.413548
231.2031,0.673571
231.6852,0.745764
232.1674,0.642
232.6495,0.315004
233.1316,0.474607
233.6137,0.3125158
234.0958,0.8417
234.5779,0.43935
235.0601,0.361317
235.5422,0.845058
236.0243,1.305809
236.5064,1.475946
236.9885,1.227205
237.4706,0.959482
237.9528,0.633945
238.4349,0.305321
238.917,0.126049
239.3991,0.156883
239.8812,0.244686
240.3633,0.32386
240.8455,0.365025
241.3276,0.488632
241.8097,0.77853
242.2918,1.117655
242.7739,1.228703
243.256,0.973789
243.7382,0.703867
244.2203,0.55438
244.7024,0.571587
245.1845,0.577602
245.6666,0.55541
246.1487,0.51395
246.6309,0.502371
247.113,0.542343
247.5951,0.642715
248.0772,0.830601
248.5593,1.158821
249.0414,1.367258
249.5236,1.391685
250.0057,1.337822
250.4878,1.390558
250.9699,1.609171
251.452,1.833572
251.9341,2.058678
252.4163,2.349634
252.8984,2.291025
253.3805,1.672577
253.8626,0.86319
254.3447,0.417141
254.8268,0.419605
255.309,0.603672
255.7911,0.95455
256.2732,1.516949
256.7553,1.878252
257.2374,1.978849
257.7195,1.936296
258.2017,1.86202
258.6838,1.670424
259.1659,1.686274
259.648,2.044613
260.1301,2.789249
260.6122,3.192286
261.0944,3.175892
261.5765,2.919203
262.0586,2.54645
262.5407,1.949234
263.0228,1.537384
263.5049,1.499819
263.9871,1.809683
264.4692,1.714176
264.9513,0.934971
265.4334,0.193851
265.9155,0.300819
266.3976,1.638611
266.8798,2.495693
267.3619,2.402569
267.844,1.509863
268.3261,1.074232
268.8082,1.227182
269.2903,1.559893
269.7725,1.740587
270.2546,1.720434
270.7367,1.790773
271.2188,2.045658
271.7009,2.398586
272.183,2.375151
272.6652,1.821857
273.1473,1.313202
273.6294,1.334156
274.1115,2.015041
274.5936,2.394629
275.0757,2.282558
275.5579,1.878979
276.04,1.768072
276.5221,1.995001
277.0042,2.331121
277.4863,2.736031
277.9684,3.23884
278.4506,3.373743
278.9327,3.017738
279.4148,2.396221
279.8969,1.951706
280.379,1.689182
280.8611,1.568886
281.3433,1.614985
281.8254,1.826525
282.3075,2.021599
282.7896,2.219069
283.2717,2.3489
283.7538,2.232653
284.236,1.861387
284.7181,1.56352
285.2002,1.519735
285.6823,1.691036
286.1644,1.774828
286.6465,1.74456
287.1287,1.716244
287.6108,1.928766
288.0929,2.354708
288.575,2.548174
289.0571,2.246586
289.5392,1.605444
290.0214,1.225004
290.5035,1.139069
290.9856,1.175262
291.4677,1.162579
291.9498,1.09705
292.4319,0.941484
292.9141,0.576746
293.3962,0.174057
293.8783,0.22051
294.3604,0.723013
294.8425,1.242048
295.3246,1.361498
295.8068,1.184093
296.2889,1.06172
296.771,1.124002
297.2531,1.228022
297.7352,1.100193
298.2173,0.764843
298.6995,0.422134
299.1816,0.166519
299.6637,0.013462
300.1458,0.015453
300.6279,0.205851
301.11,0.498592
301.5922,0.905149
302.0743,1.36198
302.5564,1.61256
303.0385,1.259247
303.5206,0.68714
304.0027,0.478298
304.4849,0.762785
304.967,1.188866
305.4491,1.467709
305.9312,1.631189
306.4133,1.755829
306.8954,1.947083
307.3776,2.083412
307.8597,1.975651
308.3418,1.587383
308.8239,1.246376
309.306,1.291803
309.7881,1.528748
310.2703,1.648342
310.7524,1.445868
311.2345,1.14147
311.7166,0.803307
312.1987,0.444572
312.6808,0.297995
313.163,0.770723
313.6451,1.420109
314.1272,1.772942
314.6093,1.51985
315.0914,1.076979
315.5735,0.450275
316.0557,0.276627
316.5378,0.661177
317.0199,0.087332003
317.502,0.652386
317.9841,0.951973
318.4662,0.284115
318.9484,0.25938
319.4305,0.233976
319.9126,0.19556
320.3947,0.596498
320.8768,0.912935
321.3589,1.116993
321.8411,1.177591
322.3232,1.033314
322.8053,0.886604
323.2874,0.699066
323.7695,0.545975
324.2516,0.546408
324.7338,0.89187
325.2159,1.233664
325.698,1.520899
326.1801,1.806007
326.6622,1.781044
327.1443,1.013803
327.6265,0.105524
328.1086,0.339182
328.5907,0.036511999
329.0728,0.429756
329.5549,1.088747
330.037,1.946823
330.5192,2.52874
331.0013,2.818838
331.4834,2.852358
331.9655,2.62878
332.4476,1.921829
332.9297,1.345638
333.4119,0.990427
333.894,0.5727986
334.3761,0.58555
334.8582,0.173428
335.3403,0.054106001
335.8224,0.177874
336.3046,1.157665
336.7867,1.719557
337.2688,1.74176
337.7509,1.414753
338.233,1.096975
338.7151,0.779789
339.1973,0.502968
339.6794,0.222715
340.1615,0.074036002
340.6436,0.038291998
341.1257,0.700619
341.6078,1.464941
342.09,1.698965
342.5721,1.355976
343.0542,1.077423
343.5363,1.065285
344.0184,1.267031
344.5005,1.523781
344.9827,1.860872
345.4648,2.055132
345.9469,1.736767
346.429,0.994259
346.9111,0.582535
347.3932,0.723408
347.8754,1.155125
348.3575,1.378979
348.8396,1.411095
349.3217,1.450806
349.8038,1.693235
350.2859,2.039091
350.7681,2.219139
351.2502,2.168062
351.7323,2.078554
352.2144,2.200092
352.6965,2.472391
353.1786,2.71019
353.6608,2.841555
354.1429,2.881376
354.625,2.772501
355.1071,2.478323
355.5892,2.320526
356.0714,2.82258
356.5535,3.582283
357.0356,4.000982
357.5177,3.609325
357.9998,3.013184
358.4819,2.54847
358.9641,2.222256
359.4462,2.099606
359.9283,2.491276
360.4104,2.952587
360.8925,3.07584
361.3746,2.520653
361.8568,2.049402
362.3389,2.132902
362.821,2.532948
363.3031,2.709337
363.7852,2.290688
364.2673,1.774403
364.7495,1.380529
365.2316,1.148611
365.7137,1.029587
366.1958,0.8995
366.6779,0.861261
367.16,1.097485
367.6422,2.377867
368.1243,3.168987
368.6064,2.882938
369.0885,1.417284
369.5706,0.503534
370.0527,0.420948
370.5349,0.68837
371.017,1.029959
371.4991,1.63493
371.9812,1.862425
372.4633,1.440788
372.9454,0.631723
373.4276,0.322985
373.9097,0.71236
374.3918,1.229939
374.8739,1.685221
375.356,2.068119
375.8381,2.324631
376.3203,2.471689
376.8024,2.463678
377.2845,2.154882
377.7666,1.470829
378.2487,0.978334
378.7308,0.825605
379.213,0.979416
379.6951,1.296333
380.1772,1.81464
380.6593,2.32609
381.1414,2.688196
381.6235,2.889736
382.1057,2.811228
382.5878,2.27656
383.0699,1.658171
383.552,1.822838
384.0341,2.692604
384.5162,3.449713
384.9984,3.433321
385.4805,2.959358
385.9626,2.712337
386.4447,2.820446
386.9268,3.00683
387.4089,2.934744
387.8911,2.697905
388.3732,2.548347
388.8553,2.649431
389.3374,2.846918
389.8195,3.028021
390.3016,3.18438
390.7838,3.267841
391.2659,3.225342
391.748,3.106266
392.2301,2.935024
392.7122,2.519915
393.1943,2.319649
393.6765,2.861338
394.1586,3.837626
394.6407,4.365519
395.1228,3.703083
395.6049,2.871483
396.087,2.423294
396.5692,2.60327
397.0513,2.576942
397.5334,1.820034
398.0155,0.886602
398.4976,0.481077
398.9797,1.16497
399.4619,1.847807
399.944,2.343624
400.4261,2.652441
400.9082,2.909721
401.3903,3.255932
401.8724,3.416519
402.3546,3.153521
402.8367,2.098358
403.3188,1.44416
403.8009,1.371922
404.283,1.689091
404.7651,1.949999
405.2473,2.194345
405.7294,2.256479
406.2115,1.926641
406.6936,1.18224
407.1757,1.067682
407.6578,1.770466
408.14,2.595388
408.6221,2.64925
409.1042,1.951019
409.5863,1.37743
410.0684,1.22673
410.5505,0.7740844
411.0327,0.996477
411.5148,0.345058
411.9969,0.167942
412.479,0.064833
412.9611,0.426758
413.4432,0.766323
413.9254,0.879351
414.4075,0.854437
414.8896,0.708115
415.3717,0.51189
415.8538,0.374201
416.3359,0.360682
416.8181,0.429241
417.3002,0.557833
417.7823,0.743456
418.2644,0.904011
418.7465,1.028811
419.2286,1.092051
419.7108,1.065735
420.1929,0.909885
420.675,0.708677
421.1571,0.465565
421.6392,0.197481
422.1213,0.047460999
422.6035,0.073352799
423.0856,0.646854
423.5677,0.427986
424.0498,0.454773
424.5319,0.963734
425.014,0.638069
425.4962,0.089102
425.9783,0.048903
426.4604,0.750265
426.9425,1.169979
427.4246,0.847748
427.9067,0.072733
428.3889,0.566111
428.871,0.534239
429.3531,0.251553
429.8352,0.276562
430.3173,1.149445
430.7994,1.475046
431.2816,1.120623
431.7637,0.469656
432.2458,0.108028
432.7279,0.042739999
433.21,0.160891
433.6921,0.570972
434.1743,0.435084
434.6564,1.041374
435.1385,0.334818
435.6206,0.293819
436.1027,0.020575
436.5848,0.814962
437.067,1.240469
437.5491,0.966772
438.0312,0.501411
438.5133,0.397751
438.9954,0.569168
439.4775,0.774828
439.9597,0.997568
440.4418,1.132332
440.9239,1.041386
441.406,0.717047
441.8881,0.378529
442.3702,0.14249
442.8524,0.039692
443.3345,0.222494
443.8166,0.092385173
444.2987,0.800165
444.7808,0.330589
445.2629,0.535135
445.7451,1.109369
446.2272,1.013128
446.7093,0.795877
447.1914,0.661739
447.6735,0.659544
448.1556,0.597157
448.6378,0.364367
449.1199,0.14566
449.602,0.13693
450.0841,0.41997
450.5662,0.756376
451.0483,1.192343
451.5305,1.652691
452.0126,1.73904
452.4947,1.335182
452.9768,0.918552
453.4589,0.782417
453.941,0.934666
454.4232,0.99087
454.9053,0.922775
455.3874,0.823618
455.8695,0.792524
456.3516,0.828485
456.8337,0.943207
457.3159,1.174351
457.798,1.45455
458.2801,1.7003
458.7622,1.902658
459.2443,2.002729
459.7264,1.855927
460.2086,1.62163
460.6907,1.501417
461.1728,1.524734
461.6549,1.660269
462.137,2.008434
462.6191,2.427807
463.1013,2.702219
463.5834,2.732922
464.0655,2.620096
464.5476,2.317581
465.0297,1.86137
465.5118,1.522528
465.994,1.425501
466.4761,1.433641
466.9582,1.478754
467.4403,1.583834
467.9224,1.679266
468.4045,1.874508
468.8867,2.013023
469.3688,1.824238
469.8509,0.992538
470.333,0.407803
470.8151,0.379179
471.2972,0.818602
471.7794,0.847559
472.2615,0.298754
472.7436,0.205362
473.2257,0.143328
473.7078,0.497744
474.1899,0.928152
474.6721,1.0686
475.1542,1.051859
475.6363,1.078566
476.1184,1.130112
476.6005,1.083809
477.0826,0.822472
477.5648,0.473896
478.0469,0.222586
478.529,0.067988999
479.0111,0.0076009999
479.4932,0.116072
479.9753,0.275137
480.4575,0.341728
480.9396,0.297779
481.4217,0.220846
481.9038,0.120705
482.3859,0.0060919998
482.868,0.061245002
483.3502,0.073091999
483.8323,0.033663001
484.3144,0.135193
484.7965,0.40221
485.2786,0.554668
485.7607,0.500124
486.2429,0.324881
486.725,0.068094
487.2071,0.518105
487.6892,0.556715
488.1713,0.294802
488.6534,1.416302
489.1356,1.874435
489.6177,1.426138
490.0998,1.004164
490.5819,0.793793
491.064,0.800707
491.5461,1.109922
492.0283,1.775888
492.5104,2.330612
492.9925,2.309248
493.4746,1.823755
493.9567,1.667799
494.4388,1.932812
494.921,2.291021
495.4031,2.466187
495.8852,2.453718
496.3673,2.226309
496.8494,1.41395
497.3315,0.731705
497.8137,1.112232
498.2958,2.303963
498.7779,3.257141
499.26,3.370363
499.7421,3.091103
500.2242,2.643787
500.7064,1.968288
501.1885,1.493708
501.6706,1.366219
502.1527,1.491873
502.6348,1.80368
503.1169,2.722584
503.5991,3.277191
504.0812,3.13201
504.5633,2.521584
505.0454,2.350203
505.5275,2.88875
506.0096,3.406088
506.4918,3.594147
506.9739,3.423923
507.456,3.260103
507.9381,3.090969
508.4202,2.973797
508.9023,2.960827
509.3845,3.050751
509.8666,3.272005
510.3487,3.692648
510.8308,4.131021
511.3129,4.183779
511.795,3.944258
512.2772,3.841669
512.7593,4.224792
513.2414,4.803846
513.7235,5.2139
514.2056,5.456352
514.6877,5.746319
515.1699,6.353146
515.652,7.001074
516.1341,7.409273
516.6162,7.357908
517.0983,7.375626
517.5804,7.619318
518.0626,8.046135
518.5447,8.58596
519.0268,9.37088
519.5089,10.11835
519.991,10.80535
520.4731,11.42609
520.9553,11.79597
521.4374,11.67513
521.9195,11.65479
522.4016,12.14616
522.8837,13.29778
523.3658,14.12578
523.848,14.54643
524.3301,14.80697
524.8122,15.17546
525.2943,15.65309
525.7764,16.33248
526.2585,17.3609
526.7407,18.46446
527.2228,19.09838
527.7049,19.33305
528.187,19.55965
528.6691,20.04578
529.1512,20.64575
529.6334,21.21535
530.1155,21.74916
530.5976,22.17382
531.0797,22.37851
531.5618,22.54353
532.0439,22.82764
532.5261,23.48067
533.0082,24.03436
533.4903,24.44758
533.9724,24.63007
534.4545,24.4233
534.9366,23.4625
535.4188,22.53395
535.9009,21.83456
536.383,21.3677
536.8651,20.79176
537.3472,20.09955
537.8293,19.32772
538.3115,18.50711
538.7936,17.68687
539.2757,16.77163
539.7578,15.69838
540.2399,14.60361
540.722,13.65742
541.2042,12.86982
541.6863,12.17999
542.1684,11.52203
542.6505,10.9967
543.1326,10.90222
543.6147,11.12214
544.0969,11.18197
544.579,10.63938
545.0611,9.890499
545.5432,9.313719
546.0253,8.979237
546.5074,8.664577
546.9896,8.231997
547.4717,7.821791
547.9538,7.552778
548.4359,7.686035
548.918,7.628012
549.4001,7.119171
549.8823,6.498264
550.3644,6.228313
550.8465,6.463669
551.3286,6.761431
551.8107,7.07513
552.2928,7.369967
552.775,7.320442
553.2571,6.856297
553.7392,6.394985
554.2213,6.206575
554.7034,6.259855
555.1855,6.352764
555.6677,6.466389
556.1498,6.689882
556.6319,6.849476
557.114,7.166187
557.5961,7.352707
558.0782,7.416033
558.5604,7.488228
559.0425,7.481386
559.5246,7.383369
560.0067,7.348642
560.4888,7.204819
560.9709,7.074629
561.4531,7.0042
561.9352,6.995535
562.4173,7.051897
562.8994,7.290068
563.3815,7.498369
563.8636,7.559893
564.3458,7.392967
564.8279,7.295877
565.31,7.270271
565.7921,7.311462
566.2742,7.271173
566.7563,7.493883
567.2385,7.586359
567.7206,7.555653
568.2027,7.032515
568.6848,7.145369
569.1669,7.003439
569.649,6.851124
570.1312,7.053648
570.6133,6.602449
571.0954,6.799484
571.5775,6.737848
572.0596,6.794701
572.5417,6.595177
573.0239,6.474903
573.506,6.093094
573.9881,5.709854
574.4702,5.359489
574.9523,5.043737
575.4344,4.789768
575.9166,4.638405
576.3987,4.811375
576.8808,4.781561
577.3629,4.386673
577.845,3.759581
578.3271,3.335674
578.8093,3.154516
579.2914,3.063944
579.7735,3.04623
580.2556,3.079853
580.7377,3.021233
581.2198,2.875772
581.702,2.566904
582.1841,1.81134
582.6662,0.865879
583.1483,0.388216
583.6304,0.527674
584.1125,0.833862
584.5947,1.020853
585.0768,1.091654
585.5589,1.046856
586.041,0.720654
586.5231,0.466997
587.0052,0.506641
587.4874,0.738029
587.9695,0.886673
588.4516,1.029181
588.9337,0.942301
589.4158,1.067174
589.8979,0.9705722
590.3801,1.000723
590.8622,0.785025
591.3443,0.764916
591.8264,0.334703
592.3085,0.511372
592.7906,0.455437
593.2728,0.109402
593.7549,0.319193
594.237,0.716188
594.7191,1.017546
595.2012,0.905869
595.6833,1.069645
596.1655,0.735954
596.6476,0.8634
597.1297,0.481928
597.6118,0.072493002
598.0939,0.250536
598.576,0.451973
599.0582,0.485891
599.5403,0.363773
600.0224,0.197634
600.5045,0.145548
600.9866,0.386898
601.4688,0.394409
601.9509,0.126307
602.433,0.223106
602.9151,0.78709
603.3972,1.243565
603.8793,1.176376
604.3615,0.499279
604.8436,0.312933
605.3257,0.911297
605.8078,1.653049
606.2899,1.296391
606.772,0.097805001
607.2542,0.706057
607.7363,0.456715
608.2184,0.197718
608.7005,0.585035
609.1826,0.747366
609.6647,0.816587
610.1469,0.81461
610.629,0.779577
611.1111,0.668188
611.5932,0.470917
612.0753,0.497334
612.5574,1.161148
613.0396,1.790857
613.5217,1.988766
614.0038,1.557489
614.4859,1.195442
614.968,0.892487
615.4501,0.671854
615.9323,0.526651
616.4144,0.447193
616.8965,0.669174
617.3786,1.361408
617.8607,2.14081
618.3428,2.311815
618.825,1.972967
619.3071,1.535158
619.7892,0.970945
620.2713,0.555798
620.7534,0.643663
621.2355,1.156054
621.7177,1.726543
622.1998,2.342079
622.6819,2.831894
623.164,3.072353
623.6461,3.019335
624.1282,2.960657
624.6104,2.897425
625.0925,2.860804
625.5746,2.874136
626.0567,2.956337
626.5388,3.039139
627.0209,3.129715
627.5031,3.203596
627.9852,3.196892
628.4673,3.116453
628.9494,3.103748
629.4315,3.17989
629.9136,3.361536
630.3958,3.7467
630.8779,4.268278
631.36,4.720858
631.8421,5.064217
632.3242,5.252924
632.8063,5.10747
633.2885,4.717884
633.7706,4.559601
634.2527,4.936668
634.7348,5.466518
635.2169,6.018017
635.699,6.606342
636.1812,7.031778
636.6633,7.21402
637.1454,7.335461
637.6275,7.496563
638.1096,7.684555
638.5917,8.035164
639.0739,8.595257
639.556,9.206015
640.0381,9.671938
640.5202,10.02033
641.0023,10.35596
641.4844,10.70025
641.9666,11.06186
642.4487,11.41299
642.9308,11.79957
643.4129,12.31361
643.895,13.07499
644.3771,13.89974
644.8593,14.79059
645.3414,15.70111
645.8235,16.44538
646.3056,16.93119
646.7877,17.28231
647.2698,17.41729
647.752,17.28271
648.2341,17.67062
648.7162,18.75411
649.1983,20.03541
649.6804,21.23652
650.1625,22.31588
650.6447,22.94224
651.1268,23.05854
651.6089,23.16073
652.091,23.82125
652.5731,24.80692
653.0552,25.70895
653.5374,26.39274
654.0195,27.02726
654.5016,27.96879
654.9837,28.97843
655.4658,29.65804
655.9479,29.34874
656.4301,29.30076
656.9122,29.99454
657.3943,31.12143
657.8764,31.82279
658.3585,31.94157
658.8406,32.03425
659.3228,32.30335
659.8049,32.69636
660.287,32.71642
660.7691,32.34056
661.2512,31.93254
661.7333,31.7153
662.2155,31.66989
662.6976,31.74565
663.1797,31.91995
663.6618,32.02887
664.1439,32.0227
664.626,31.83862
665.1082,31.32624
665.5903,30.42069
666.0724,29.63661
666.5545,29.10787
667.0366,28.72766
667.5187,28.38375
668.0009,28.19231
668.483,27.86817
668.9651,27.38483
669.4472,26.78264
669.9293,26.0611
670.4114,25.21749
670.8936,24.54425
671.3757,24.23637
671.8578,23.95327
672.3399,22.9131
672.822,21.35807
673.3041,20.13364
673.7863,19.98721
674.2684,20.04496
674.7505,19.66383
675.2326,18.91813
675.7147,18.24398
676.1968,17.83807
676.679,17.46427
677.1611,17.0648
677.6432,16.64273
678.1253,16.03035
678.6074,15.1061
679.0895,14.23451
679.5717,13.75177
680.0538,13.65387
680.5359,13.23261
681.018,12.43616
681.5001,11.63903
681.9822,11.29288
682.4644,11.17563
682.9465,10.80197
683.4286,9.999043
683.9107,9.277506
684.3928,8.925364
684.8749,8.894402
685.3571,8.739904
685.8392,8.469124
686.3213,7.712683
686.8034,7.599033
687.2855,7.237381
687.7676,6.872179
688.2498,6.86854
688.7319,6.21805
689.214,6.222569
689.6961,5.975208
690.1782,5.853121
690.6603,5.481497
691.1425,5.195833
691.6246,5.188808
692.1067,5.046066
692.5888,4.672319
693.0709,4.598904
693.553,4.008026
694.0352,3.88405
694.5173,3.965517
694.9994,3.63895
695.4815,3.604506
695.9636,3.46826
696.4457,2.845156
696.9279,3.087511
697.41,2.972073
697.8921,2.475544
698.3742,2.709091
698.8563,2.278833
699.3384,2.531397
699.8206,2.197998
700.3027,1.47296
700.7848,1.14711
701.2669,1.348116
701.749,1.601555
702.2311,1.358002
702.7133,0.918806
703.1954,0.721437
703.6775,1.001768
704.1596,1.270077
704.6417,1.371683
705.1238,1.341467
705.606,1.21483
706.0881,0.849508
706.5702,0.641148
707.0523,0.689932
707.5344,0.869055
708.0165,0.925203
708.4987,0.854158
708.9808,0.727894
709.4629,0.574673
709.945,0.407158
710.4271,0.109406
710.9092,0.214821
711.3914,0.190706
711.8735,0.906376
712.3556,1.971483
712.8377,2.110415
713.3198,1.483398
713.8019,0.945547
714.2841,0.889761
714.7662,0.797415
715.2483,0.373812
715.7304,0.3566
716.2125,0.586918
716.6946,0.161594
717.1768,0.33287
717.6589,0.627039
718.141,0.71483
718.6231,0.37882
719.1052,0.39978
719.5873,0.974661
720.0695,0.652367
720.5516,0.9332267
721.0337,0.662373
721.5158,1.017845
721.9979,1.15638
722.48,0.971079
722.9622,0.641838
723.4443,0.274277
723.9264,0.337198
724.4085,0.455954
724.8906,0.244978
725.3727,0.407128
725.8549,0.2407602
726.337,0.503969
726.8191,0.081343003
727.3012,0.020939
727.7833,0.173656
728.2654,0.497887
728.7476,0.879631
729.2297,1.027403
729.7118,0.770845
730.1939,0.447884
730.676,0.247046
731.1581,0.130991
731.6403,0.095178999
732.1224,0.218494
732.6045,0.320757
733.0866,0.380007
733.5687,0.401388
734.0508,0.395493
734.533,0.364807
735.0151,0.279861
735.4972,0.061756
735.9793,0.121342
736.4614,0.292049
736.9435,1.133526
737.4257,1.621635
737.9078,0.9939
738.3899,0.138252
738.872,0.210579
739.3541,0.110189
739.8362,0.246038
740.3184,1.280331
740.8005,2.069881
741.2826,2.121384
741.7647,1.536741
742.2468,1.115433
742.7289,0.894079
743.2111,0.745205
743.6932,0.599333
744.1753,0.475229
744.6574,0.51195
745.1395,0.705166
745.6216,0.910135
746.1038,1.046391
746.5859,1.12435
747.068,1.193392
747.5501,1.248495
748.0322,1.130455
748.5143,0.386965
748.9965,0.251152
749.4786,0.240816
749.9607,0.642559
750.4428,1.132944
750.9249,1.095022
751.407,0.907021
751.8892,0.825928
752.3713,0.848488
752.8534,0.829018
753.3355,0.764402
753.8176,0.646631
754.2997,0.274235
754.7819,0.085592002
755.264,0.103291
755.7461,1.033392
756.2282,1.771004
756.7103,1.694029
757.1924,1.278912
757.6746,0.91724
758.1567,0.605503
758.6388,0.462193
759.1209,0.543777
759.603,0.723625
760.0851,0.881487
760.5673,1.017813
761.0494,1.135593
761.5315,1.225826
762.0136,1.336428
762.4957,1.648155
762.9778,1.996117
763.46,2.048937
763.9421,1.638039
764.4242,1.127836
764.9063,0.484201
765.3884,0.050804
765.8705,0.173702
766.3527,0.527794
766.8348,1.127943
767.3169,1.681355
767.799,2.038485
768.2811,1.874121
768.7632,1.147654
769.2454,0.563055
769.7275,0.224977
770.2096,0.116573
770.6917,0.30018
771.1738,0.685143
771.6559,1.081839
772.1381,1.466547
772.6202,1.779469
773.1023,2.0161
773.5844,2.135767
774.0665,2.087057
774.5486,1.665281
775.0308,1.445412
775.5129,1.555738
775.995,1.861395
776.4771,2.131813
776.9592,2.357586
777.4413,2.239687
777.9235,1.572874
778.4056,0.863665
778.8877,1.054249
779.3698,1.790361
779.8519,2.161425
780.334,1.227781
780.8162,0.380415
781.2983,0.433754
781.7804,1.047668
782.2625,1.339279
782.7446,1.137558
783.2267,0.917162
783.7089,0.619942
784.191,0.377417
784.6731,0.444178
785.1552,0.81691
785.6373,1.185026
786.1194,1.503273
786.6016,1.639332
787.0837,1.135574
787.5658,0.258318
788.0479,0.248758
788.53,0.236547
789.0121,0.894907
789.4943,1.621618
789.9764,2.270988
790.4585,2.252134
790.9406,1.13998
791.4227,0.244831
791.9048,0.01438
792.387,0.163809
792.8691,0.118303
793.3512,0.130793
793.8333,0.271774
794.3154,0.109156
794.7975,0.218992
795.2797,0.551622
795.7618,0.916859
796.2439,1.387568
796.726,2.380535
797.2081,3.081493
797.6902,2.98041
798.1724,2.285267
798.6545,1.823843
799.1366,1.691559
799.6187,1.542854
800.1008,1.237207
800.5829,0.853334
801.0651,0.609116
801.5472,0.500849
802.0293,0.501602
802.5114,0.669619
802.9935,0.885109
803.4756,1.056171
803.9578,1.18421
804.4399,1.273859
804.922,1.392273
805.4041,1.391085
805.8862,1.157965
806.3683,0.774414
806.8505,0.543781
807.3326,0.475592
807.8147,0.642635
808.2968,1.164762
808.7789,1.826368
809.261,2.128767
809.7432,2.132837
810.2253,2.086664
810.7074,2.215504
811.1895,2.247349
811.6716,1.935898
812.1537,1.370918
812.6359,0.876366
813.118,0.369509
813.6001,0.157476
814.0822,0.418554
814.5643,0.997152
815.0464,1.357656
815.5286,1.499258
816.0107,1.443419
816.4928,1.034458
816.9749,0.603647
817.457,0.783041
817.9391,1.371605
818.4213,1.794367
818.9034,1.584087
819.3855,1.367622
819.8676,1.441822
820.3497,1.71888
820.8318,1.89257
821.314,1.972445
821.7961,1.907404
822.2782,1.622395
822.7603,1.243336
823.2424,0.997456
823.7245,0.897959
824.2067,1.09593
824.6888,2.023485
825.1709,2.770191
825.653,2.05286
826.1351,0.550526
826.6172,0.206539
827.0994,1.173262
827.5815,2.160524
828.0636,2.116512
828.5457,1.453884
829.0278,0.966177
829.5099,0.644396
829.9921,0.63468
830.4742,1.100033
830.9563,1.64534
831.4384,1.495209
831.9205,0.916103
832.4026,0.608437
832.8848,1.122705
833.3669,1.536789
833.849,1.163866
834.3311,0.436935
834.8132,0.109415
835.2953,0.356985
835.7775,0.77158
836.2596,1.475679
836.7417,2.117472
837.2238,1.985218
837.7059,1.184029
838.188,0.767588
838.6702,1.114027
839.1523,1.453819
839.6344,0.649126
840.1165,0.543234
840.5986,0.986275
841.0807,0.345154
841.5629,1.243258
842.045,0.911469
842.5271,0.195925
843.0092,0.068470001
843.4913,0.199236
843.9734,0.469332
844.4556,0.718218
844.9377,0.876629
845.4198,0.83316
845.9019,0.630619
846.384,0.342897
846.8661,0.107939
847.3483,0.296415
847.8304,0.421494
848.3125,0.3534556
848.7946,0.2706599
849.2767,0.51968
849.7589,0.115921
850.241,0.445881
850.7231,0.945854
851.2052,1.118864
851.6873,1.009844
852.1694,0.908022
852.6516,0.825487
853.1337,0.803068
853.6158,1.03018
854.0979,1.240332
854.58,1.097223
855.0621,0.486618
855.5443,0.107605
856.0264,0.215
856.5085,0.515953
856.9906,0.864124
857.4727,1.215639
857.9548,1.695127
858.437,2.341248
858.9191,2.762932
859.4012,2.471876
859.8833,1.894032
860.3654,1.745409
860.8475,1.995214
861.3297,2.197052
861.8118,2.020397
862.2939,1.865812
862.776,2.026794
863.2581,2.434645
863.7402,2.507221
864.2224,2.131891
864.7045,1.796185
865.1866,1.686054
865.6687,1.765776
866.1508,2.129066
866.6329,2.656334
867.1151,2.818266
867.5972,1.90679
868.0793,0.965546
868.5614,0.692205
869.0435,0.890211
869.5256,0.926792
870.0078,0.542439
870.4899,0.387249
870.972,0.672398
871.4541,1.160574
871.9362,1.321106
872.4183,1.187823
872.9005,1.011497
873.3826,0.840363
873.8647,0.713696
874.3468,0.602981
874.8289,0.581223
875.311,0.762647
875.7932,1.619383
876.2753,2.058532
876.7574,1.778748
877.2395,1.258782
877.7216,1.049658
878.2037,1.16626
878.6859,1.434096
879.168,1.884098
879.6501,2.229167
880.1322,2.051223
880.6143,1.607905
881.0964,1.265106
881.5786,1.093215
882.0607,1.014433
882.5428,1.090302
883.0249,1.181095
883.507,1.184629
883.9891,1.077781
884.4713,1.012982
884.9534,1.030281
885.4355,1.027452
885.9176,0.85689
886.3997,0.659922
886.8818,0.762806
887.364,1.13339
887.8461,1.364672
888.3282,1.021302
888.8103,0.68758
889.2924,0.646206
889.7745,0.911434
890.2567,1.325285
890.7388,1.995829
891.2209,2.485085
891.703,2.639993
892.1851,2.477257
892.6672,1.792978
893.1494,0.755774
893.6315,0.094190001
894.1136,0.442484
894.5957,0.996158
895.0778,1.430628
895.5599,1.718479
896.0421,1.774158
896.5242,1.476683
897.0063,1.199737
897.4884,0.984468
897.9705,0.815405
898.4526,0.802619
898.9348,0.979844
899.4169,0.974493
899.899,0.593587
900.3811,0.363859
900.8632,1.053169
901.3453,1.964528
901.8275,2.260934
902.3096,1.229956
902.7917,0.575605
903.2738,0.38647
903.7559,0.46017
904.238,0.721416
904.7202,1.122388
905.2023,1.217896
905.6844,1.006881
906.1665,0.731627
906.6486,0.528386
907.1307,0.413643
907.6129,0.435419
908.095,0.609416
908.5771,0.727271
909.0592,0.687121
909.5413,0.702082
910.0234,0.938674
910.5056,1.311605
910.9877,1.176335
911.4698,0.56657
911.9519,0.084426001
912.434,0.296504
912.9161,0.610357
913.3983,0.292235
913.8804,0.416348
914.3625,0.839911
914.8446,0.585024
915.3267,0.282413
915.8088,0.051447
916.291,0.170274
916.7731,0.590303
917.2552,1.199493
917.7373,1.501384
918.2194,1.324378
918.7015,1.006865
919.1837,0.891353
919.6658,0.876525
920.1479,0.817783
920.63,0.631978
921.1121,0.506559
921.5942,0.41914
922.0764,0.445127
922.5585,0.724081
923.0406,1.273593
923.5227,1.486265
924.0048,1.327768
924.4869,1.122866
924.9691,1.193124
925.4512,1.338939
925.9333,1.296989
926.4154,1.088152
926.8975,0.977602
927.3796,1.200719
927.8618,1.350142
928.3439,1.26598
928.826,0.998702
929.3081,0.779341
929.7902,0.607674
930.2723,0.557721
930.7545,0.737445
931.2366,0.96733
931.7187,1.059539
932.2008,1.041304
932.6829,0.968703
933.165,0.751937
933.6472,0.623142
934.1293,0.600985
934.6114,0.685553
935.0935,0.977208
935.5756,1.472639
936.0577,1.537744
936.5399,1.025242
937.022,0.483995
937.5041,0.416846
937.9862,0.650336
938.4683,1.093548
938.9504,1.852674
939.4326,2.140223
939.9147,1.476955
940.3968,0.779463
940.8789,0.581008
941.361,0.828346
941.8431,0.861363
942.3253,0.680369
942.8074,0.420697
943.2895,0.012961
943.7716,0.347171
944.2537,0.180447
944.7358,0.32666
945.218,0.567573
945.7001,0.031830002
946.1822,0.264851
946.6643,0.234729
947.1464,1.063783
947.6285,1.370416
948.1107,1.208761
948.5928,0.918118
949.0749,0.497393
949.557,0.254575
950.0391,0.701601
950.5212,1.355415
951.0034,1.650296
951.4855,1.312978
951.9676,0.992725
952.4497,0.666183
952.9318,0.401555
953.4139,0.237766
953.8961,0.179259
954.3782,0.323665
954.8603,0.652993
955.3424,0.889728
955.8245,0.714646
956.3066,0.497314
956.7888,0.55075
957.2709,0.833848
957.753,0.931537
958.2351,0.708492
958.7172,0.529741
959.1993,0.509459
959.6815,0.591227
960.1636,0.686157
960.6457,0.782133
961.1278,0.830048
961.6099,0.775525
962.092,0.753348
962.5742,0.86839
963.0563,1.040157
963.5384,1.195513
964.0205,1.421886
964.5026,1.303801
964.9847,0.720134
965.4669,0.21372
965.949,0.414767
966.4311,1.014804
966.9132,1.450519
967.3953,1.674773
967.8774,1.646826
968.3596,1.042638
968.8417,0.481589
969.3238,0.27581
969.8059,0.359027
970.288,0.521513
970.7701,0.784324
971.2523,0.930298
971.7344,0.817397
972.2165,0.598203
972.6986,0.442637
973.1807,0.397108
973.6628,0.553786
974.145,1.211796
974.6271,1.606617
975.1092,1.461559
975.5913,1.121395
976.0734,0.868141
976.5555,0.702826
977.0377,0.603726
977.5198,0.571733
978.0019,0.603773
978.484,0.757536
978.9661,0.932112
979.4482,1.030044
979.9304,1.047892
980.4125,1.040758
980.8946,1.118293
981.3767,0.983317
981.8588,0.409173
982.3409,0.331128
982.8231,0.364503
983.3052,0.178526
983.7873,0.608436
984.2694,0.625539
984.7515,0.562943
985.2336,0.634401
985.7158,0.772234
986.1979,0.890588
986.68,0.989109
987.1621,1.031595
987.6442,0.97354
988.1263,0.983189
988.6085,1.339482
989.0906,1.851043
989.5727,1.996691
990.0548,1.782797
990.5369,1.558846
991.019,1.517857
991.5012,1.496841
991.9833,1.405426
992.4654,1.272079
992.9475,1.220856
993.4296,1.270945
993.9117,1.200354
994.3939,0.886016
994.876,0.549266
995.3581,0.496305
995.8402,0.629181
996.3223,0.815345
996.8044,1.199313
997.2866,1.205826
997.7687,0.454494
998.2508,0.318147
998.7329,0.568307
999.215,0.308781
999.6971,0.215636
1000.179,0.978073
1000.661,1.572199
1001.143,1.664233
1001.626,1.492352
1002.108,1.146072
1002.59,0.719572
1003.072,0.564198
1003.554,0.841604
1004.036,0.981308
1004.518,0.89032
1005.0,0.660387
1005.483,0.420565
1005.965,0.193653
1006.447,0.036414001
1006.929,0.052816998
1007.411,0.022384999
1007.893,0.256214
1008.375,0.594492
1008.857,0.868484
1009.339,1.082547
1009.822,1.165334
1010.304,1.10317
1010.786,1.044739
1011.268,1.150036
1011.75,1.267504
1012.232,1.158268
1012.714,0.899706
1013.196,0.713913
1013.679,0.5646616
1014.161,0.4121903
1014.643,0.290391
1015.125,0.256507
1015.607,0.220352
1016.089,0.288541
1016.571,0.597398
1017.053,0.600397
1017.535,0.49116
1018.018,0.266905
1018.5,0.105043
1018.982,0.208949
1019.464,0.594687
1019.946,0.753046
1020.428,0.597662
1020.91,0.556489
1021.392,0.941336
1021.875,1.411211
1022.357,1.122059
1022.839,0.402718
1023.321,0.031488001
1023.803,0.670391
1024.285,1.16089
1024.767,1.08125
1025.249,0.851535
1025.731,0.906924
1026.214,1.252735
1026.696,1.279135
1027.178,0.947093
1027.66,0.70139
1028.142,1.019032
1028.624,1.46918
1029.106,1.674969
1029.588,1.644022
1030.071,1.646347
1030.553,1.804787
1031.035,1.71772
1031.517,1.15363
1031.999,0.523792
1032.481,0.687226
1032.963,1.366617
1033.445,1.87939
1033.927,2.096038
1034.41,1.994498
1034.892,1.156549
1035.374,0.341157
1035.856,0.099671997
1036.338,0.422484
1036.82,0.775537
1037.302,1.155159
1037.784,1.476743
1038.266,1.762902
1038.749,1.899326
1039.231,1.670506
1039.713,1.205553
1040.195,0.80065
1040.677,0.39097
1041.159,0.33903
1041.641,0.760926
1042.123,1.299321
1042.605,1.514134
1043.088,1.49673
1043.57,1.520214
1044.052,1.6132
1044.534,1.592749
1045.016,1.137351
1045.498,0.771788
1045.98,0.815152
1046.462,1.173263
1046.945,1.462546
1047.427,1.688472
1047.909,1.724065
1048.391,1.435981
1048.873,1.138741
1049.355,1.280101
1049.837,1.56828
1050.319,1.569167
1050.802,0.870201
1051.284,0.75421
1051.766,1.518064
1052.248,2.225916
1052.73,2.038264
1053.212,1.291933
1053.694,1.04139
1054.176,1.2142
1054.658,1.457393
1055.141,1.784107
1055.623,1.928101
1056.105,1.641427
1056.587,1.178309
1057.069,0.902174
1057.551,0.836042
1058.033,0.95564
1058.515,1.303366
1058.998,1.643582
1059.48,1.89763
1059.962,1.947238
1060.444,1.573794
1060.926,0.774035
1061.408,0.459032
1061.89,0.857805
1062.372,1.18092
1062.854,1.126991
1063.337,0.900431
1063.819,0.866778
1064.301,0.966086
1064.783,1.085559
1065.265,1.222173
1065.747,1.272124
1066.229,1.14071
1066.711,0.985316
1067.193,0.812922
1067.676,0.637688
1068.158,0.753585
1068.64,1.145811
1069.122,1.515997
1069.604,1.724615
1070.086,1.810578
1070.568,1.795584
1071.05,1.677146
1071.532,1.423545
1072.015,0.910549
1072.497,0.760677
1072.979,1.102131
1073.461,1.469803
1073.943,1.186463
1074.425,0.690432
1074.907,0.686054
1075.389,1.179107
1075.872,1.532313
1076.354,1.505565
1076.836,1.42418
1077.318,1.370326
1077.8,1.315527
1078.282,1.134519
1078.764,0.887778
1079.246,0.807239
1079.729,0.983019
1080.211,1.21964
1080.693,1.556133
1081.175,1.783215
1081.657,1.727439
1082.139,1.389321
1082.621,1.004416
1083.103,0.56329
1083.585,0.481564
1084.068,1.417967
1084.55,2.351429
1085.032,2.098886
1085.514,1.194561
1085.996,0.596991
1086.478,0.521683
1086.96,0.541665
1087.442,0.654769
1087.925,0.829294
1088.407,1.20249
1088.889,1.54116
1089.371,1.263551
1089.853,0.464268
1090.335,0.10802
1090.817,0.122441
1091.299,0.097507998
1091.781,0.607374
1092.264,1.158735
1092.746,1.202705
1093.228,0.247377
1093.71,1.129622
1094.192,1.902654
1094.674,2.104184
1095.156,0.022441
1095.638,0.889102
1096.12,0.5742
1096.603,0.210843
1097.085,1.492534
1097.567,0.257028
1098.049,0.999955
1098.531,1.05673
1099.013,1.661965
1099.495,1.07834
1099.977,0.861928
1100.459,1.834814
1100.942,2.149176
1101.424,1.428752
1101.906,2.068983
1102.388,0.278197
1102.87,0.620687
1103.352,1.883604
1103.834,1.223033
1104.316,1.885077
1104.799,2.043394
1105.281,0.087255999
1105.763,1.763047
1106.245,1.891647
1106.727,0.252438
1107.209,1.966364
1107.691,0.570893
1108.173,0.285306
1108.656,0.834962
1109.138,0.513931
1109.62,1.565704
1110.102,1.294989
1110.584,0.906117
1111.066,1.033151
1111.548,0.68554
1112.03,1.081889
1112.512,0.607104
1112.995,1.052293
1113.477,1.706244
1113.959,0.76299
1114.441,1.51133
1114.923,0.362803
1115.405,0.042552002
1115.887,0.041384999
1116.369,-0.1735413
1116.852,0.333377
1117.334,0.074120998
1117.816,1.088106
1118.298,0.986851
1118.78,1.413873
1119.262,0.277003
1119.744,0.609298
1120.226,0.536649
1120.708,1.863357
1121.191,2.085441
1121.673,0.975131
1122.155,0.129524
1122.637,1.297883
1123.119,0.325358
1123.601,0.647579
1124.083,0.367395
1124.565,0.227971
1125.047,0.090671003
1125.53,0.665558
1126.012,0.559673
1126.494,0.845955
1126.976,0.746574
1127.458,1.04353
1127.94,1.296392
1128.422,1.455324
1128.904,1.18391
1129.386,1.717435
1129.869,0.532826
1130.351,0.000145
1130.833,0.069081999
1131.315,2.048803
1131.797,2.133817
1132.279,0.210679
1132.761,1.810813
1133.243,1.145951
1133.726,1.279366
1134.208,1.121555
1134.69,1.05129
1135.172,0.426246
1135.654,0.28566
1136.136,0.502064
1136.618,0.855592
1137.1,1.237655
1137.583,1.540268
1138.065,1.574018
1138.547,1.798594
1139.029,1.278588
1139.511,1.812902
1139.993,2.109789
1140.475,1.78511
1140.957,1.20793
1141.439,0.861691
1141.922,0.712003
1142.404,0.724996
1142.886,1.034482
1143.368,1.102686
1143.85,0.81067
1144.332,0.464503
1144.814,0.197368
1145.296,0.044606999
1145.779,0.153733
1146.261,0.456592
1146.743,0.755191
1147.225,0.926232
1147.707,1.157913
1148.189,1.588307
1148.671,1.939327
1149.153,1.893804
1149.635,1.546528
1150.118,1.34636
1150.6,1.30015
1151.082,1.35376
1151.564,1.746899
1152.046,1.939806
1152.528,1.578218
1153.01,1.048423
1153.492,0.93819
1153.974,1.19063
1154.457,1.061472
1154.939,0.494355
1155.421,0.035328999
1155.903,0.162651
1156.385,0.440363
1156.867,0.683864
1157.349,0.873469
1157.831,0.954163
1158.313,0.924129
1158.796,0.890123
1159.278,0.859436
1159.76,0.914029
1160.242,1.35974
1160.724,1.725991
1161.206,1.49032
1161.688,0.755115
1162.17,0.356936
1162.653,0.304955
1163.135,0.494076
1163.617,1.001736
1164.099,1.416121
1164.581,1.128654
1165.063,0.640779
1165.545,0.546144
1166.027,0.954985
1166.51,1.066398
1166.992,0.830935
1167.474,0.57485
1167.956,0.419776
1168.438,0.32518
1168.92,0.117331
1169.402,0.014001
1169.884,0.275641
1170.366,1.338937
1170.849,1.827287
1171.331,1.594937
1171.813,1.254404
1172.295,1.086919
1172.777,1.033422
1173.259,1.255427
1173.741,1.591296
1174.223,1.747396
1174.706,1.428049
1175.188,1.229079
1175.67,1.170971
1176.152,1.171099
1176.634,1.23243
1177.116,1.278049
1177.598,1.072927
1178.08,0.717683
1178.563,0.517112
1179.045,0.724829
1179.527,0.857304
1180.009,0.847675
1180.491,0.810607
1180.973,0.937051
1181.455,1.071567
1181.937,0.655801
1182.419,0.140471
1182.901,0.574457
1183.384,0.132254
1183.866,0.431332
1184.348,1.14566
1184.83,1.672344
1185.312,1.325582
1185.794,0.508695
1186.276,0.338733
1186.758,0.849092
1187.24,1.424953
1187.723,2.187509
1188.205,2.396317
1188.687,1.639194
1189.169,0.602426
1189.651,0.486573
1190.133,0.955579
1190.615,1.173333
1191.097,1.009165
1191.58,0.770105
1192.062,0.249116
1192.544,0.145974
1193.026,0.846853
1193.508,1.918237
1193.99,2.4998
1194.472,2.63852
1194.954,2.405299
1195.437,1.76495
1195.919,1.239248
1196.401,1.056255
1196.883,1.058887
1197.365,1.210183
1197.847,1.471818
1198.329,1.895243
1198.811,2.347032
1199.293,2.196195
1199.776,1.091647
1200.258,0.302131
1200.74,0.760495
1201.222,1.325141
1201.704,1.439156
1202.186,1.203099
1202.668,0.921915
1203.15,0.63367
1203.633,0.488253
1204.115,0.530773
1204.597,0.73198
1205.079,1.371953
1205.561,1.854537
1206.043,1.72853
1206.525,1.161195
1207.007,1.04374
1207.49,1.284498
1207.972,1.471579
1208.454,1.456326
1208.936,1.338055
1209.418,0.999112
1209.9,0.721123
1210.382,0.721163
1210.864,0.952971
1211.346,1.158534
1211.828,1.316293
1212.311,1.305667
1212.793,0.912894
1213.275,0.585457
1213.757,0.460048
1214.239,0.49783
1214.721,0.778447
1215.203,1.234715
1215.685,1.246068
1216.167,0.902361
1216.65,0.684187
1217.132,0.996271
1217.614,1.256721
1218.096,1.325385
1218.578,1.228438
1219.06,0.838991
1219.542,0.258813
1220.024,0.260664
1220.507,0.764551
1220.989,1.251354
1221.471,1.580054
1221.953,1.687382
1222.435,1.396739
1222.917,1.078321
1223.399,1.195671
1223.881,1.628222
1224.364,1.775833
1224.846,1.646573
1225.328,1.416406
1225.81,1.046034
1226.292,0.76748
1226.774,0.685715
1227.256,0.616083
1227.738,0.270742
1228.22,0.237866
1228.703,0.510821
1229.185,0.535797
1229.667,0.394036
1230.149,0.167958
1230.631,0.470381
1231.113,0.241757
1231.595,0.099179998
1232.077,0.040270001
1232.56,0.486827
1233.042,0.751288
1233.524,0.820572
1234.006,0.892451
1234.488,1.085178
1234.97,1.229066
1235.452,1.273411
1235.934,1.290798
1236.417,1.436675
1236.899,1.341997
1237.381,1.526938
1237.863,1.199894
1238.345,0.937366
1238.827,0.846547
1239.309,0.832243
1239.791,0.891713
1240.273,0.980786
1240.755,1.065861
1241.238,1.204126
1241.72,1.396793
1242.202,1.620451
1242.684,1.62912
1243.166,1.236755
1243.648,0.918975
1244.13,0.754048
1244.612,0.713554
1245.094,0.925631
1245.577,1.145157
1246.059,0.828595
1246.541,0.00062800001
1247.023,0.19713
1247.505,0.59737
1247.987,1.20489
1248.469,1.351315
1248.951,1.329516
1249.434,1.557055
1249.916,1.787771
1250.398,1.669656
1250.88,1.200561
1251.362,0.896461
1251.844,0.816351
1252.326,0.693547
1252.808,0.436545
1253.291,0.264187
1253.773,0.525985
1254.255,0.896953
1254.737,1.047174
1255.219,0.975098
1255.701,0.976718
1256.183,1.077351
1256.665,0.984462
1257.147,0.584646
1257.63,0.248425
1258.112,0.416895
1258.594,0.717295
1259.076,0.85522
1259.558,0.842696
1260.04,0.75303
1260.522,0.586473
1261.004,0.39408
1261.487,0.152209
1261.969,0.128393
1262.451,0.832756
1262.933,1.520479
1263.415,1.609626
1263.897,1.943664
1264.379,2.002949
1264.861,1.771719
1265.344,1.71385
1265.826,0.990329
1266.308,0.396009
1266.79,0.364267
1267.272,0.524818
1267.754,0.864594
1268.236,1.153787
1268.718,1.114515
1269.2,0.833961
1269.682,0.63604
1270.165,0.594198
1270.647,0.535285
1271.129,0.240513
1271.611,0.121362
1272.093,0.357143
1272.575,0.779187
1273.057,1.163487
1273.539,1.44471
1274.021,1.377055
1274.504,1.547072
1274.986,1.668072
1275.468,1.354757
1275.95,1.619321
1276.432,1.166507
1276.914,0.490602
1277.396,0.535125
1277.878,0.871448
1278.361,0.70257
1278.843,0.975614
1279.325,1.376271
1279.807,1.161777
1280.289,1.316016
1280.771,1.753494
1281.253,1.204467
1281.735,1.074153
1282.218,1.053697
1282.7,0.670648
1283.182,0.755363
1283.664,0.083476
1284.146,0.668849
1284.628,1.103747
1285.11,0.889748
1285.592,0.610699
1286.074,0.867484
1286.557,1.21218
1287.039,1.270921
1287.521,1.116432
1288.003,0.99338
1288.485,0.908666
1288.967,1.024234
1289.449,1.413451
1289.931,1.61828
1290.414,1.195092
1290.896,0.676958
1291.378,0.263536
1291.86,0.00080600003
1292.342,0.050377999
1292.824,0.34661
1293.306,0.696353
1293.788,1.079103
1294.271,1.251677
1294.753,0.973786
1295.235,0.794321
1295.717,0.90122
1296.199,1.120658
1296.681,1.24027
1297.163,1.221865
1297.645,0.880651
1298.127,0.19796
1298.609,0.135629
1299.092,0.065324001
1299.574,0.424756
1300.056,0.928533
1300.538,1.335152
1301.02,1.204611
1301.502,0.922574
1301.984,0.761057
1302.466,1.155728
1302.948,1.128551
1303.431,0.632512
1303.913,0.221884
1304.395,0.0
1500.0,0.0
