WavwNum_Quartz,value_Quartz
100.0,0.0
113.173,0.0
113.6551,0.537445
114.1373,1.620407
114.6194,6.682663
115.1015,12.95487
115.5836,19.49544
116.0657,26.55046
116.5478,33.84793
117.03,41.32278
117.5121,49.39359
117.9942,57.07373
118.4763,65.62769
118.9584,76.66563
119.4405,90.74765
119.9227,107.5697
120.4048,126.4288
120.8869,146.9299
121.369,171.0792
121.8511,200.376
122.3332,234.22
122.8154,271.4254
123.2975,308.7981
123.7796,350.3903
124.2617,401.9169
124.7438,465.6781
125.2259,534.1323
125.7081,608.4594
126.1902,684.132
126.6723,739.476
127.1544,771.4119
127.6365,779.494
128.1186,754.4647
128.6008,687.6782
129.0829,597.4016
129.565,502.8613
130.0471,404.6067
130.5292,314.1513
131.0113,240.3129
131.4935,181.8835
131.9756,134.8343
132.4577,100.1095
132.9398,75.87634
133.4219,57.34039
133.904,43.80405
134.3862,33.82187
134.8683,27.13428
135.3504,23.72325
135.8325,21.67563
136.3146,20.15274
136.7967,18.67967
137.2789,16.46275
137.761,14.22267
138.2431,12.40218
138.7252,11.82579
139.2073,12.79324
139.6894,13.50652
140.1716,13.06526
140.6537,11.17537
141.1358,10.46048
141.6179,11.29257
142.1,12.90392
142.5821,13.87042
143.0643,14.09967
143.5464,13.93556
144.0285,13.43578
144.5106,12.35623
144.9927,11.61792
145.4748,11.45787
145.957,11.60075
146.4391,11.2496
146.9212,10.18027
147.4033,8.890915
147.8854,7.585312
148.3675,6.245667
148.8497,4.922867
149.3318,3.634323
149.8139,2.377228
150.296,1.139877
150.7781,0.092299998
151.2602,1.056076
151.7424,2.4505
152.2245,4.558548
152.7066,6.385513
153.1887,7.907394
153.6708,9.105408
154.1529,9.914932
154.6351,10.12059
155.1172,10.07375
155.5993,10.01187
156.0814,9.950943
156.5635,9.889923
157.0456,9.978409
157.5278,10.21098
158.0099,9.983124
158.492,9.108948
158.9741,7.754379
159.4562,6.067184
159.9383,3.83934
160.4205,1.504059
160.9026,0.642502
161.3847,2.547958
161.8668,4.979263
162.3489,8.603287
162.831,12.77235
163.3132,16.73361
163.7953,19.58968
164.2774,22.67181
164.7595,26.92282
165.2416,32.63376
165.7237,38.02072
166.2059,41.91612
166.688,45.01358
167.1701,48.36751
167.6522,52.41873
168.1343,56.88713
168.6164,61.55359
169.0985,66.38193
169.5807,71.55449
170.0628,77.32544
170.5449,83.53482
171.027,89.82483
171.5091,96.0755
171.9912,102.3705
172.4734,108.6044
172.9555,114.6231
173.4376,121.1315
173.9197,128.8615
174.4018,137.5983
174.8839,146.7217
175.3661,155.1777
175.8482,163.9534
176.3303,174.3836
176.8124,186.9415
177.2945,200.6483
177.7766,215.2311
178.2588,230.4539
178.7409,244.7187
179.223,255.6798
179.7051,265.344
180.1872,277.3551
180.6693,292.763
181.1515,310.1456
181.6336,328.0198
182.1157,346.2729
182.5978,364.0374
183.0799,380.018
183.562,395.1646
184.0442,411.7155
184.5263,430.3187
185.0084,450.4409
185.4905,471.9041
185.9726,494.5936
186.4547,517.8461
186.9369,540.8866
187.419,564.1038
187.9011,588.0271
188.3832,612.803
188.8653,638.6767
189.3474,666.8102
189.8296,697.5212
190.3117,728.5976
190.7938,758.6374
191.2759,787.6445
191.758,815.1124
192.2401,839.9344
192.7223,863.9724
193.2044,893.7375
193.6865,930.0646
194.1686,967.8596
194.6507,1002.321
195.1328,1033.577
195.615,1064.276
196.0971,1094.717
196.5792,1124.878
197.0613,1154.577
197.5434,1183.567
198.0255,1212.836
198.5077,1243.369
198.9898,1275.439
199.4719,1305.252
199.954,1332.261
200.4361,1356.223
200.9182,1375.89
201.4004,1390.456
201.8825,1402.842
202.3646,1417.06
202.8467,1433.789
203.3288,1445.825
203.8109,1451.287
204.2931,1450.501
204.7752,1445.954
205.2573,1437.589
205.7394,1425.643
206.2215,1409.859
206.7036,1389.995
207.1858,1368.437
207.6679,1345.873
208.15,1322.205
208.6321,1296.133
209.1142,1267.569
209.5963,1236.728
210.0785,1203.162
210.5606,1166.303
211.0427,1129.778
211.5248,1094.453
212.0069,1060.309
212.489,1025.52
212.9712,990.2153
213.4533,953.9653
213.9354,916.3079
214.4175,875.9158
214.8996,837.1449
215.3817,800.632
215.8639,766.7053
216.346,734.1597
216.8281,703.2295
217.3102,673.3098
217.7923,643.8425
218.2744,613.8329
218.7565,586.163
219.2387,562.5319
219.7208,542.8229
220.2029,521.8312
220.685,498.7133
221.1671,475.528
221.6492,455.0808
222.1314,438.1787
222.6135,421.7289
223.0956,405.447
223.5777,389.1167
224.0598,372.8951
224.5419,356.2231
225.0241,340.113
225.5062,325.421
225.9883,312.6886
226.4704,300.4445
226.9525,288.5547
227.4346,276.8313
227.9168,266.157
228.3989,256.9203
228.881,248.2952
229.3631,239.626
229.8452,230.7691
230.3273,221.9774
230.8095,213.11
231.2916,204.0965
231.7737,196.1167
232.2558,189.7195
232.7379,183.9031
233.22,177.5734
233.7022,170.0573
234.1843,163.1518
234.6664,157.5495
235.1485,153.3916
235.6306,148.7055
236.1127,142.8268
236.5949,136.867
237.077,131.9431
237.5591,128.5473
238.0412,125.3381
238.5233,122.0018
239.0054,118.4817
239.4876,115.3981
239.9697,113.0219
240.4518,110.9993
240.9339,108.8597
241.416,106.136
241.8981,104.0272
242.3803,102.706
242.8624,102.1607
243.3445,102.4691
243.8266,104.304
244.3087,106.3469
244.7908,107.4119
245.273,106.8731
245.7551,106.5979
246.2372,107.1791
246.7193,108.4675
247.2014,108.2649
247.6835,105.424
248.1657,102.4324
248.6478,101.3384
249.1299,103.1206
249.612,104.6661
250.0941,105.5481
250.5762,105.851
251.0584,106.268
251.5405,106.9497
252.0226,107.5455
252.5047,107.7189
252.9868,107.029
253.4689,106.9835
253.9511,107.79
254.4332,109.3703
254.9153,111.2781
255.3974,113.5513
255.8795,116.112
256.3616,118.7656
256.8438,121.1239
257.3259,124.6365
257.808,129.5872
258.2901,135.741
258.7722,142.2299
259.2543,148.5871
259.7365,156.1181
260.2186,165.8718
260.7007,178.35
261.1828,191.4176
261.6649,205.3772
262.147,219.6027
262.6292,233.3134
263.1113,248.1043
263.5934,258.9296
264.0755,263.7104
264.5576,262.9037
265.0397,254.0814
265.5219,235.1646
266.004,209.4035
266.4861,182.711
266.9682,154.1145
267.4503,127.653
267.9324,105.7497
268.4146,88.51443
268.8967,73.74637
269.3788,61.6676
269.8609,51.92077
270.343,44.38751
270.8251,39.49942
271.3073,35.2483
271.7894,30.82543
272.2715,26.10519
272.7536,22.68021
273.2357,20.80821
273.7178,19.78316
274.2,18.4331
274.6821,16.61892
275.1642,15.19352
275.6463,14.75292
276.1284,15.3018
276.6105,14.62663
277.0927,12.41834
277.5748,9.655235
278.0569,7.49115
278.539,5.958572
279.0211,4.829102
279.5032,4.134094
279.9854,3.837784
280.4675,3.501205
280.9496,3.084045
281.4317,2.76403
281.9138,2.84404
282.3959,3.347336
282.8781,3.643852
283.3602,3.585327
283.8423,3.190636
284.3244,2.384827
284.8065,1.064262
285.2886,0.060821999
285.7708,0.040183999
286.2529,1.039017
286.735,1.463669
287.2171,0.637321
287.6992,0.911392
288.1813,1.613327
288.6635,1.434517
289.1456,1.174095
289.6277,1.689644
290.1098,2.802048
290.5919,3.160789
291.074,2.289345
291.5562,0.973389
292.0383,0.899574
292.5204,2.013031
293.0025,3.109505
293.4846,3.276573
293.9667,2.773232
294.4489,2.564621
294.931,2.85994
295.4131,3.220253
295.8952,2.742035
296.3773,1.594734
296.8594,0.862808
297.3416,1.599632
297.8237,3.149712
298.3058,3.986374
298.7879,3.959732
299.27,3.483978
299.7521,2.772011
300.2343,1.947128
300.7164,1.429588
301.1985,1.638741
301.6806,2.207855
302.1627,2.574226
302.6448,2.721016
303.127,2.747543
303.6091,2.77356
304.0912,2.749763
304.5733,2.585213
305.0554,2.11853
305.5375,1.557991
306.0197,1.132652
306.5018,0.838615
306.9839,0.592583
307.466,0.359856
307.9481,0.131004
308.4302,0.112282
308.9124,0.444611
309.3945,0.72596
309.8766,0.783432
310.3587,0.659271
310.8408,0.581291
311.3229,0.755516
311.8051,1.013237
312.2872,1.181122
312.7693,1.185104
313.2514,1.149567
313.7335,1.115723
314.2156,1.094383
314.6978,1.114159
315.1799,1.221008
315.662,1.352715
316.1441,1.497963
316.6262,1.721916
317.1083,1.774483
317.5905,1.244659
318.0726,0.504089
318.5547,0.19371
319.0368,0.987434
319.5189,1.915932
320.001,2.561623
320.4832,2.903152
320.9653,2.912781
321.4474,2.002296
321.9295,0.950089
322.4116,0.661774
322.8937,2.636024
323.3759,4.146141
323.858,4.102905
324.3401,2.381844
324.8222,1.096031
325.3043,0.945892
325.7864,1.132988
326.2686,1.04171
326.7507,0.251862
327.2328,0.870735
327.7149,0.067795001
328.197,1.959122
328.6791,3.088455
329.1613,2.279953
329.6434,1.361069
330.1255,1.262291
330.6076,2.805344
331.0897,3.970718
331.5718,4.447342
332.054,4.531715
332.5361,5.065254
333.0182,6.11692
333.5003,7.535652
333.9824,9.264008
334.4645,11.34562
334.9467,13.62462
335.4288,16.00177
335.9109,18.63515
336.393,21.84386
336.8751,26.04949
337.3572,29.91026
337.8394,33.05685
338.3215,35.44604
338.8036,37.43176
339.2857,38.8084
339.7678,40.14889
340.2499,42.08075
340.732,44.5909
341.2141,47.59891
341.6963,51.25199
342.1784,55.34806
342.6605,58.73145
343.1426,61.20253
343.6247,63.75662
344.1068,67.17796
344.589,71.38948
345.0711,75.96435
345.5532,80.89349
346.0353,85.95297
346.5174,89.77071
346.9995,92.43101
347.4817,97.03241
347.9638,105.7228
348.4459,117.9517
348.928,131.6312
349.4101,146.4993
349.8922,163.0339
350.3744,181.3476
350.8565,201.4908
351.3386,224.3279
351.8207,251.263
352.3028,280.6766
352.7849,312.1364
353.2671,345.92
353.7492,375.7348
354.2313,401.796
354.7134,419.4816
355.1955,420.4807
355.6776,397.2365
356.1598,360.5016
356.6419,314.5125
357.124,261.3648
357.6061,211.9878
358.0882,171.715
358.5703,138.7922
359.0525,112.5187
359.5346,94.08251
360.0167,79.55147
360.4988,67.68869
360.9809,58.08994
361.463,50.08824
361.9452,44.11018
362.4273,39.18926
362.9094,34.81008
363.3915,30.88571
363.8736,27.63358
364.3557,25.53808
364.8379,24.0275
365.32,22.44788
365.8021,20.50639
366.2842,18.61795
366.7663,16.84152
367.2484,15.16659
367.7306,13.82806
368.2127,13.26294
368.6948,12.78281
369.1769,11.9368
369.659,9.737694
370.1411,8.389038
370.6233,8.577873
371.1054,9.777351
371.5875,9.940994
372.0696,8.221191
372.5517,6.49501
373.0338,5.59523
373.516,5.935417
373.9981,5.875931
374.4802,5.127625
374.9623,4.211327
375.4444,4.093277
375.9265,5.202461
376.4087,5.845009
376.8908,5.376686
377.3729,3.846077
377.855,3.032372
378.3371,3.068001
378.8192,3.437981
379.3014,3.636261
379.7835,3.637589
380.2656,3.681274
380.7477,3.908577
381.2298,4.234901
381.7119,4.447586
382.1941,4.498352
382.6762,4.800117
383.1583,5.8619
383.6404,7.510185
384.1225,8.939888
384.6046,9.990852
385.0868,10.82369
385.5689,11.51492
386.051,12.22529
386.5331,13.29331
387.0152,14.94572
387.4973,16.97351
387.9795,19.15668
388.4616,21.55604
388.9437,24.16984
389.4258,26.62981
389.9079,29.39658
390.39,33.15779
390.8722,38.71339
391.3543,44.62979
391.8364,50.65079
392.3185,56.31883
392.8006,60.15881
393.2827,61.66002
393.7649,60.93176
394.247,57.61458
394.7291,50.72169
395.2112,43.87337
395.6933,37.53308
396.1754,32.19371
396.6576,28.59449
397.1397,27.49033
397.6218,27.60299
398.1039,28.63996
398.586,30.60316
399.0681,33.23454
399.5503,37.02481
400.0324,41.18523
400.5145,45.13387
400.9966,49.75784
401.4787,53.00953
401.9608,55.10748
402.443,55.77675
402.9251,53.83354
403.4072,48.54568
403.8893,41.71941
404.3714,33.73703
404.8535,23.77134
405.3357,15.97578
405.8178,10.81747
406.2999,7.308479
406.782,4.110497
407.2641,1.151421
407.7462,1.042122
408.2284,2.049416
408.7105,2.151413
409.1926,2.978477
409.6747,4.641617
410.1568,6.211075
410.6389,6.85099
411.1211,6.672195
411.6032,6.284889
412.0853,5.71817
412.5674,5.119919
413.0495,4.615517
413.5316,4.222649
414.0138,4.054207
414.4959,4.596664
414.978,5.242996
415.4601,4.832253
415.9422,3.226875
416.4243,1.73999
416.9065,1.764717
417.3886,2.519836
417.8707,2.849426
418.3528,2.108406
418.8349,1.047432
419.317,0.001213
419.7992,1.024696
420.2813,1.898003
420.7634,2.487358
421.2455,2.987953
421.7276,3.519699
422.2097,4.102676
422.6919,4.731117
423.174,5.412514
423.6561,6.138939
424.1382,6.921944
424.6203,7.547203
425.1024,8.420044
425.5846,9.759712
426.0667,11.59444
426.5488,13.24352
427.0309,14.59918
427.513,15.88515
427.9951,17.26021
428.4773,18.76527
428.9594,20.21758
429.4415,21.3429
429.9236,22.51991
430.4057,24.91798
430.8878,28.89748
431.37,32.95177
431.8521,36.42488
432.3342,39.31856
432.8163,42.1147
433.2984,44.70802
433.7805,47.57562
434.2627,51.285
434.7448,55.7952
435.2269,60.66437
435.709,65.80454
436.1911,71.30791
436.6732,77.1121
437.1554,83.29178
437.6375,90.33115
438.1196,98.35987
438.6017,107.5085
439.0838,117.9278
439.5659,129.6461
440.048,142.8058
440.5302,157.8294
441.0123,174.451
441.4944,192.2269
441.9765,209.1824
442.4586,228.7239
442.9407,252.9561
443.4229,281.592
443.905,313.8261
444.3871,348.3943
444.8692,386.6609
445.3513,429.6066
445.8334,478.6553
446.3156,530.3026
446.7977,585.166
447.2798,641.7416
447.7619,697.1769
448.244,748.9924
448.7261,801.6774
449.2083,855.1085
449.6904,909.3809
450.1725,967.3051
450.6546,1029.234
451.1367,1093.508
451.6188,1157.747
452.101,1220.195
452.5831,1290.075
453.0652,1369.397
453.5473,1456.621
454.0294,1549.258
454.5115,1647.201
454.9937,1754.671
455.4758,1874.583
455.9579,2006.392
456.44,2147.736
456.9221,2299.354
457.4042,2464.48
457.8864,2649.743
458.3685,2851.991
458.8506,3069.151
459.3327,3302.072
459.8148,3544.158
460.2969,3793.39
460.7791,4047.816
461.2612,4293.105
461.7433,4544.408
462.2254,4769.723
462.7075,4945.798
463.1896,5074.141
463.6718,5130.755
464.1539,5103.185
464.636,4998.113
465.1181,4821.667
465.6002,4539.861
466.0823,4225.95
466.5645,3881.477
467.0466,3516.319
467.5287,3167.841
468.0108,2829.061
468.4929,2518.239
468.975,2241.971
469.4572,2002.958
469.9393,1791.26
470.4214,1611.601
470.9035,1456.758
471.3856,1320.452
471.8677,1204.653
472.3499,1100.563
472.832,1005.132
473.3141,919.3177
473.7962,845.9838
474.2783,785.9106
474.7604,732.5449
475.2426,682.6652
475.7247,636.1856
476.2068,594.2813
476.6889,556.9705
477.171,522.9045
477.6531,490.3466
478.1353,459.7855
478.6174,432.7076
479.0995,410.4918
479.5816,390.8466
480.0637,371.6802
480.5458,353.0886
481.028,335.7723
481.5101,320.8086
481.9922,306.7691
482.4743,292.5535
482.9564,277.7675
483.4385,263.7773
483.9207,251.344
484.4028,240.0279
484.8849,229.388
485.367,218.9091
485.8491,209.7358
486.3312,202.9059
486.8134,197.8701
487.2955,191.6608
487.7776,183.4135
488.2597,175.224
488.7418,167.8066
489.2239,161.1933
489.7061,155.6171
490.1882,151.3771
490.6703,147.7236
491.1524,143.6949
491.6345,139.1519
492.1166,135.0972
492.5988,131.7684
493.0809,128.8879
493.563,125.8691
494.0451,122.6948
494.5272,119.4815
495.0093,115.8354
495.4915,112.1721
495.9736,109.5602
496.4557,108.0907
496.9378,107.1576
497.4199,106.7976
497.902,106.5122
498.3842,105.4299
498.8663,102.3968
499.3484,99.82659
499.8305,99.55357
500.3126,100.8852
500.7947,102.1329
501.2769,101.6996
501.759,101.914
502.2411,103.9563
502.7232,108.1266
503.2053,112.9222
503.6874,117.7416
504.1696,123.16
504.6517,129.6655
505.1338,138.273
505.6159,146.511
506.098,154.4155
506.5801,161.5683
507.0623,167.5357
507.5444,173.0399
508.0265,175.597
508.5086,174.8925
508.9907,170.688
509.4728,159.5498
509.955,140.7972
510.4371,120.1819
510.9192,101.7676
511.4013,85.7405
511.8834,73.20332
512.3655,64.54829
512.8477,58.15554
513.3298,52.64932
513.8119,47.95338
514.294,43.87421
514.7761,40.03932
515.2582,36.96243
515.7404,35.52277
516.2225,35.45178
516.7046,34.83289
517.1867,32.09515
517.6688,29.0527
518.1509,26.87009
518.6331,25.93536
519.1152,25.23586
519.5973,25.19513
520.0794,25.08475
520.5615,23.94873
521.0436,20.55315
521.5258,18.0647
522.0079,17.23628
522.49,17.77615
522.9721,18.10703
523.4542,18.21146
523.9363,17.91658
524.4185,16.95126
524.9006,15.33723
525.3827,14.32204
525.8648,13.99915
526.3469,13.78194
526.829,12.95454
527.3112,11.67523
527.7933,10.48651
528.2754,9.40567
528.7575,8.660347
529.2396,8.795044
529.7217,9.520401
530.2039,9.987808
530.686,9.627388
531.1681,8.948608
531.6502,8.13253
532.1323,7.201424
532.6144,6.667778
533.0966,7.055222
533.5787,7.694427
534.0608,8.130753
534.5429,8.359703
535.025,8.266197
535.5071,7.545837
535.9893,6.61116
536.4714,6.099045
536.9535,6.2715
537.4356,6.356026
537.9177,6.134033
538.3998,5.677818
538.882,5.508804
539.3641,5.706581
539.8462,5.851021
540.3283,5.646629
540.8104,5.143257
541.2925,4.572609
541.7747,3.898186
542.2568,3.492615
542.7389,4.097534
543.221,5.270309
543.7031,5.965347
544.1852,5.817741
544.6674,5.205261
545.1495,4.14772
545.6316,2.878754
546.1137,1.981964
546.5958,1.950264
547.0779,2.168442
547.5601,2.399803
548.0422,2.634071
548.5243,2.666718
549.0064,2.351456
549.4885,1.897499
549.9706,1.431152
550.4528,1.016403
550.9349,0.449341
551.417,0.482491
551.8991,1.402527
552.3812,1.718033
552.8633,1.305229
553.3455,0.855988
553.8276,0.522003
554.3097,0.257797
554.7918,0.184662
555.2739,0.802971
555.756,1.027519
556.2382,0.176521
556.7203,1.245049
557.2024,2.105354
557.6845,2.340622
558.1666,2.418488
558.6487,2.579689
559.1309,2.861694
559.613,3.387589
560.0951,4.540009
560.5772,5.238785
561.0593,4.436752
561.5414,2.900414
562.0236,2.003693
562.5057,3.025978
562.9878,3.739311
563.4699,3.195793
563.952,1.572403
564.4341,0.800812
564.9163,1.271294
565.3984,2.041557
565.8805,2.821442
566.3626,3.754311
566.8447,3.650169
567.3268,2.238556
567.809,0.572151
568.2911,0.0053790002
568.7732,0.351463
569.2553,0.268898
569.7374,0.743736
570.2195,1.88195
570.7017,1.896347
571.1838,1.071449
571.6659,0.315475
572.148,0.068320997
572.6301,0.073867999
573.1122,0.212257
573.5944,0.452469
574.0765,0.585175
574.5586,0.325035
575.0407,0.066315003
575.5228,0.048119001
576.0049,0.359077
576.4871,0.770424
576.9692,1.424026
577.4513,2.069839
577.9334,2.509796
578.4155,2.835823
578.8976,2.641769
579.3798,1.602974
579.8619,0.244537
580.344,0.095833004
580.8261,0.624214
581.3082,1.651871
581.7903,2.930336
582.2725,4.232468
582.7546,4.775352
583.2367,4.608856
583.7188,4.294937
584.2009,3.846024
584.683,3.687622
585.1652,4.75502
585.6473,7.454185
586.1294,9.408569
586.6115,8.479675
587.0936,6.423042
587.5757,5.096977
588.0578,5.603546
588.5399,6.132156
589.022,6.359238
589.5042,6.388199
589.9863,6.450638
590.4684,6.449745
590.9505,6.658012
591.4326,7.239586
591.9147,8.124596
592.3969,8.673508
592.879,8.810196
593.3611,8.915581
593.8432,9.431213
594.3253,10.19705
594.8074,10.25116
595.2896,9.510345
595.7717,8.491699
596.2538,7.30764
596.7359,6.291138
597.218,6.143875
597.7001,7.414467
598.1823,8.797287
598.6644,9.723228
599.1465,10.12376
599.6286,9.876465
600.1107,8.043159
600.5928,6.469704
601.075,5.779976
601.5571,5.9244
602.0392,6.214371
602.5213,6.927666
603.0034,7.405869
603.4855,7.246643
603.9677,6.350815
604.4498,6.079384
604.9319,6.612282
605.414,7.212379
605.8961,7.065956
606.3782,6.323776
606.8604,6.058495
607.3425,6.480682
607.8246,6.905479
608.3067,6.461517
608.7888,5.49102
609.2709,4.695633
609.7531,4.134483
610.2352,4.038521
610.7173,4.933342
611.1994,6.475143
611.6815,7.719711
612.1636,8.462219
612.6458,8.667076
613.1279,8.040901
613.61,6.556679
614.0921,5.876305
614.5742,6.49025
615.0563,7.126671
615.5385,7.004776
616.0206,5.901268
616.5027,5.582222
616.9848,6.262947
617.4669,6.96524
617.949,6.318642
618.4312,4.631172
618.9133,3.478233
619.3954,3.270012
619.8775,3.482819
620.3596,3.457069
620.8417,3.308067
621.3239,3.327751
621.806,3.920288
622.2881,4.491096
622.7702,4.625069
623.2523,4.373093
623.7344,4.027412
624.2166,3.277718
624.6987,2.860832
625.1808,3.343262
625.6629,4.840591
626.145,5.550224
626.6271,5.077682
627.1093,4.346489
627.5914,4.038773
628.0735,4.155899
628.5556,4.122467
629.0377,3.873123
629.5198,3.550972
630.002,3.384346
630.4841,3.332573
630.9662,3.2043
631.4483,2.88047
631.9304,2.623657
632.4125,2.854836
632.8947,3.312317
633.3768,3.488258
633.8589,2.900558
634.341,2.299576
634.8231,1.948433
635.3052,1.836723
635.7874,1.89637
636.2695,2.369858
636.7516,2.70723
637.2337,2.537209
637.7158,1.761665
638.1979,2.005661
638.6801,3.780296
639.1622,5.356392
639.6443,4.886086
640.1264,2.685707
640.6085,1.779091
641.0906,2.52066
641.5728,3.842926
642.0549,5.026131
642.537,5.909958
643.0191,6.157768
643.5012,5.392609
643.9833,4.540939
644.4655,4.147041
644.9476,4.073647
645.4297,4.067993
645.9118,4.225403
646.3939,4.269714
646.876,4.14637
647.3582,3.859421
647.8403,3.366173
648.3224,2.449394
648.8045,1.742104
649.2866,1.465256
649.7687,1.598328
650.2509,2.158691
650.733,3.221237
651.2151,3.959358
651.6972,3.376114
652.1793,2.062881
652.6614,1.506203
653.1436,1.836235
653.6257,2.369904
654.1078,2.70472
654.5899,2.893303
655.072,3.01857
655.5541,3.208572
656.0363,3.09787
656.5184,2.204124
657.0005,1.089455
657.4826,0.496574
657.9647,0.767563
658.4468,1.038521
658.929,1.267197
659.4111,1.402794
659.8932,1.216484
660.3753,0.651199
660.8574,0.337112
661.3395,0.620796
661.8217,1.265533
662.3038,1.847588
662.7859,2.322701
663.268,2.347801
663.7501,1.104164
664.2322,0.304642
664.7144,0.736145
665.1965,0.151833
665.6786,0.613647
666.1607,1.599251
666.6428,2.343063
667.1249,2.522888
667.6071,1.904526
668.0892,1.241058
668.5713,0.319046
669.0534,0.380417
669.5355,0.353874
670.0176,0.57515
670.4998,1.382973
670.9819,1.975883
671.464,2.45118
671.9461,3.110107
672.4282,3.791519
672.9103,3.723045
673.3925,2.158073
673.8746,0.583939
674.3567,0.758209
674.8388,2.082085
675.3209,3.252617
675.803,3.701843
676.2852,3.900299
676.7673,3.912704
677.2494,3.824776
677.7315,3.903694
678.2136,4.232681
678.6957,4.663895
679.1779,5.221115
679.66,5.928604
680.1421,6.179146
680.6242,5.905037
681.1063,5.823204
681.5884,6.592346
682.0706,7.953316
682.5527,9.100868
683.0348,10.01671
683.5169,10.73956
683.999,11.17264
684.4811,11.50548
684.9633,12.00405
685.4454,12.83373
685.9275,13.45291
686.4096,13.30148
686.8917,13.01263
687.3738,13.32386
687.856,14.89159
688.3381,15.8972
688.8202,15.93417
689.3023,15.65933
689.7844,16.20366
690.2665,17.62474
690.7487,19.23418
691.2308,20.94251
691.7129,22.59288
692.195,23.97376
692.6771,25.17869
693.1592,26.23291
693.6414,27.52605
694.1235,28.59339
694.6056,28.94691
695.0877,28.72132
695.5698,28.45813
696.0519,28.99406
696.5341,28.94167
697.0162,27.41347
697.4983,24.45589
697.9804,22.23251
698.4625,20.93389
698.9446,19.95647
699.4268,19.11151
699.9089,18.36102
700.391,17.08382
700.8731,15.24335
701.3552,13.33999
701.8373,11.54624
702.3195,10.06171
702.8016,9.455345
703.2837,9.939644
703.7658,10.22247
704.2479,9.169243
704.73,7.715286
705.2122,6.768532
705.6943,7.108307
706.1764,6.908974
706.6585,5.466766
707.1406,3.82637
707.6227,3.323891
708.1049,4.313553
708.587,5.018196
709.0691,5.161087
709.5512,4.917969
710.0333,4.437851
710.5154,3.778198
710.9976,3.369057
711.4797,3.43322
711.9618,3.699188
712.4439,4.078796
712.926,4.440369
713.4081,4.477341
713.8903,3.460075
714.3724,2.704552
714.8545,3.064125
715.3366,4.27034
715.8187,4.551201
716.3008,3.413712
716.783,2.1548
717.2651,0.985725
717.7472,0.008781
718.2293,0.468674
718.7114,2.476601
719.1935,4.119377
719.6757,3.74015
720.1578,2.294624
720.6399,1.536331
721.122,1.505096
721.6041,1.757782
722.0862,2.370758
722.5684,2.869064
723.0505,2.881409
723.5326,2.213356
724.0147,1.67984
724.4968,1.311577
724.9789,1.177284
725.4611,1.468269
725.9432,2.523369
726.4253,2.425217
726.9074,0.762238
727.3895,0.906212
727.8716,0.443596
728.3538,1.516602
728.8359,2.355682
729.318,1.46096
729.8001,0.279366
730.2822,0.106735
730.7643,0.461205
731.2465,0.689606
731.7286,0.389618
732.2107,0.28212
732.6928,0.936447
733.1749,1.7659
733.657,1.819717
734.1392,0.492439
734.6213,0.203354
735.1034,0.249786
735.5855,1.18882
736.0676,1.075012
736.5497,0.00070199999
737.0319,0.568634
737.514,0.097815998
737.9961,1.175972
738.4782,1.658913
738.9603,1.681633
739.4424,1.590805
739.9246,1.462921
740.4067,1.337677
740.8888,1.284096
741.3709,1.264053
741.853,1.084457
742.3351,0.581535
742.8173,0.160881
743.2994,0.073317997
743.7815,0.134911
744.2636,0.054832
744.7457,0.179337
745.2278,0.380112
745.71,0.38903
746.1921,0.308472
746.6742,0.264923
747.1563,0.281296
747.6384,0.508224
748.1205,1.708984
748.6027,2.614777
749.0848,1.928299
749.5669,0.496048
750.049,1.768478
750.5311,0.452682
751.0132,0.860756
751.4954,0.851097
751.9775,0.629036
752.4596,1.223221
752.9417,0.800056
753.4238,0.163872
753.9059,0.137802
754.3881,0.159134
754.8702,0.047759999
755.3523,0.483192
755.8344,0.790939
756.3165,0.738716
756.7986,0.416771
757.2808,0.200516
757.7629,1.317955
758.245,1.983627
758.7271,1.670082
759.2092,1.167992
759.6913,1.062622
760.1735,1.545692
760.6556,1.558624
761.1377,0.961868
761.6198,0.253922
762.1019,0.084220998
762.584,0.085395999
763.0662,0.23188
763.5483,0.926498
764.0304,1.592834
764.5125,1.910675
764.9946,1.988144
765.4767,1.946373
765.9589,1.829834
766.441,1.558037
766.9231,0.603767
767.4052,0.191772
767.8873,0.268509
768.3694,2.523048
768.8516,3.835999
769.3337,3.746849
769.8158,3.0243
770.2979,2.774719
770.78,2.855873
771.2621,2.697189
771.7443,1.993439
772.2264,1.395126
772.7085,1.684998
773.1906,2.372902
773.6727,2.727608
774.1548,1.873238
774.637,1.506287
775.1191,2.224625
775.6012,3.426598
776.0833,4.210258
776.5654,4.478119
777.0475,4.760254
777.5297,5.223946
778.0118,5.636284
778.4939,5.44854
778.976,4.818153
779.4581,4.31897
779.9402,4.083443
780.4224,4.169395
780.9045,4.852394
781.3866,5.85421
781.8687,6.648483
782.3508,6.921417
782.8329,7.173706
783.3151,7.528717
783.7972,7.911057
784.2793,8.144646
784.7614,8.200432
785.2435,8.16259
785.7256,8.103737
786.2077,8.163589
786.6898,8.483978
787.1719,9.102951
787.6541,10.1271
788.1362,12.34503
788.6183,14.29626
789.1004,14.28555
789.5825,13.24033
790.0646,13.48609
790.5468,17.07557
791.0289,20.14802
791.511,21.73012
791.9931,22.3289
792.4752,23.35255
792.9573,24.86648
793.4395,26.65078
793.9216,28.70629
794.4037,30.9402
794.8858,33.27522
795.3679,35.71255
795.85,37.86998
796.3322,39.00423
796.8143,40.40121
797.2964,43.14243
797.7785,46.8045
798.2606,49.73538
798.7427,51.04353
799.2249,52.70369
799.707,55.0669
800.1891,58.12985
800.6712,62.14908
801.1533,67.11613
801.6354,72.05549
802.1176,75.97167
802.5997,80.21697
803.0818,87.52205
803.5639,96.93288
804.046,105.5412
804.5281,110.7324
805.0103,116.1382
805.4924,124.4288
805.9745,134.4909
806.4566,141.4948
806.9387,144.3203
807.4208,146.352
807.903,149.0446
808.3851,151.401
808.8672,149.5659
809.3493,143.7476
809.8314,136.0506
810.3135,127.0756
810.7957,117.2108
811.2778,106.1887
811.7599,94.51722
812.242,83.68886
812.7241,73.79431
813.2062,65.30852
813.6884,58.84639
814.1705,53.86515
814.6526,48.73903
815.1347,43.23608
815.6168,38.37837
816.0989,34.51324
816.5811,31.39883
817.0632,28.53903
817.5453,25.95184
818.0274,23.76047
818.5095,22.1563
818.9916,20.83954
819.4738,19.59786
819.9559,18.48561
820.438,17.69012
820.9201,17.9529
821.4022,17.57371
821.8843,15.97905
822.3665,13.7249
822.8486,12.34921
823.3307,11.88935
823.8128,11.38064
824.2949,10.35078
824.777,9.33522
825.2592,9.440727
825.7413,10.17967
826.2234,10.3372
826.7055,8.735008
827.1876,7.198288
827.6697,6.268257
828.1519,5.926651
828.634,6.080063
829.1161,7.040169
829.5982,7.768143
830.0803,8.115089
830.5624,8.082283
831.0446,7.366104
831.5267,6.169937
832.0088,5.583641
832.4909,6.262283
832.973,7.126968
833.4551,7.187027
833.9373,6.784233
834.4194,6.470146
834.9015,6.364807
835.3836,6.40995
835.8657,6.750381
836.3478,7.120377
836.83,6.953598
837.3121,6.13063
837.7942,6.093994
838.2763,7.330757
838.7584,8.713997
839.2405,8.492218
839.7227,7.306442
840.2048,6.442009
840.6869,6.264893
841.169,6.427773
841.6511,7.063705
842.1332,7.805573
842.6154,8.213547
843.0975,8.23423
843.5796,7.961533
844.0617,7.231133
844.5438,6.522064
845.0259,6.618553
845.5081,7.309265
845.9902,7.432358
846.4723,6.718163
846.9544,6.053528
847.4365,6.404587
847.9186,7.121552
848.4008,7.501678
848.8829,7.359055
849.365,7.039566
849.8471,6.502815
850.3292,5.903091
850.8113,5.315201
851.2935,4.721397
851.7756,4.283676
852.2577,3.988686
852.7398,4.001457
853.2219,4.985222
853.704,6.168716
854.1862,6.041512
854.6683,4.371033
855.1504,3.146263
855.6325,3.757942
856.1146,4.744614
856.5967,5.181763
857.0789,5.007393
857.561,4.780891
858.0431,4.54052
858.5252,4.134422
859.0073,3.135002
859.4894,1.891777
859.9716,1.963173
860.4537,3.212463
860.9358,4.127563
861.4179,3.46595
861.9,2.356651
862.3821,1.564079
862.8643,1.11702
863.3464,0.475601
863.8285,0.901016
864.3106,1.591492
864.7927,0.765678
865.2748,1.091682
865.757,1.635338
866.2391,0.931885
866.7212,0.044280998
867.2033,0.689835
867.6854,1.166794
868.1675,1.163429
868.6497,0.816635
869.1318,0.516594
869.6139,0.471939
870.096,0.388939
870.5781,0.152748
871.0602,0.152473
871.5424,0.282455
872.0245,0.207268
872.5066,0.27298
872.9887,0.652626
873.4708,1.058464
873.9529,0.872871
874.4351,0.399208
874.9172,0.313744
875.3993,1.147583
875.8814,1.947495
876.3635,2.610664
876.8456,2.908295
877.3278,2.433182
877.8099,0.620392
878.292,0.107384
878.7741,0.739075
879.2562,2.026726
879.7383,2.254791
880.2205,1.76564
880.7026,1.541718
881.1847,1.796486
881.6668,2.091988
882.1489,2.069191
882.631,1.994904
883.1132,2.097092
883.5953,2.394302
884.0774,2.979279
884.5595,4.143837
885.0416,5.043488
885.5237,4.771805
886.0059,3.57914
886.488,3.120148
886.9701,3.412514
887.4522,3.743462
887.9343,3.385391
888.4164,3.04567
888.8986,3.251633
889.3807,4.086304
889.8628,4.930893
890.3449,6.08371
890.827,6.646431
891.3091,5.997978
891.7913,4.490707
892.2734,4.18882
892.7555,5.035934
893.2376,5.76709
893.7197,5.489937
894.2018,4.950958
894.684,4.918808
895.1661,5.263084
895.6482,5.621292
896.1303,6.120537
896.6124,6.310959
897.0945,6.042633
897.5767,5.460274
898.0588,4.833725
898.5409,4.148743
899.023,3.561256
899.5051,3.074081
899.9872,2.834946
900.4694,2.962097
900.9515,3.305466
901.4336,3.476807
901.9157,3.130127
902.3978,3.080605
902.8799,4.094917
903.3621,5.116425
903.8442,5.092758
904.3263,3.731628
904.8084,3.152939
905.2905,3.555725
905.7726,4.091049
906.2548,3.73259
906.7369,3.038277
907.219,2.998566
907.7011,3.730309
908.1832,4.450081
908.6653,5.293457
909.1475,5.547066
909.6296,4.58551
910.1117,2.45137
910.5938,1.113747
911.0759,0.628464
911.558,0.705544
912.0402,1.446564
912.5223,2.508118
913.0044,3.266579
913.4865,3.744339
913.9686,3.98159
914.4507,3.87838
914.9329,3.667503
915.415,3.37455
915.8971,3.112778
916.3792,3.015884
916.8613,3.170845
917.3434,3.211136
917.8256,2.963974
918.3077,2.767044
918.7898,3.411087
919.2719,4.555435
919.754,5.393631
920.2361,5.699417
920.7183,5.668655
921.2004,5.178703
921.6825,4.462555
922.1646,3.735153
922.6467,2.879486
923.1288,2.753784
923.611,3.531448
924.0931,4.377892
924.5752,4.425903
925.0573,3.938316
925.5394,3.499168
926.0215,3.171867
926.5037,2.953873
926.9858,3.104355
927.4679,3.148399
927.95,2.6008
928.4321,1.545708
928.9142,1.238159
929.3964,1.925621
929.8785,2.430687
930.3606,2.197449
930.8427,1.535744
931.3248,0.972717
931.8069,0.560921
932.2891,0.472809
932.7712,1.275726
933.2533,1.872063
933.7354,1.485565
934.2175,0.680283
934.6996,0.647919
935.1818,1.785629
935.6639,2.225731
936.146,1.580605
936.6281,0.668053
937.1102,0.699501
937.5923,1.250443
938.0745,1.357353
938.5566,0.747513
939.0387,0.167465
939.5208,0.036331002
940.0029,0.019623
940.485,0.122482
940.9672,0.265373
941.4493,0.765915
941.9314,1.895638
942.4135,2.61969
942.8956,1.803635
943.3777,0.25267
943.8599,0.105713
944.342,0.550095
944.8241,0.972305
945.3062,0.222008
945.7883,1.063774
946.2704,0.058212001
946.7526,1.932861
947.2347,2.390114
947.7168,0.997955
948.1989,0.220818
948.681,0.883263
949.1631,2.041534
949.6453,2.410446
950.1274,2.261139
950.6095,2.089684
951.0916,2.067879
951.5737,1.951599
952.0558,1.377037
952.538,0.901947
953.0201,1.04348
953.5022,1.917831
953.9843,2.501144
954.4664,2.753571
954.9485,2.866417
955.4307,3.293228
955.9128,3.532112
956.3949,2.50116
956.877,0.340508
957.3591,0.878265
957.8412,0.512215
958.3234,1.857063
958.8055,2.29641
959.2876,2.046257
959.7697,1.921303
960.2518,1.921608
960.7339,1.877747
961.2161,1.716309
961.6982,1.505905
962.1803,1.170647
962.6624,0.909271
963.1445,0.977249
963.6266,1.752373
964.1088,2.338989
964.5909,2.789719
965.073,2.947159
965.5551,2.440765
966.0372,1.389656
966.5193,0.910042
967.0015,1.087257
967.4836,1.454102
967.9657,1.76355
968.4478,2.018044
968.9299,2.288879
969.412,2.566414
969.8942,2.42672
970.3763,1.541359
970.8584,0.9478
971.3405,1.215996
971.8226,1.860489
972.3047,1.270622
972.7869,0.197243
973.269,1.065857
973.7511,0.270332
974.2332,0.60907
974.7153,0.490982
975.1974,0.023331
975.6796,0.215645
976.1617,1.613319
976.6438,2.087311
977.1259,1.349831
977.608,0.342712
978.0901,0.036628999
978.5723,0.177948
979.0544,0.256882
979.5365,0.227341
980.0186,0.256233
980.5007,0.515152
980.9828,0.762878
981.465,0.910339
981.9471,0.950851
982.4291,0.73262
982.9113,0.202232
983.3934,0.064423002
983.8755,0.822021
984.3576,1.776855
984.8397,2.073105
985.3218,1.873314
985.804,1.4645
986.2861,0.423424
986.7682,0.035583001
987.2503,0.560051
987.7324,1.389709
988.2145,1.510887
988.6967,0.977386
989.1788,0.925232
989.6609,1.441742
990.143,1.946342
990.6251,2.06678
991.1072,1.90715
991.5894,1.341583
992.0715,0.422401
992.5536,0.169426
993.0357,1.03228
993.5178,1.684639
993.9999,1.590141
994.4821,1.125397
994.9642,1.298584
995.4463,1.899864
995.9284,2.217148
996.4105,1.985054
996.8926,1.434113
997.3748,0.023003001
997.8569,1.252472
998.339,1.147606
998.8211,1.12571
999.3032,1.78389
999.7853,0.492378
1000.267,0.905159
1000.75,0.476242
1001.232,0.703003
1001.714,0.717247
1002.196,0.316368
1002.678,0.872131
1003.16,0.388748
1003.642,1.265907
1004.124,1.041908
1004.607,0.133156
1005.089,0.170029
1005.571,0.105461
1006.053,0.466606
1006.535,0.81826
1007.017,1.098106
1007.499,1.194145
1007.981,1.218025
1008.463,1.2882
1008.946,1.380066
1009.428,1.73185
1009.91,2.653999
1010.392,3.197029
1010.874,2.227867
1011.356,0.365234
1011.838,0.172264
1012.32,1.3647
1012.802,2.2911
1013.285,1.804604
1013.767,1.081734
1014.249,0.601738
1014.731,0.317039
1015.213,0.041000001
1015.695,0.128838
1016.177,0.022803999
1016.659,0.44323
1017.142,1.007156
1017.624,1.541931
1018.106,1.880257
1018.588,1.702148
1019.07,0.855247
1019.552,0.156601
1020.034,0.383179
1020.516,0.521561
1020.998,0.0026700001
1021.481,1.024315
1021.963,1.673882
1022.445,1.974525
1022.927,2.052498
1023.409,1.624832
1023.891,1.396515
1024.373,2.21962
1024.855,3.436951
1025.338,3.846123
1025.82,3.066177
1026.302,2.414864
1026.784,1.943138
1027.266,1.702515
1027.748,1.843987
1028.23,2.218979
1028.712,2.515404
1029.194,2.72036
1029.677,3.11274
1030.159,4.487984
1030.641,5.218399
1031.123,4.439262
1031.605,2.792587
1032.087,2.194672
1032.569,2.553658
1033.051,2.6772
1033.534,2.08844
1034.016,1.513115
1034.498,1.720039
1034.98,2.248596
1035.462,2.5009
1035.944,2.119438
1036.426,2.396431
1036.908,3.690399
1037.391,4.630608
1037.873,3.72525
1038.355,1.881378
1038.837,1.659683
1039.319,2.704857
1039.801,3.39225
1040.283,2.436264
1040.765,1.615715
1041.247,1.623505
1041.729,2.059372
1042.212,2.274811
1042.694,2.265999
1043.176,2.113342
1043.658,1.800369
1044.14,1.534187
1044.622,1.366577
1045.104,1.445992
1045.586,1.991188
1046.069,3.066124
1046.551,3.745163
1047.033,3.911926
1047.515,3.88044
1047.997,3.667686
1048.479,3.449776
1048.961,3.850922
1049.443,4.548798
1049.926,4.672417
1050.408,3.437859
1050.89,2.464554
1051.372,2.244324
1051.854,2.556107
1052.336,3.328156
1052.818,4.593727
1053.3,6.078133
1053.782,7.783493
1054.265,8.524513
1054.747,6.152596
1055.229,3.558556
1055.711,3.495857
1056.193,5.372902
1056.675,6.475342
1057.157,6.175735
1057.639,5.908142
1058.121,5.814087
1058.604,5.892479
1059.086,5.845512
1059.568,5.894196
1060.05,6.743263
1060.532,8.61293
1061.014,10.1276
1061.496,10.38207
1061.978,10.32083
1062.461,10.22939
1062.943,10.15503
1063.425,10.42353
1063.907,11.00304
1064.389,11.57617
1064.871,11.86906
1065.353,12.43314
1065.835,13.96117
1066.318,15.79105
1066.8,17.15574
1067.282,17.77824
1067.764,18.73497
1068.246,20.03024
1068.728,21.5953
1069.21,23.52493
1069.692,25.60153
1070.174,27.47352
1070.656,29.18205
1071.139,30.97467
1071.621,32.81454
1072.103,34.9855
1072.585,37.58363
1073.067,40.40058
1073.549,43.15427
1074.031,45.90948
1074.513,49.1458
1074.996,52.85446
1075.478,56.91973
1075.96,61.16655
1076.442,65.82169
1076.924,70.92568
1077.406,76.55058
1077.888,83.0863
1078.37,90.6212
1078.853,97.85798
1079.335,104.1979
1079.817,110.1552
1080.299,117.6535
1080.781,124.6224
1081.263,128.1692
1081.745,126.8637
1082.227,124.4345
1082.709,121.2594
1083.192,116.0759
1083.674,107.3627
1084.156,96.24596
1084.638,84.57349
1085.12,72.89433
1085.602,62.77074
1086.084,55.24149
1086.566,48.78972
1087.048,43.18017
1087.531,38.23104
1088.013,33.84594
1088.495,29.97575
1088.977,26.02122
1089.459,21.92847
1089.941,18.85099
1090.423,18.67089
1090.905,18.79953
1091.387,17.24514
1091.87,14.48196
1092.352,12.72472
1092.834,12.05973
1093.316,11.81004
1093.798,11.94964
1094.28,12.00898
1094.762,11.30727
1095.244,10.26678
1095.727,9.394897
1096.209,8.801544
1096.691,8.219727
1097.173,7.562851
1097.655,7.0924
1098.137,7.005142
1098.619,7.10849
1099.101,7.01841
1099.583,6.74234
1100.066,6.279289
1100.548,5.454193
1101.03,4.747734
1101.512,4.092049
1101.994,3.807137
1102.476,4.513794
1102.958,6.063553
1103.44,5.883247
1103.922,4.138298
1104.405,2.726448
1104.887,3.202133
1105.369,3.876083
1105.851,3.670151
1106.333,3.058533
1106.815,3.038361
1107.297,3.737411
1107.779,4.099228
1108.262,4.017166
1108.744,3.656738
1109.226,2.962997
1109.708,2.219582
1110.19,1.586098
1110.672,1.127899
1111.154,1.244865
1111.636,2.257813
1112.119,2.940964
1112.601,2.989616
1113.083,2.641823
1113.565,2.113457
1114.047,1.491463
1114.529,0.900589
1115.011,0.32724
1115.493,0.01181
1115.975,0.064002998
1116.458,0.166046
1116.94,0.087021001
1117.422,0.055298001
1117.904,0.180511
1118.386,0.691536
1118.868,1.160225
1119.35,1.600708
1119.832,1.713211
1120.314,1.033722
1120.797,0.251907
1121.279,0.073044002
1121.761,0.051688999
1122.243,0.126915
1122.725,0.573799
1123.207,0.735535
1123.689,0.146851
1124.171,0.979042
1124.654,0.734497
1125.136,0.152046
1125.618,0.441376
1126.1,2.053146
1126.582,2.388786
1127.064,1.167999
1127.546,0.1745
1128.028,0.312897
1128.51,0.0040739998
1128.993,0.080779999
1129.475,0.450851
1129.957,0.412834
1130.439,0.393402
1130.921,0.661674
1131.403,0.042419001
1131.885,0.773827
1132.367,0.923653
1132.849,0.661995
1133.332,0.363045
1133.814,0.072433002
1134.296,0.247963
1134.778,0.515381
1135.26,0.980331
1135.742,1.814346
1136.224,2.770882
1136.706,3.394623
1137.189,3.71891
1137.671,3.860649
1138.153,3.824257
1138.635,3.641357
1139.117,2.879013
1139.599,2.474922
1140.081,3.153435
1140.563,4.549011
1141.046,4.722282
1141.528,3.941742
1142.01,3.604248
1142.492,4.474617
1142.974,5.560745
1143.456,6.579979
1143.938,7.401764
1144.42,7.816994
1144.902,7.80265
1145.385,8.416756
1145.867,9.593506
1146.349,10.63444
1146.831,11.00911
1147.313,11.33585
1147.795,12.08437
1148.277,13.0362
1148.759,13.72907
1149.241,13.96126
1149.724,15.12194
1150.206,17.34239
1150.688,19.59611
1151.17,20.98788
1151.652,22.00269
1152.134,22.66648
1152.616,23.31985
1153.098,25.22107
1153.581,29.00846
1154.063,31.89918
1154.545,33.39149
1155.027,34.51537
1155.509,36.19669
1155.991,38.27122
1156.473,40.80508
1156.955,43.71346
1157.438,45.74055
1157.92,46.49317
1158.402,47.2352
1158.884,48.41698
1159.366,49.32367
1159.848,48.73807
1160.33,47.18356
1160.812,45.61056
1161.294,44.23037
1161.776,42.07529
1162.259,38.56636
1162.741,34.95274
1163.223,31.47346
1163.705,28.34982
1164.187,26.46064
1164.669,25.26804
1165.151,23.34568
1165.633,19.98825
1166.116,17.11833
1166.598,15.34147
1167.08,14.00871
1167.562,12.88051
1168.044,11.91064
1168.526,10.98606
1169.008,10.07971
1169.49,9.073372
1169.973,7.816849
1170.455,6.651917
1170.937,5.676414
1171.419,4.87426
1171.901,4.236656
1172.383,3.774155
1172.865,3.706642
1173.347,3.921997
1173.829,3.780052
1174.312,2.250816
1174.794,1.146156
1175.276,1.558136
1175.758,2.477478
1176.24,3.004417
1176.722,3.144241
1177.204,3.288246
1177.686,3.415688
1178.168,3.17009
1178.651,1.695885
1179.133,0.488213
1179.615,0.381538
1180.097,1.003769
1180.579,2.202065
1181.061,3.999268
1181.543,3.723145
1182.025,1.146545
1182.508,0.973709
1182.99,0.0081709996
1183.472,1.46843
1183.954,1.73642
1184.436,1.193184
1184.918,0.66629
1185.4,0.13398
1185.882,0.048018999
1186.365,0.513069
1186.847,1.094437
1187.329,1.625969
1187.811,1.975388
1188.293,1.83709
1188.775,1.405441
1189.257,1.591309
1189.739,2.436256
1190.221,2.679916
1190.703,2.012505
1191.186,1.22863
1191.668,1.048019
1192.15,1.099792
1192.632,1.127831
1193.114,1.102585
1193.596,0.965561
1194.078,0.717888
1194.56,0.270554
1195.043,0.504822
1195.525,1.095985
1196.007,0.882423
1196.489,0.285889
1196.971,0.372398
1197.453,1.05883
1197.935,1.386734
1198.417,1.30899
1198.9,1.313591
1199.382,1.661774
1199.864,1.940163
1200.346,1.619888
1200.828,1.043556
1201.31,0.604637
1201.792,0.35305
1202.274,0.037696999
1202.756,0.638603
1203.239,0.723282
1203.721,0.262764
1204.203,1.498116
1204.685,2.244568
1205.167,2.604691
1205.649,2.656952
1206.131,2.371765
1206.613,2.033539
1207.095,1.615196
1207.578,1.34256
1208.06,1.406036
1208.542,1.589432
1209.024,1.602173
1209.506,1.599854
1209.988,1.878815
1210.47,2.610939
1210.952,2.954971
1211.435,2.875145
1211.917,2.726257
1212.399,2.559074
1212.881,2.599182
1213.363,3.343567
1213.845,4.379135
1214.327,4.962212
1214.809,5.046577
1215.292,4.639229
1215.774,3.669922
1216.256,2.845062
1216.738,2.667259
1217.22,2.902351
1217.702,3.591362
1218.184,4.515335
1218.666,5.08548
1219.148,5.226173
1219.63,5.226425
1220.113,5.06102
1220.595,5.096382
1221.077,5.96627
1221.559,6.849838
1222.041,6.847321
1222.523,6.313873
1223.005,6.181549
1223.487,6.576439
1223.97,6.862045
1224.452,6.979248
1224.934,7.200554
1225.416,7.751228
1225.898,8.481033
1226.38,9.652985
1226.862,10.82133
1227.344,10.71739
1227.827,8.997414
1228.309,8.389999
1228.791,9.201103
1229.273,10.12078
1229.755,10.19424
1230.237,9.816833
1230.719,8.979599
1231.201,7.992325
1231.683,7.717995
1232.166,8.240005
1232.648,8.496735
1233.13,8.363586
1233.612,8.239365
1234.094,8.633736
1234.576,8.989815
1235.058,8.88015
1235.54,8.414314
1236.022,7.833641
1236.505,7.058601
1236.987,6.237305
1237.469,5.285652
1237.951,4.720993
1238.433,5.363319
1238.915,6.137993
1239.397,6.49118
1239.879,6.39064
1240.362,5.32135
1240.844,3.429672
1241.326,3.147789
1241.808,4.963844
1242.29,6.513054
1242.772,5.837639
1243.254,4.606987
1243.736,3.842873
1244.219,3.433929
1244.701,3.431068
1245.183,3.757904
1245.665,3.959763
1246.147,3.963799
1246.629,3.615608
1247.111,2.400208
1247.593,1.588371
1248.075,1.674599
1248.557,2.347397
1249.04,2.979362
1249.522,3.573128
1250.004,4.191414
1250.486,4.872803
1250.968,5.114983
1251.45,4.126114
1251.932,3.351532
1252.414,3.375755
1252.897,3.801613
1253.379,3.775986
1253.861,3.46405
1254.343,3.302872
1254.825,3.373917
1255.307,3.456535
1255.789,3.597282
1256.271,3.518768
1256.754,2.99353
1257.236,2.434914
1257.718,2.871407
1258.2,3.751694
1258.682,3.879372
1259.164,2.978966
1259.646,2.659065
1260.128,3.410225
1260.61,4.156456
1261.093,4.665833
1261.575,4.805626
1262.057,4.07029
1262.539,2.981743
1263.021,2.276398
1263.503,2.08268
1263.985,2.082451
1264.467,2.232758
1264.949,2.724434
1265.432,3.831474
1265.914,4.671623
1266.396,3.5495
1266.878,1.892235
1267.36,1.501823
1267.842,2.569427
1268.324,2.923134
1268.806,2.442627
1269.289,2.318031
1269.771,3.026566
1270.253,3.680328
1270.735,3.124931
1271.217,2.31601
1271.699,2.248192
1272.181,2.801758
1272.663,3.246391
1273.146,3.573441
1273.628,3.360168
1274.11,2.408882
1274.592,1.294945
1275.074,0.225571
1275.556,1.059818
1276.038,0.334099
1276.52,1.519798
1277.002,3.252922
1277.484,4.729927
1277.967,5.026466
1278.449,3.699753
1278.931,2.452164
1279.413,2.02961
1279.895,2.168564
1280.377,3.045746
1280.859,4.099937
1281.341,3.536179
1281.823,1.971962
1282.306,1.230141
1282.788,1.510773
1283.27,1.10083
1283.752,1.712639
1284.234,2.090866
1284.716,2.094086
1285.198,1.917091
1285.68,1.905632
1286.163,1.96608
1286.645,1.949821
1287.127,2.117592
1287.609,1.997047
1288.091,1.516365
1288.573,0.978874
1289.055,0.417412
1289.537,0.011467
1290.02,0.0
1500.0,0.0
