WavwNum_Spinel,value_Spinel
100.0,0.0
146.3506,0.0
146.8327,0.188293
147.3148,0.0087890001
147.7969,2.581909
148.2791,4.065125
148.7612,4.138062
149.2433,3.389282
149.7254,2.423096
150.2075,1.595886
150.6896,1.019104
151.1718,0.505188
151.6539,0.027892999
152.136,0.611572
152.6181,1.453918
153.1002,2.828918
153.5823,3.607361
154.0645,2.343079
154.5466,1.44635
155.0287,2.093567
155.5108,7.62738
155.9929,10.8313
156.475,8.892944
156.9572,3.18512
157.4393,0.579224
157.9214,0.191162
158.4035,2.385254
158.8856,4.091187
159.3677,4.56604
159.8499,4.740662
160.332,4.90033
160.8141,5.016052
161.2962,4.979858
161.7783,4.325745
162.2604,3.76239
162.7426,3.864319
163.2247,6.077148
163.7068,7.942871
164.1889,7.918091
164.671,6.200745
165.1531,4.531738
165.6353,3.5979
166.1174,3.159241
166.5995,2.90155
167.0816,2.748657
167.5637,2.789001
168.0458,3.053284
168.528,3.480164
169.0101,3.952759
169.4922,4.684509
169.9743,5.23645
170.4564,5.341614
170.9385,4.212952
171.4207,3.151672
171.9028,3.388123
172.3849,5.022583
172.867,6.469482
173.3491,6.117432
173.8312,4.704651
174.3134,3.600159
174.7955,3.45166
175.2776,3.843933
175.7597,4.708374
176.2418,6.068237
176.7239,7.24646
177.2061,9.066101
177.6882,11.47784
178.1703,12.98761
178.6524,12.47351
179.1345,10.80334
179.6166,8.749817
180.0988,6.272644
180.5809,4.339172
181.063,4.256409
181.5451,5.690002
182.0272,6.796082
182.5093,6.013672
182.9915,4.215637
183.4736,3.655518
183.9557,4.643372
184.4378,6.274414
184.9199,7.671265
185.402,8.75061
185.8842,9.169739
186.3663,8.413086
186.8484,6.766357
187.3305,5.274231
187.8126,3.979736
188.2947,2.972778
188.7769,2.39801
189.259,2.269714
189.7411,2.446533
190.2232,3.084167
190.7053,4.03418
191.1874,4.265991
191.6696,3.244324
192.1517,1.862183
192.6338,2.362366
193.1159,4.758728
193.598,6.788696
194.0801,6.890991
194.5623,5.233887
195.0444,3.605347
195.5265,2.101746
196.0086,0.868591
196.4907,0.250732
196.9728,0.344238
197.455,0.590393
197.9371,0.636719
198.4192,0.480286
198.9013,0.445984
199.3834,0.610413
199.8655,0.873108
200.3477,1.012268
200.8298,1.04425
201.3119,1.029297
201.794,0.966309
202.2761,0.781189
202.7582,0.911682
203.2404,1.655579
203.7225,2.582275
204.2046,2.391296
204.6867,0.592102
205.1688,1.206848
205.6509,2.022034
206.1331,1.790649
206.6152,0.760864
207.0973,1.414001
207.5794,3.971191
208.0615,4.52301
208.5436,2.306091
209.0258,0.138611
209.5079,0.115845
209.99,2.93573
210.4721,4.653198
210.9542,4.556335
211.4363,3.281311
211.9185,3.156128
212.4006,4.780212
212.8827,6.16803
213.3648,5.693054
213.8469,2.372192
214.329,0.884399
214.8112,2.265686
215.2933,5.51886
215.7754,7.358826
216.2575,7.293091
216.7396,6.658875
217.2217,6.143066
217.7038,5.639343
218.186,5.635925
218.6681,6.442993
219.1502,7.734863
219.6323,8.270264
220.1144,7.798523
220.5965,7.004639
221.0787,6.221375
221.5608,5.356323
222.0429,4.780884
222.525,4.561279
223.0071,4.652405
223.4892,4.972778
223.9714,5.851807
224.4535,6.461426
224.9356,6.257629
225.4177,4.748413
225.8998,3.622192
226.3819,2.966309
226.8641,2.743591
227.3462,2.900146
227.8283,3.631226
228.3104,4.430969
228.7925,5.039734
229.2746,5.418091
229.7568,5.698792
230.2389,5.996765
230.721,6.179443
231.2031,5.777344
231.6852,4.377502
232.1673,2.991211
232.6495,2.141785
233.1316,2.063782
233.6137,2.024109
234.0958,2.095032
234.5779,2.179382
235.06,1.936462
235.5422,0.933594
236.0243,0.226746
236.5064,0.402649
236.9885,2.198975
237.4706,3.200806
237.9527,2.995605
238.4349,2.086243
238.917,1.787537
239.3991,2.494019
239.8812,3.233948
240.3633,3.605408
240.8454,3.517883
241.3276,3.245239
241.8097,2.640564
242.2918,1.921692
242.7739,1.597168
243.256,1.940735
243.7381,2.253723
244.2203,2.208679
244.7024,1.521729
245.1845,1.302734
245.6666,1.757996
246.1487,2.583008
246.6308,3.22467
247.113,3.705994
247.5951,3.975098
248.0772,3.981567
248.5593,3.644897
249.0414,3.324158
249.5235,2.989136
250.0057,2.666992
250.4878,2.439087
250.9699,2.372498
251.452,2.282043
251.9341,2.036072
252.4162,1.511475
252.8984,1.430176
253.3805,2.015625
253.8626,2.857117
254.3447,3.378418
254.8268,3.603394
255.3089,3.527222
255.7911,3.025574
256.2732,1.994202
256.7553,1.362793
257.2374,1.203064
257.7195,1.386353
258.2017,1.804016
258.6838,2.619446
259.1659,3.304016
259.648,3.75824
260.1301,3.979797
260.6122,3.898682
261.0944,3.353333
261.5765,2.726379
262.0586,2.554626
262.5407,3.233215
263.0228,3.061584
263.5049,1.350281
263.9871,1.739136
264.4692,3.318481
264.9513,2.945068
265.4334,1.7948
265.9155,0.83136
266.3976,0.091063999
266.8798,0.403076
267.3619,0.683655
267.844,0.828369
268.3261,0.79895
268.8082,0.426392
269.2903,0.182312
269.7725,0.618652
270.2546,2.024048
270.7367,2.97699
271.2188,2.977722
271.7009,2.301392
272.183,2.098877
272.6652,2.648071
273.1473,3.292175
273.6294,3.489319
274.1115,3.127869
274.5936,2.841858
275.0757,2.644287
275.5579,2.585144
276.04,2.916626
276.5221,3.757507
277.0042,4.519226
277.4863,4.612427
277.9684,4.013245
278.4506,4.174133
278.9327,5.466919
279.4148,7.267517
279.8969,7.985107
280.379,7.429565
280.8611,7.017761
281.3433,7.885498
281.8254,10.01923
282.3075,10.82959
282.7896,9.990417
283.2717,8.305908
283.7538,6.857971
284.236,5.680054
284.7181,5.019531
285.2002,5.146973
285.6823,5.983093
286.1644,6.80957
286.6465,7.641113
287.1287,8.368042
287.6108,8.763062
288.0929,8.842773
288.575,8.974915
289.0571,9.239075
289.5392,9.657043
290.0214,10.41052
290.5035,11.53094
290.9856,12.68372
291.4677,13.3847
291.9498,13.73798
292.4319,14.35687
292.9141,15.51093
293.3962,16.98657
293.8783,18.36572
294.3604,19.67999
294.8425,20.99481
295.3246,22.30298
295.8068,23.60199
296.2889,24.91132
296.771,26.36591
297.2531,27.74414
297.7352,28.25415
298.2173,28.03479
298.6995,28.36578
299.1816,30.80103
299.6637,34.40057
300.1458,37.06647
300.6279,38.23981
301.11,38.83356
301.5922,39.77301
302.0743,41.02087
302.5564,42.45343
303.0385,44.1217
303.5206,45.9137
304.0027,47.63666
304.4849,49.18262
304.967,50.86084
305.4491,53.07971
305.9312,55.65723
306.4133,58.15961
306.8954,60.23102
307.3776,62.21295
307.8597,64.315
308.3418,66.55396
308.8239,69.2218
309.306,72.73889
309.7881,76.83478
310.2703,80.96051
310.7524,85.92346
311.2345,90.18304
311.7166,92.73059
312.1987,93.53668
312.6808,92.66534
313.163,90.07812
313.6451,85.84344
314.1272,79.99524
314.6093,71.73431
315.0914,62.68341
315.5735,52.87341
316.0557,42.66296
316.5378,33.94775
317.0199,27.83838
317.502,23.37469
317.9841,19.84473
318.4662,17.52948
318.9484,15.60815
319.4305,13.94214
319.9126,12.48627
320.3947,11.11853
320.8768,9.756592
321.3589,8.510559
321.8411,7.335815
322.3232,6.484741
322.8053,5.454712
323.2874,3.795715
323.7695,1.990356
324.2516,0.806641
324.7338,0.569092
325.2159,0.720337
325.698,1.340088
326.1801,2.725769
326.6622,3.183411
327.1443,1.562866
327.6265,0.558716
328.1086,1.619751
328.5907,0.230286
329.0728,0.680542
329.5549,0.447327
330.037,0.94519
330.5192,1.855164
331.0013,2.05188
331.4834,1.967224
331.9655,1.877869
332.4476,1.677917
332.9297,1.69104
333.4119,2.237061
333.894,3.054749
334.3761,2.812134
334.8582,0.710815
335.3403,1.168213
335.8224,1.603088
336.3046,0.119446
336.7867,1.129578
337.2688,1.104431
337.7509,0.557129
338.233,0.603943
338.7151,1.472961
339.1973,2.21814
339.6794,2.511963
340.1615,2.344849
340.6436,1.696533
341.1257,0.382568
341.6078,1.02533
342.0899,1.717957
342.5721,1.639648
343.0542,1.576843
343.5363,1.703552
344.0184,2.040955
344.5005,2.882263
344.9826,4.32666
345.4648,5.527832
345.9469,5.295105
346.429,3.872192
346.9111,3.283752
347.3932,4.091797
347.8753,5.659363
348.3575,6.680481
348.8396,7.208008
349.3217,8.001038
349.8038,9.838318
350.2859,12.29102
350.768,14.29993
351.2502,15.68079
351.7323,16.8139
352.2144,18.16479
352.6965,19.64258
353.1786,20.93652
353.6607,21.84009
354.1429,22.51202
354.625,23.01123
355.1071,23.33557
355.5892,23.94836
356.0713,25.68347
356.5534,27.84821
357.0356,29.40515
357.5177,29.315
357.9998,29.05365
358.4819,29.79755
358.964,31.38007
359.4461,32.8606
359.9283,33.2146
360.4104,33.53442
360.8925,34.828
361.3746,37.97028
361.8567,40.96722
362.3388,42.35632
362.821,42.97351
363.3031,44.74847
363.7852,50.25085
364.2673,55.46185
364.7494,58.3454
365.2315,58.13568
365.7137,57.63605
366.1958,57.0343
366.6779,56.55469
367.16,56.45425
367.6421,56.49493
368.1242,57.19583
368.6064,58.8028
369.0885,61.36597
369.5706,64.07397
370.0527,67.54358
370.5348,70.7049
371.0169,72.82129
371.4991,72.87195
371.9812,73.59613
372.4633,75.34647
372.9454,77.90311
373.4275,80.49051
373.9096,83.25201
374.3918,85.84875
374.8739,87.9404
375.356,89.27911
375.8381,91.36017
376.3202,94.3096
376.8023,97.80161
377.2845,101.1685
377.7666,104.1809
378.2487,108.2097
378.7308,113.8919
379.2129,121.0158
379.695,127.6465
380.1772,133.7607
380.6593,139.7612
381.1414,145.8264
381.6235,151.9942
382.1056,159.1648
382.5877,167.5369
383.0699,176.9055
383.552,186.4512
384.0341,196.3907
384.5162,208.0272
384.9983,222.7291
385.4804,239.7343
385.9626,257.235
386.4447,274.898
386.9268,294.5582
387.4089,318.3763
387.891,345.6866
388.3731,374.5787
388.8553,403.6757
389.3374,434.4271
389.8195,468.5164
390.3016,505.3788
390.7837,543.1457
391.2658,581.1394
391.748,618.7137
392.2301,655.2646
392.7122,690.3901
393.1943,724.8722
393.6764,757.8118
394.1585,790.1447
394.6407,823.8282
395.1228,860.2223
395.6049,897.9158
396.087,936.3486
396.5691,974.7181
397.0512,1015.417
397.5334,1057.823
398.0155,1103.399
398.4976,1153.353
398.9797,1208.845
399.4618,1268.019
399.9439,1329.977
400.4261,1394.67
400.9082,1465.292
401.3903,1544.612
401.8724,1627.165
402.3545,1709.956
402.8366,1792.008
403.3188,1875.039
403.8009,1961.792
404.283,2048.386
404.7651,2127.264
405.2472,2200.993
405.7293,2257.938
406.2115,2296.515
406.6936,2316.921
407.1757,2303.327
407.6578,2254.634
408.1399,2174.529
408.622,2060.209
409.1042,1912.242
409.5863,1754.024
410.0684,1585.081
410.5505,1415.262
411.0326,1257.945
411.5147,1112.577
411.9969,981.4921
412.479,864.9819
412.9611,762.2946
413.4432,674.4843
413.9253,601.8151
414.4074,539.7525
414.8896,484.9686
415.3717,436.7233
415.8538,393.7366
416.3359,356.8612
416.818,324.3861
417.3001,295.8282
417.7823,270.7504
418.2644,248.4286
418.7465,228.0954
419.2286,209.8175
419.7107,193.9808
420.1928,181.6054
420.675,170.102
421.1571,158.4835
421.6392,146.9123
422.1213,136.1295
422.6034,126.1042
423.0855,117.1276
423.5677,109.5113
424.0498,103.8693
424.5319,97.68329
425.014,89.7222
425.4961,81.58246
425.9782,74.84747
426.4604,70.05942
426.9425,65.9198
427.4246,62.422
427.9067,59.46521
428.3888,56.60181
428.8709,53.95316
429.3531,51.20029
429.8352,48.1037
430.3173,44.66354
430.7994,41.00043
431.2815,36.92511
431.7636,32.92786
432.2458,30.07462
432.7279,28.4455
433.21,26.61844
433.6921,23.74167
434.1742,20.33109
434.6563,18.65182
435.1385,18.75684
435.6206,19.04779
436.1027,17.89471
436.5848,15.79138
437.0669,14.14542
437.549,13.34384
438.0312,12.85056
438.5133,11.80579
438.9954,10.54184
439.4775,9.981842
439.9596,11.66895
440.4417,13.47842
440.9239,12.85736
441.406,9.723419
441.8881,4.720673
442.3702,5.640594
442.8523,6.12439
443.3344,6.181702
443.8166,4.854156
444.2987,5.087708
444.7808,4.572693
445.2629,3.95993
445.745,4.244446
446.2271,2.769928
446.7093,2.877899
447.1914,4.78418
447.6735,2.937134
448.1556,1.735504
448.6377,1.450073
449.1198,1.567841
449.602,1.536499
450.0841,1.155334
450.5662,1.392853
451.0483,2.786133
451.5304,4.892883
452.0125,5.670319
452.4947,4.787201
452.9768,3.571838
453.4589,2.643982
453.941,2.004822
454.4231,1.863586
454.9052,2.34671
455.3874,2.876953
455.8695,2.587891
456.3516,1.593414
456.8337,0.742859
457.3158,0.302795
457.7979,0.135803
458.2801,0.095886
458.7622,0.16861
459.2443,0.18988
459.7264,0.036285002
460.2085,0.33316
460.6906,0.409424
461.1728,0.155151
461.6549,0.02713
462.137,0.324249
462.6191,0.890533
463.1012,1.1828
463.5833,0.742218
464.0655,0.25061
464.5476,0.166473
465.0297,0.408356
465.5118,0.234711
465.9939,1.337616
466.476,2.801453
466.9582,3.2789
467.4403,1.977539
467.9224,0.97406
468.4045,0.417755
468.8866,0.141052
469.3687,0.113495
469.8509,0.42569
470.333,0.557037
470.8151,0.42926
471.2972,0.054016002
471.7793,0.515717
472.2614,1.444458
472.7436,2.119965
473.2257,1.81601
473.7078,0.501282
474.1899,0.248322
474.672,1.444489
475.1541,3.083557
475.6363,3.708069
476.1184,3.421173
476.6005,2.867584
477.0826,1.989258
477.5647,1.180298
478.0468,1.234833
478.529,2.071655
479.0111,2.964874
479.4932,3.619812
479.9753,3.951996
480.4574,3.747894
480.9395,2.782318
481.4217,1.925995
481.9038,1.758392
482.3859,2.022705
482.868,2.377045
483.3501,2.610504
483.8322,3.037445
484.3144,4.088654
484.7965,5.61908
485.2786,6.287537
485.7607,5.001434
486.2428,3.509827
486.7249,2.682404
487.2071,2.829285
487.6892,3.0578
488.1713,3.637817
488.6534,4.104828
489.1355,3.596985
489.6176,1.546326
490.0998,0.292358
490.5819,0.723053
491.064,2.373291
491.5461,2.672211
492.0282,1.453827
492.5103,0.095000997
492.9925,0.436127
493.4746,0.268219
493.9567,0.049896002
494.4388,0.523102
494.9209,0.804443
495.403,0.331696
495.8852,0.640411
496.3673,1.527039
496.8494,2.414703
497.3315,2.847992
497.8136,1.974854
498.2957,0.126587
498.7779,1.321899
499.26,1.393433
499.7421,0.98172
500.2242,0.712524
500.7063,0.720398
501.1884,0.641693
501.6706,0.428284
502.1527,0.053925
502.6348,0.496216
503.1169,1.738342
503.599,2.52121
504.0811,2.502014
504.5633,1.895294
505.0454,1.565491
505.5275,1.825928
506.0096,1.847076
506.4917,1.114655
506.9738,0.503784
507.456,1.212189
507.9381,0.787659
508.4202,0.070587002
508.9023,0.130188
509.3844,0.155304
509.8665,0.681976
510.3487,1.463043
510.8308,2.260315
511.3129,2.599762
511.795,2.585907
512.2772,2.537567
512.7593,2.763275
513.2414,3.025513
513.7235,2.872375
514.2056,2.366272
514.6877,2.079193
515.1699,2.566803
515.652,3.390228
516.1341,4.194061
516.6162,5.0177
517.0983,5.552338
517.5804,5.507782
518.0626,5.156891
518.5447,4.938599
519.0268,4.770538
519.5089,4.940369
519.991,5.758392
520.4731,7.149506
520.9553,7.783844
521.4374,7.3013
521.9195,6.684509
522.4016,6.453461
522.8837,6.736786
523.3658,6.85556
523.848,6.750336
524.3301,6.548981
524.8122,6.405121
525.2943,6.309174
525.7764,6.107635
526.2585,5.590149
526.7407,5.130432
527.2228,5.74411
527.7049,7.190247
528.187,8.117859
528.6691,6.999359
529.1512,5.259583
529.6334,4.563965
530.1155,5.039948
530.5976,5.797577
531.0797,6.750946
531.5618,7.510895
532.0439,7.591492
532.5261,6.330963
533.0082,5.169922
533.4903,4.439667
533.9724,4.098145
534.4545,4.00058
534.9366,4.211792
535.4188,4.530731
535.9009,4.998413
536.383,5.614105
536.8651,6.096832
537.3472,6.561554
537.8293,6.692841
538.3115,6.014526
538.7936,4.415375
539.2757,3.89151
539.7578,4.835022
540.2399,6.060547
540.722,5.397919
541.2042,3.332092
541.6863,2.706024
542.1684,5.212067
542.6505,8.607483
543.1326,9.724823
543.6147,8.931732
544.0969,7.63678
544.579,6.068878
545.0611,4.754883
545.5432,4.275726
546.0253,4.71463
546.5074,5.15387
546.9896,5.269806
547.4717,5.190613
547.9538,4.999451
548.4359,4.28186
548.918,4.086731
549.4001,5.039825
549.8823,6.396149
550.3644,6.757935
550.8465,5.312286
551.3286,4.506805
551.8107,5.345734
552.2928,7.436005
552.775,7.798615
553.2571,6.117218
553.7392,4.176086
554.2213,3.14505
554.7034,2.901001
555.1855,2.670013
555.6677,2.460297
556.1498,2.610535
556.6319,3.884247
557.114,5.624603
557.5961,6.421997
558.0782,5.425049
558.5604,4.130066
559.0425,3.638977
559.5246,3.757446
560.0067,4.069305
560.4888,4.92804
560.9709,5.401215
561.4531,4.815613
561.9352,3.21344
562.4173,2.269684
562.8994,2.884003
563.3815,3.594543
563.8636,3.712158
564.3458,3.088531
564.8279,2.465454
565.31,1.653473
565.7921,0.874146
566.2742,0.466705
566.7563,0.479309
567.2385,0.078339003
567.7206,0.825867
568.2027,1.257813
568.6848,1.382874
569.1669,0.228027
569.649,0.727539
570.1312,0.560425
570.6133,0.367004
571.0954,1.103241
571.5775,0.152039
572.0596,0.855988
572.5417,0.878571
573.0239,1.216339
573.506,0.894379
573.9881,0.782074
574.4702,1.339966
574.9523,1.528625
575.4344,1.134216
575.9166,1.501465
576.3987,0.500397
576.8808,0.695801
577.3629,1.407776
577.845,1.040955
578.3271,1.41684
578.8093,1.508606
579.2914,0.313019
579.7735,1.353302
580.2556,1.424957
580.7377,0.502197
581.2198,1.462433
581.702,0.674561
582.1841,0.509491
582.6662,0.812897
583.1483,0.62561
583.6304,1.20752
584.1125,1.042908
584.5947,0.808685
585.0768,0.865723
585.5589,0.104187
586.041,0.86496
586.5231,0.584503
587.0052,0.81424
587.4873,1.157227
587.9694,0.603271
588.4515,1.001556
588.9337,0.071135998
589.4158,0.088744998
589.8979,0.114899
590.38,0.925537
590.8621,0.219086
591.3442,0.759521
591.8264,0.74881
592.3085,0.157257
592.7906,0.484192
593.2727,1.214417
593.7548,1.760834
594.2369,1.528687
594.7191,0.778229
595.2012,0.639832
595.6833,1.711517
596.1654,2.835663
596.6475,2.426025
597.1296,1.078979
597.6118,0.172424
598.0939,0.766388
598.576,1.571991
599.0581,1.914825
599.5402,1.819489
600.0223,1.685272
600.5045,1.330902
600.9866,1.156128
601.4687,1.398956
601.9508,2.199066
602.4329,2.837708
602.915,3.391541
603.3972,3.672211
603.8793,3.433289
604.3614,2.61673
604.8435,1.791626
605.3256,0.936798
605.8077,0.294281
606.2899,0.510284
606.772,1.375305
607.2541,1.892059
607.7362,1.482483
608.2183,0.74176
608.7004,0.103546
609.1826,0.330383
609.6647,0.174011
610.1468,1.814667
610.6289,3.604065
611.111,3.698608
611.5931,1.96814
612.0753,0.504272
612.5574,0.495544
613.0395,0.913025
613.5216,0.605377
614.0037,0.962524
614.4858,1.865753
614.968,1.824951
615.4501,1.474182
615.9322,1.6633
616.4143,2.435089
616.8964,2.800568
617.3785,2.490448
617.8607,1.851501
618.3428,1.453552
618.8249,1.247345
619.307,1.028931
619.7891,0.430359
620.2712,0.035461001
620.7534,0.463867
621.2355,1.68692
621.7176,2.487152
622.1997,1.863037
622.6818,1.027771
623.1639,0.668854
623.6461,0.9086
624.1282,1.177521
624.6103,1.61731
625.0924,1.903503
625.5745,1.816132
626.0566,1.05545
626.5388,0.759094
627.0209,1.127106
627.503,1.620148
627.9851,1.152649
628.4672,0.198242
628.9493,0.669922
629.4315,0.418945
629.9136,2.002014
630.3957,2.17688
630.8778,1.368622
631.3599,0.824188
631.842,1.487579
632.3242,2.398773
632.8063,2.660767
633.2884,2.434265
633.7705,2.684631
634.2526,4.553528
634.7347,6.29129
635.2169,6.817871
635.699,5.784698
636.1811,5.501923
636.6632,6.288361
637.1453,7.395721
637.6274,8.337189
638.1096,9.051056
638.5917,9.93869
639.0738,11.17282
639.5559,12.36353
640.038,12.86377
640.5201,12.80966
641.0023,12.95715
641.4844,13.4487
641.9665,14.40845
642.4486,16.26703
642.9307,18.70297
643.4128,20.96426
643.895,22.42819
644.3771,24.01938
644.8592,26.40884
645.3413,29.41006
645.8234,31.93744
646.3055,32.88477
646.7877,34.26248
647.2698,36.8905
647.7519,40.82779
648.234,44.50677
648.7161,47.58249
649.1982,50.9133
649.6804,55.32135
650.1625,60.70248
650.6446,65.63638
651.1267,69.94788
651.6088,74.31143
652.0909,79.46219
652.5731,85.06119
653.0552,90.55298
653.5373,95.65219
654.0194,100.9329
654.5015,106.8561
654.9836,113.253
655.4658,119.9094
655.9479,127.1205
656.43,134.1932
656.9121,140.9333
657.3942,147.5104
657.8763,154.2913
658.3585,161.1939
658.8406,168.5969
659.3227,176.7422
659.8048,185.5014
660.2869,194.0874
660.769,202.513
661.2512,210.0534
661.7333,215.9277
662.2154,220.6039
662.6975,225.0079
663.1796,229.1463
663.6617,232.4374
664.1439,235.0997
664.626,236.374
665.1081,235.4578
665.5902,231.9205
666.0723,227.3099
666.5544,222.0565
667.0366,215.8412
667.5187,208.388
668.0008,198.9474
668.4829,189.9075
668.965,181.7476
669.4471,173.7708
669.9293,164.4983
670.4114,153.8885
670.8935,143.8373
671.3756,134.8762
671.8577,126.7853
672.3398,119.1356
672.822,111.8452
673.3041,104.7841
673.7862,97.55185
674.2683,90.79343
674.7504,85.19241
675.2325,80.54486
675.7147,75.97812
676.1968,70.84744
676.6789,65.99951
677.161,61.98767
677.6431,58.80682
678.1252,55.55811
678.6074,52.3688
679.0895,48.93909
679.5716,44.96094
680.0537,40.40353
680.5358,36.3244
681.0179,32.74936
681.5001,29.70364
681.9822,27.35431
682.4643,25.56189
682.9464,24.21674
683.4285,23.42004
683.9106,22.48877
684.3928,21.01981
684.8749,19.09314
685.357,16.7915
685.8391,13.23431
686.3212,10.38608
686.8033,8.901611
687.2855,8.200226
687.7676,7.257477
688.2497,5.779877
688.7318,4.858032
689.2139,4.965851
689.696,5.553833
690.1782,4.974457
690.6603,3.29364
691.1424,1.724457
691.6245,0.245636
692.1066,0.42691
692.5887,2.034058
693.0709,6.698456
693.553,9.512054
694.0351,6.358368
694.5172,2.152222
694.9993,0.044739
695.4814,0.016602
695.9636,0.050292999
696.4457,1.030579
696.9278,1.792786
697.4099,1.697968
697.892,0.542847
698.3741,0.051971
698.8563,0.015807999
699.3384,0.33136
699.8205,0.582031
700.3026,0.770721
700.7847,1.001404
701.2668,1.324249
701.749,1.377106
702.2311,0.349365
702.7132,1.004089
703.1953,1.593079
703.6774,0.857758
704.1595,0.064300999
704.6417,1.20163
705.1238,2.115875
705.6059,2.135406
706.088,0.610809
706.5701,0.753967
707.0522,1.831329
707.5344,2.647125
708.0165,3.157928
708.4986,3.333832
708.9807,3.60614
709.4628,4.019318
709.9449,4.703613
710.4271,6.380951
710.9092,8.654663
711.3913,10.11084
711.8734,9.742676
712.3555,8.507141
712.8376,6.32254
713.3198,3.60376
713.8019,2.323914
714.284,4.547974
714.7661,6.7742
715.2482,7.651276
715.7303,7.22699
716.2125,6.978271
716.6946,6.974396
717.1767,6.951416
717.6588,6.734833
718.1409,6.351532
718.623,5.986694
719.1052,5.633026
719.5873,5.418182
720.0694,5.565063
720.5515,5.844513
721.0336,5.904541
721.5157,5.664703
721.9979,5.575775
722.48,6.047119
722.9621,6.626801
723.4442,6.950714
723.9263,6.887085
724.4084,6.77066
724.8906,6.628387
725.3727,6.395752
725.8548,5.92627
726.3369,5.180359
726.819,4.78125
727.3011,4.891815
727.7833,5.045166
728.2654,4.358704
728.7475,3.26239
729.2296,2.897247
729.7117,4.061523
730.1938,5.026611
730.676,4.118256
731.1581,2.379883
731.6402,1.403198
732.1223,2.290802
732.6044,3.088715
733.0865,3.634216
733.5687,3.875824
734.0508,3.554382
734.5329,2.420441
735.015,1.817383
735.4971,2.244415
735.9792,3.244049
736.4614,3.676086
736.9435,3.690491
737.4256,4.055969
737.9077,5.647217
738.3898,7.38147
738.8719,7.908813
739.3541,7.653625
739.8362,8.109833
740.3183,10.95886
740.8004,13.4664
741.2825,14.25082
741.7646,13.56821
742.2468,13.44031
742.7289,13.76614
743.211,14.90149
743.6931,17.28857
744.1752,20.66132
744.6573,23.60065
745.1395,26.08484
745.6216,28.15436
746.1037,29.30618
746.5858,30.32971
747.0679,32.27762
747.55,35.17557
748.0322,38.12369
748.5143,40.26797
748.9964,42.68817
749.4785,46.15768
749.9606,50.9483
750.4427,55.67273
750.9249,60.27203
751.407,64.97366
751.8891,69.83344
752.3712,74.89276
752.8533,80.29495
753.3354,86.1012
753.8176,92.20206
754.2997,98.51398
754.7818,104.9975
755.2639,111.743
755.746,118.7621
756.2281,125.9609
756.7103,132.6486
757.1924,139.7905
757.6745,148.2784
758.1566,159.55
758.6387,169.4619
759.1208,177.52
759.603,184.9464
760.0851,192.969
760.5672,201.6274
761.0493,210.5302
761.5314,219.6529
762.0135,228.9179
762.4957,238.4926
762.9778,248.0023
763.4599,256.9818
763.942,265.4262
764.4241,273.004
764.9063,280.1188
765.3884,286.0224
765.8705,289.78
766.3526,291.1216
766.8347,290.4707
767.3168,287.8199
767.799,283.196
768.2811,276.4332
768.7632,267.4842
769.2453,257.3892
769.7274,246.4346
770.2095,234.5303
770.6917,221.2492
771.1738,206.975
771.6559,192.2379
772.138,176.4868
772.6201,161.5408
773.1022,148.485
773.5844,136.9582
774.0665,126.441
774.5486,117.3566
775.0307,108.4087
775.5128,99.17911
775.9949,90.18646
776.4771,82.82285
776.9592,77.06363
777.4413,71.77161
777.9234,66.51624
778.4055,61.604
778.8876,57.63739
779.3698,54.41183
779.8519,51.31979
780.334,47.77393
780.8161,44.60822
781.2982,42.53235
781.7803,41.15707
782.2625,39.19748
782.7446,35.59818
783.2267,33.1272
783.7088,32.88385
784.1909,33.82141
784.673,32.59207
785.1552,29.21518
785.6373,26.38364
786.1194,25.41962
786.6015,25.31192
787.0836,24.77802
787.5657,23.90817
788.0479,22.97809
788.53,22.02582
789.0121,21.16385
789.4942,20.49136
789.9763,19.94699
790.4584,19.27588
790.9406,18.33304
791.4227,17.56348
791.9048,17.12839
792.3869,16.93716
792.869,16.73529
793.3511,16.51633
793.8333,16.22681
794.3154,16.03278
794.7975,15.59262
795.2796,14.28561
795.7617,12.36615
796.2438,10.71146
796.726,9.723175
797.2081,8.986176
797.6902,8.293335
798.1723,7.722534
798.6544,7.725555
799.1365,8.624603
799.6187,9.173584
800.1008,8.827026
800.5829,7.930389
801.065,7.491821
801.5471,7.457916
802.0292,7.504425
802.5114,7.552277
802.9935,7.525391
803.4756,7.31723
803.9577,6.969025
804.4398,6.648193
804.9219,6.22525
805.4041,6.055084
805.8862,6.480255
806.3683,7.244354
806.8504,7.045319
807.3325,5.592499
807.8146,4.686371
808.2968,5.296234
808.7789,6.620605
809.261,6.805756
809.7431,6.062988
810.2252,5.253387
810.7073,4.809875
811.1895,4.46759
811.6716,3.653809
812.1537,4.219849
812.6358,4.449127
813.1179,4.35614
813.6,2.976501
814.0822,3.249695
814.5643,2.859009
815.0464,2.445465
815.5285,2.961426
816.0106,1.77713
816.4927,2.279572
816.9749,2.107452
817.457,2.242737
817.9391,1.707916
818.4212,1.374908
818.9033,1.70813
819.3854,1.673004
819.8676,1.059662
820.3497,1.213135
820.8318,0.012421
821.3139,0.564178
821.796,1.251495
822.2781,1.975525
822.7603,2.588104
823.2424,2.727234
823.7245,2.422699
824.2066,1.874573
824.6887,0.869385
825.1708,0.025420999
825.653,0.219208
826.1351,0.983124
826.6172,1.272552
827.0993,0.274017
827.5814,0.593262
828.0635,1.186493
828.5457,1.420746
829.0278,0.919495
829.5099,0.523621
829.992,1.283966
830.4741,0.793579
830.9562,0.208954
831.4384,0.475708
831.9205,0.219879
832.4026,0.045959
832.8847,0.253082
833.3668,0.472015
833.8489,0.553833
834.3311,0.521088
834.8132,0.367645
835.2953,0.119873
835.7774,0.260895
836.2595,0.142914
836.7416,0.752136
837.2238,1.118408
837.7059,1.223724
838.188,0.707153
838.6701,0.748749
839.1522,2.091309
839.6343,2.097961
840.1165,1.368286
840.5986,0.736938
841.0807,0.460632
841.5628,0.269928
842.0449,0.214142
842.527,0.1586
843.0092,0.112335
843.4913,0.704376
843.9734,0.812134
844.4555,0.269592
844.9376,0.362244
845.4197,0.275055
845.9019,0.200714
846.384,0.342438
846.8661,0.01236
847.3482,0.558533
847.8303,1.49588
848.3124,2.325928
848.7946,2.535065
849.2767,1.73465
849.7588,1.300476
850.2409,1.380035
850.723,1.547241
851.2051,1.355103
851.6873,0.46051
852.1694,1.398041
852.6515,1.93161
853.1336,2.082397
853.6157,0.70993
854.0978,1.301544
854.58,1.103973
855.0621,0.873535
855.5442,1.739105
856.0263,0.583862
856.5084,1.434479
856.9905,1.483765
857.4727,1.900024
857.9548,1.525269
858.4369,1.391968
858.919,2.056122
859.4011,2.277985
859.8832,1.809998
860.3654,2.246918
860.8475,1.065063
861.3296,1.305267
861.8117,2.155792
862.2938,1.722931
862.7759,2.173126
863.2581,2.285004
863.7402,0.875549
864.2223,2.131134
864.7044,2.238953
865.1865,1.161987
865.6686,2.314178
866.1508,1.388885
866.6329,1.785095
867.115,2.252838
867.5971,2.216003
868.0792,2.012146
868.5613,1.764099
869.0435,1.500427
869.5256,1.305511
870.0077,1.024078
870.4898,1.145264
870.9719,2.013214
871.454,3.086731
871.9362,2.988953
872.4183,1.881714
872.9004,1.026001
873.3825,0.854126
873.8646,0.97934
874.3467,1.046021
874.8289,1.162567
875.311,1.493378
875.7931,2.670532
876.2752,3.235931
876.7573,2.787018
877.2394,1.970825
877.7216,1.501648
878.2037,1.399475
878.6858,1.465729
879.1679,1.705139
879.65,1.986267
880.1321,1.942688
880.6143,1.921936
881.0964,2.69632
881.5785,4.778168
882.0606,5.90152
882.5427,4.115692
883.0248,2.030334
883.507,1.476379
883.9891,2.713959
884.4712,3.805756
884.9533,4.785797
885.4354,5.309082
885.9175,5.023529
886.3997,4.142426
886.8818,2.799683
887.3639,1.115692
887.846,0.030579001
888.3281,0.449799
888.8102,1.325348
889.2924,1.194977
889.7745,2.230804
890.2566,2.861542
890.7387,3.059662
891.2208,1.693085
891.7029,2.280762
892.1851,2.076294
892.6672,1.836761
893.1493,2.71701
893.6314,1.577698
894.1135,2.421936
894.5956,2.42804
895.0778,2.776855
895.5599,2.325928
896.042,2.149689
896.5241,2.821198
897.0062,3.050659
897.4883,2.587006
897.9705,3.029449
898.4526,1.849213
898.9347,2.088348
899.4168,2.936737
899.8989,2.507965
900.381,2.962006
900.8632,3.06366
901.3453,1.600708
901.8274,2.783112
902.3095,2.851135
902.7916,1.770142
903.2737,2.918518
903.7559,1.967957
904.238,1.749847
904.7201,2.112396
905.2022,1.912903
905.6843,2.630463
906.1664,2.465088
906.6486,2.217743
907.1307,2.312073
907.6128,1.43042
908.0949,2.355255
908.577,2.043793
909.0591,2.341553
909.5413,2.390503
910.0234,2.622467
910.5055,2.982971
910.9876,3.239532
911.4697,3.377594
911.9518,3.732574
912.434,4.361511
912.9161,4.604248
913.3982,4.48877
913.8803,2.862823
914.3624,3.227478
914.8445,2.824036
915.3267,2.409058
915.8088,3.108002
916.2909,1.806244
916.773,2.528137
917.2551,2.470459
917.7372,2.795807
918.2194,2.349701
918.7015,2.162415
919.1836,2.787842
919.6657,2.997009
920.1478,2.533752
920.6299,2.998322
921.1121,1.865784
921.5942,0.356506
922.0763,0.341797
922.5584,0.735168
923.0405,1.542236
923.5226,2.656372
924.0048,4.103638
924.4869,5.149933
924.969,4.833588
925.4511,4.022461
925.9332,3.69693
926.4153,3.895203
926.8975,4.068298
927.3796,3.973083
927.8617,3.944519
928.3438,4.209381
928.8259,4.63208
929.308,4.407288
929.7902,3.542999
930.2723,2.731506
930.7544,2.371307
931.2365,2.121887
931.7186,1.516449
932.2007,0.74472
932.6829,0.198242
933.165,0.277435
933.6471,0.073761001
934.1292,1.346344
934.6113,3.012756
935.0934,3.473816
935.5756,2.747314
936.0577,1.869263
936.5398,0.929108
937.0219,0.271973
937.504,0.51828
937.9861,1.1091
938.4683,1.422028
938.9504,1.341827
939.4325,1.038605
939.9146,0.324646
940.3967,0.316437
940.8788,0.673767
941.361,0.743958
941.8431,0.388153
942.3252,0.373962
942.8073,0.939545
943.2894,0.67749
943.7715,0.254913
944.2537,0.412842
944.7358,0.94165
945.2179,1.062134
945.7,0.231903
946.1821,0.5065
946.6642,1.067871
947.1464,1.395111
947.6285,1.215057
948.1106,0.612244
948.5927,0.174194
949.0748,0.109192
949.5569,0.027892999
950.0391,0.552673
950.5212,1.266022
951.0033,1.685913
951.4854,1.601776
951.9675,1.546234
952.4496,1.330414
952.9318,1.230896
953.4139,1.544952
953.896,2.222015
954.3781,3.080811
954.8602,4.076813
955.3423,4.781555
955.8245,5.034424
956.3066,4.782471
956.7887,3.650146
957.2708,1.827789
957.7529,0.773346
958.235,0.804077
958.7172,0.949341
959.1993,0.942993
959.6814,0.905579
960.1635,1.204803
960.6456,1.680084
961.1277,1.792023
961.6099,1.131866
962.092,0.520569
962.5741,0.400787
963.0562,0.592346
963.5383,0.923096
964.0204,1.510223
964.5026,1.805054
964.9847,1.717407
965.4668,1.63385
965.9489,2.080231
966.431,2.750092
966.9131,2.996521
967.3953,2.709015
967.8774,2.416504
968.3595,2.182404
968.8416,2.202271
969.3237,2.507507
969.8058,3.13446
970.288,4.515594
970.7701,6.796204
971.2522,8.546051
971.7343,9.388916
972.2164,9.305878
972.6985,7.501465
973.1807,4.893646
973.6628,3.283569
974.1449,3.618958
974.627,4.273712
975.1091,4.878082
975.5912,5.724884
976.0734,7.623169
976.5555,10.63983
977.0376,10.61926
977.5197,7.217407
978.0018,3.71994
978.4839,2.657257
978.9661,2.913849
979.4482,3.729156
979.9303,4.988403
980.4124,5.75708
980.8945,5.875122
981.3766,5.528473
981.8588,4.615509
982.3409,3.384033
982.823,2.362518
983.3051,1.604309
983.7872,1.520782
984.2693,2.579834
984.7515,3.725159
985.2336,4.314514
985.7157,4.508575
986.1978,4.470795
986.6799,4.02948
987.162,3.812897
987.6442,3.832855
988.1263,4.037292
988.6084,4.529419
989.0905,5.130005
989.5726,5.357971
990.0547,5.219238
990.5369,5.012817
991.019,4.851746
991.5011,4.715027
991.9832,4.549561
992.4653,4.378082
992.9474,4.474243
993.4296,4.923309
993.9117,4.695953
994.3938,3.217255
994.8759,1.533081
995.358,0.770111
995.8401,0.879425
996.3223,1.89447
996.8044,4.732483
997.2865,6.426636
997.7686,6.207275
998.2507,5.18988
998.7328,3.948273
999.215,2.541595
999.6971,2.089172
1000.179,2.577728
1000.661,2.880432
1001.143,1.479126
1001.626,0.241272
1002.108,1.120392
1002.59,3.599243
1003.072,4.877625
1003.554,4.46225
1004.036,3.472839
1004.518,1.817505
1005.0,0.321167
1005.482,0.99353
1005.965,2.975372
1006.447,3.772644
1006.929,2.495331
1007.411,1.162964
1007.893,0.86792
1008.375,0.793091
1008.857,0.115814
1009.339,1.315887
1009.822,0.95578
1010.304,1.363983
1010.786,3.548065
1011.268,4.136108
1011.75,3.900635
1012.232,3.634552
1012.714,3.354126
1013.196,3.089294
1013.678,2.664764
1014.161,2.561401
1014.643,3.051788
1015.125,3.624146
1015.607,3.378265
1016.089,2.49292
1016.571,2.132751
1017.053,2.519531
1017.535,2.90094
1018.018,2.60788
1018.5,2.156677
1018.982,1.899597
1019.464,1.865448
1019.946,2.154633
1020.428,2.868408
1020.91,3.579224
1021.392,4.201843
1021.874,4.605957
1022.357,4.590027
1022.839,4.130341
1023.321,3.133911
1023.803,0.341003
1024.285,1.193176
1024.767,0.284546
1025.249,2.460663
1025.731,3.144745
1026.214,2.331055
1026.696,1.336395
1027.178,0.201935
1027.66,0.365021
1028.142,0.70282
1028.624,2.162689
1029.106,2.920044
1029.588,3.007141
1030.07,3.235931
1030.553,3.929779
1031.035,4.123535
1031.517,3.44632
1031.999,2.38797
1032.481,1.606354
1032.963,1.160492
1033.445,1.316223
1033.927,2.381927
1034.41,3.12854
1034.892,2.563171
1035.374,1.852142
1035.856,1.854675
1036.338,2.585907
1036.82,2.857819
1037.302,2.652527
1037.784,2.678589
1038.266,4.07489
1038.749,5.318451
1039.231,4.25415
1039.713,1.875336
1040.195,0.623627
1040.677,1.758453
1041.159,2.590973
1041.641,2.90564
1042.123,2.866333
1042.605,2.38678
1043.088,1.739807
1043.57,1.981842
1044.052,3.218781
1044.534,3.949554
1045.016,2.679169
1045.498,1.394165
1045.98,1.218384
1046.462,1.890106
1046.945,2.252563
1047.427,2.307251
1047.909,2.063446
1048.391,1.313416
1048.873,0.78952
1049.355,1.673737
1049.837,3.061951
1050.319,3.926331
1050.802,3.854462
1051.284,3.878662
1051.766,4.147675
1052.248,4.211243
1052.73,3.36322
1053.212,2.10611
1053.694,2.4711
1054.176,4.048187
1054.658,4.881439
1055.141,2.735748
1055.623,1.02713
1056.105,1.411987
1056.587,2.771606
1057.069,3.595001
1057.551,3.877869
1058.033,3.628815
1058.515,2.805786
1058.997,2.16214
1059.48,2.535645
1059.962,3.316406
1060.444,4.030304
1060.926,4.605774
1061.408,4.918335
1061.89,4.964844
1062.372,4.729065
1062.854,4.08786
1063.337,3.36264
1063.819,3.226746
1064.301,3.456757
1064.783,3.606049
1065.265,3.621796
1065.747,3.319183
1066.229,2.193909
1066.711,1.190002
1067.193,0.993713
1067.676,1.484772
1068.158,1.708618
1068.64,1.682617
1069.122,1.582306
1069.604,1.173492
1070.086,1.076691
1070.568,2.136536
1071.05,3.710266
1071.532,4.333435
1072.015,3.642975
1072.497,3.312195
1072.979,3.623108
1073.461,3.775513
1073.943,2.293671
1074.425,0.458099
1074.907,0.341827
1075.389,2.029144
1075.872,3.27182
1076.354,2.913696
1076.836,2.957611
1077.318,4.296875
1077.8,5.983582
1078.282,5.512054
1078.764,3.496002
1079.246,2.272766
1079.729,2.624512
1080.211,3.15741
1080.693,2.953674
1081.175,2.784821
1081.657,3.420715
1082.139,4.822266
1082.621,4.746765
1083.103,3.121918
1083.585,1.941559
1084.068,2.815063
1084.55,4.049316
1085.032,3.751312
1085.514,2.718201
1085.996,2.464783
1086.478,3.824402
1086.96,4.425415
1087.442,4.042084
1087.924,3.363953
1088.406,3.029175
1088.889,2.860687
1089.371,2.41449
1089.853,1.742981
1090.335,1.365448
1090.817,1.747864
1091.299,2.146729
1091.781,2.477234
1092.263,2.610809
1092.746,2.127106
1093.228,1.206329
1093.71,0.780182
1094.192,1.040955
1094.674,1.424255
1095.156,1.555664
1095.638,1.70639
1096.12,2.140472
1096.603,2.761017
1097.085,2.921204
1097.567,2.606018
1098.049,2.117126
1098.531,1.408691
1099.013,1.026703
1099.495,1.573914
1099.977,2.578125
1100.459,3.614716
1100.942,4.946198
1101.424,5.256561
1101.906,4.322662
1102.388,3.117126
1102.87,2.1138
1103.352,1.343323
1103.834,0.895142
1104.316,0.731293
1104.798,0.743896
1105.281,1.431
1105.763,1.425507
1106.245,0.023314999
1106.727,1.322357
1107.209,0.45929
1107.691,1.91275
1108.173,2.611298
1108.655,1.565247
1109.138,0.417725
1109.62,0.021149
1110.102,0.213989
1110.584,0.302124
1111.066,0.341583
1111.548,0.542542
1112.03,0.893341
1112.512,0.527222
1112.995,0.860748
1113.477,1.948853
1113.959,1.10022
1114.441,0.13147
1114.923,0.461365
1115.405,0.170166
1115.887,0.836639
1116.369,1.611786
1116.851,2.009003
1117.333,1.747742
1117.816,1.276367
1118.298,1.030914
1118.78,1.038055
1119.262,1.408569
1119.744,2.461975
1120.226,2.929077
1120.708,2.643982
1121.19,2.093353
1121.673,1.327148
1122.155,0.640472
1122.637,1.181854
1123.119,2.385925
1123.601,2.693787
1124.083,0.046021
1124.565,1.509399
1125.047,0.56189
1125.53,1.147888
1126.012,2.267822
1126.494,2.835876
1126.976,2.835114
1127.458,2.363342
1127.94,2.225006
1128.422,3.438995
1128.904,4.454559
1129.386,4.021454
1129.869,3.296753
1130.351,4.465179
1130.833,7.470947
1131.315,8.992279
1131.797,8.580597
1132.279,7.791687
1132.761,8.035461
1133.243,8.25119
1133.725,7.452606
1134.208,5.870697
1134.69,4.709869
1135.172,3.967407
1135.654,3.766022
1136.136,4.262756
1136.618,4.831787
1137.1,4.755219
1137.582,4.394623
1138.065,4.022003
1138.547,3.634796
1139.029,4.01001
1139.511,5.605835
1139.993,6.340027
1140.475,4.867279
1140.957,2.92868
1141.439,3.784058
1141.922,5.981812
1142.404,6.968353
1142.886,5.548218
1143.368,4.363373
1143.85,3.564148
1144.332,3.174042
1144.814,3.484833
1145.296,4.069427
1145.778,3.467194
1146.26,2.183075
1146.743,1.683563
1147.225,4.01593
1147.707,5.003632
1148.189,3.049225
1148.671,1.009308
1149.153,2.046356
1149.635,5.264862
1150.117,6.023071
1150.6,4.549927
1151.082,3.251923
1151.564,4.074402
1152.046,4.432007
1152.528,2.790741
1153.01,0.686188
1153.492,0.431
1153.974,1.815308
1154.457,2.439667
1154.939,2.087708
1155.421,1.341522
1155.903,0.054687999
1156.385,1.098083
1156.867,1.099548
1157.349,0.315857
1157.831,1.046936
1158.313,3.010376
1158.796,3.982025
1159.278,3.63031
1159.76,2.861267
1160.242,2.055603
1160.724,1.459778
1161.206,1.349823
1161.688,1.679443
1162.17,2.107788
1162.652,2.657715
1163.135,3.082947
1163.617,3.296143
1164.099,3.419922
1164.581,3.696045
1165.063,3.901215
1165.545,3.506561
1166.027,2.349091
1166.509,1.554108
1166.992,1.095032
1167.474,1.170349
1167.956,2.117737
1168.438,3.169006
1168.92,3.279358
1169.402,2.862091
1169.884,2.562225
1170.366,2.742035
1170.849,2.271057
1171.331,0.7742
1171.813,0.240265
1172.295,0.363464
1172.777,1.674347
1173.259,2.363892
1173.741,2.644836
1174.223,2.973267
1174.705,3.943359
1175.188,3.978607
1175.67,2.746857
1176.152,1.419434
1176.634,0.852722
1177.116,0.807892
1177.598,0.935577
1178.08,1.156525
1178.562,1.278595
1179.044,0.985596
1179.527,1.053925
1180.009,1.793793
1180.491,2.388885
1180.973,1.644409
1181.455,0.309906
1181.937,0.345032
1182.419,1.453217
1182.901,2.323212
1183.384,2.207672
1183.866,1.921875
1184.348,1.450317
1184.83,1.173859
1185.312,1.974579
1185.794,3.267792
1186.276,3.22998
1186.758,1.815918
1187.24,0.80484
1187.723,1.239868
1188.205,1.784668
1188.687,2.039459
1189.169,2.311096
1189.651,3.440582
1190.133,4.974182
1190.615,5.218658
1191.097,3.948181
1191.579,3.137726
1192.062,4.191803
1192.544,5.218109
1193.026,5.609833
1193.508,5.585144
1193.99,5.536438
1194.472,5.485748
1194.954,5.623444
1195.436,6.063995
1195.919,6.026215
1196.401,4.622437
1196.883,3.284393
1197.365,2.588226
1197.847,2.387512
1198.329,2.14743
1198.811,2.008606
1199.293,2.732513
1199.776,4.822235
1200.258,6.27774
1200.74,5.630402
1201.222,4.601318
1201.704,3.970673
1202.186,3.665741
1202.668,3.533813
1203.15,3.519196
1203.632,3.367645
1204.115,2.918396
1204.597,2.560577
1205.079,2.379211
1205.561,2.486816
1206.043,3.066895
1206.525,3.969666
1207.007,4.426422
1207.489,4.499603
1207.971,4.454529
1208.454,4.276611
1208.936,4.225403
1209.418,4.73349
1209.9,5.084564
1210.382,4.68335
1210.864,3.674316
1211.346,3.11499
1211.828,2.94754
1212.311,2.84259
1212.793,2.401215
1213.275,2.389862
1213.757,3.518433
1214.239,4.693787
1214.721,5.213837
1215.203,5.218109
1215.685,5.426056
1216.167,5.709534
1216.65,5.570648
1217.132,4.072418
1217.614,3.030518
1218.096,3.522125
1218.578,4.184021
1219.06,3.532104
1219.542,1.864471
1220.024,1.345367
1220.506,1.804016
1220.989,2.048828
1221.471,1.076233
1221.953,0.37085
1222.435,0.400848
1222.917,0.802063
1223.399,1.340118
1223.881,1.921844
1224.363,2.380188
1224.846,2.695251
1225.328,2.851959
1225.81,2.718445
1226.292,2.561401
1226.774,2.526337
1227.256,2.443665
1227.738,1.688446
1228.22,0.740204
1228.703,1.899384
1229.185,4.861542
1229.667,6.682831
1230.149,4.911407
1230.631,3.1828
1231.113,2.113922
1231.595,1.71875
1232.077,2.460693
1232.559,3.872986
1233.042,4.782104
1233.524,5.067108
1234.006,4.658661
1234.488,2.482178
1234.97,1.12384
1235.452,1.301575
1235.934,2.054291
1236.416,2.127014
1236.898,1.77533
1237.381,1.498718
1237.863,1.380402
1238.345,1.558868
1238.827,2.737885
1239.309,3.118164
1239.791,2.142792
1240.273,0.846558
1240.755,0.853546
1241.238,1.459991
1241.72,1.198761
1242.202,0.032349002
1242.684,0.827667
1243.166,1.364838
1243.648,1.06366
1244.13,0.390381
1244.612,2.112244
1245.094,3.19577
1245.577,3.699249
1246.059,3.394104
1246.541,2.375275
1247.023,2.322449
1247.505,3.906097
1247.987,4.709961
1248.469,4.057709
1248.951,3.177704
1249.433,4.197144
1249.916,5.589966
1250.398,5.173004
1250.88,2.913208
1251.362,1.688965
1251.844,1.697754
1252.326,2.364075
1252.808,3.798615
1253.29,5.124298
1253.773,5.419922
1254.255,5.176239
1254.737,4.601624
1255.219,3.818024
1255.701,3.759644
1256.183,4.656311
1256.665,4.568176
1257.147,2.843994
1257.63,1.362793
1258.112,2.222168
1258.594,3.635773
1259.076,3.991974
1259.558,2.953918
1260.04,2.145111
1260.522,1.693512
1261.004,2.138245
1261.486,3.844482
1261.969,5.145844
1262.451,4.117279
1262.933,2.839111
1263.415,2.831451
1263.897,3.581635
1264.379,3.411682
1264.861,2.481323
1265.343,2.301208
1265.825,3.308258
1266.308,4.132507
1266.79,3.79126
1267.272,3.206482
1267.754,2.751862
1268.236,2.428497
1268.718,2.355621
1269.2,2.404663
1269.682,2.056702
1270.165,1.16272
1270.647,0.451233
1271.129,0.191559
1271.611,0.122742
1272.093,2.183746
1272.575,4.676361
1273.057,4.69455
1273.539,2.4375
1274.021,1.00235
1274.504,0.54538
1274.986,0.208801
1275.468,0.0
1500.0,0.0
