WavwNum_Zoisite,value_Zoisite
100.0,0.0
163.1987,0.0
163.6808,18.18555
164.163,26.07617
164.6451,3.950195
165.1272,6.866699
165.6093,7.640625
166.0914,33.00586
166.5735,56.00586
167.0557,67.91748
167.5378,81.16553
168.0199,105.9194
168.502,140.8574
168.9841,175.0513
169.4662,197.0015
169.9484,214.7236
170.4305,239.6401
170.9126,283.4478
171.3947,332.1318
171.8768,371.9756
172.3589,403.0454
172.8411,430.2163
173.3232,452.8701
173.8053,474.5264
174.2874,503.0518
174.7695,545.3843
175.2516,595.6914
175.7338,646.8623
176.2159,697.5225
176.698,748.4434
177.1801,804.9673
177.6622,864.6626
178.1443,916.7358
178.6264,945.5142
179.1086,963.7998
179.5907,999.1147
180.0728,1059.461
180.5549,1129.265
181.037,1188.691
181.5191,1238.636
182.0013,1287.929
182.4834,1341.359
182.9655,1398.231
183.4476,1459.805
183.9297,1528.239
184.4118,1599.132
184.894,1662.483
185.3761,1719.758
185.8582,1783.151
186.3403,1851.732
186.8224,1924.179
187.3046,1991.507
187.7867,2053.41
188.2688,2102.074
188.7509,2132.845
189.233,2149.888
189.7151,2153.364
190.1973,2143.429
190.6794,2120.031
191.1615,2083.593
191.6436,2034.935
192.1257,1973.305
192.6078,1893.479
193.09,1792.396
193.5721,1678.731
194.0542,1558.331
194.5363,1430.72
195.0184,1313.523
195.5005,1222.082
195.9826,1155.893
196.4648,1076.083
196.9469,977.6255
197.429,873.3003
197.9111,786.8892
198.3932,725.6528
198.8753,681.4189
199.3575,634.9575
199.8396,584.791
200.3217,538.436
200.8038,501.6855
201.2859,473.6465
201.768,433.5659
202.2502,381.5034
202.7323,329.0391
203.2144,282.1294
203.6965,240.8208
204.1786,205.2046
204.6607,177.3374
205.1429,155.106
205.625,128.8086
206.1071,97.15771
206.5892,65.03809
207.0713,34.59912
207.5534,3.836426
208.0356,16.36426
208.5177,21.42725
208.9998,12.88477
209.4819,7.074219
209.964,4.034668
210.4461,3.650879
210.9282,7.224121
211.4104,17.33789
211.8925,23.44678
212.3746,23.5083
212.8567,17.52051
213.3388,5.338867
213.8209,13.14453
214.3031,37.8042
214.7852,68.30273
215.2673,103.4092
215.7494,146.8965
216.2315,205.1475
216.7136,283.1523
217.1958,338.3062
217.6779,364.7461
218.16,374.0166
218.6421,382.4717
219.1242,386.4272
219.6063,397.2456
220.0885,423.5747
220.5706,475.3594
221.0527,504.6357
221.5348,512.853
222.0169,498.252
222.499,453.0811
222.9812,360.231
223.4633,266.6709
223.9454,190.7505
224.4275,134.0283
224.9096,89.2373
225.3917,54.88867
225.8739,32.38525
226.356,27.78564
226.8381,54.7251
227.3202,79.00586
227.8023,82.68311
228.2844,51.77051
228.7665,31.46436
229.2487,27.40771
229.7308,35.1084
230.2129,38.26318
230.695,34.81152
231.1771,29.44287
231.6592,26.04688
232.1414,31.77246
232.6235,23.61768
233.1056,7.254883
233.5877,55.15771
234.0698,85.74023
234.5519,92.51709
235.0341,89.9585
235.5162,87.21924
235.9983,86.65674
236.4804,81.00537
236.9625,66.1792
237.4446,44.04492
237.9268,31.49316
238.4089,34.99512
238.891,40.74023
239.3731,37.84619
239.8552,20.80664
240.3373,5.533203
240.8195,5.345215
241.3016,11.90723
241.7837,18.77734
242.2658,22.06982
242.7479,29.75928
243.23,50.7583
243.7122,97.84033
244.1943,133.8271
244.6764,149.353
245.1585,143.957
245.6406,144.3945
246.1227,154.0874
246.6048,166.2734
247.087,173.874
247.5691,172.5615
248.0512,174.5562
248.5333,180.7065
249.0154,190.6162
249.4975,213.189
249.9797,255.4756
250.4618,303.7485
250.9439,343.1772
251.426,370.9653
251.9081,394.9795
252.3902,413.8647
252.8724,425.835
253.3545,453.8354
253.8366,504.6494
254.3187,564.583
254.8008,617.6885
255.2829,663.1855
255.7651,703.6016
256.2472,739.979
256.7293,772.6016
257.2114,798.9551
257.6935,816.2847
258.1756,830.082
258.6577,849.6938
259.1399,884.624
259.622,904.8354
260.1041,902.5332
260.5862,876.8608
261.0683,830.8018
261.5504,753.7661
262.0326,667.6924
262.5147,603.5508
262.9968,570.1792
263.4789,537.8984
263.961,497.5054
264.4431,447.2734
264.9253,399.0312
265.4074,349.7998
265.8895,304.5103
266.3716,273.2798
266.8537,261.1079
267.3358,252.1299
267.818,240.6831
268.3001,225.9917
268.7822,213.7852
269.2643,201.7881
269.7464,194.5835
270.2285,200.0259
270.7107,220.4731
271.1928,247.2012
271.6749,276.7412
272.157,308.6426
272.6391,346.3457
273.1212,392.1426
273.6034,440.395
274.0855,482.4014
274.5676,517.4697
275.0497,549.498
275.5318,578.021
276.0139,602.9326
276.4961,634.7231
276.9782,675.9395
277.4603,719.7803
277.9424,752.0596
278.4245,770.603
278.9066,795.5635
279.3888,839.542
279.8709,902.7739
280.353,952.2847
280.8351,985.2656
281.3172,1010.749
281.7993,1042.65
282.2815,1081.712
282.7636,1117.44
283.2457,1145.419
283.7278,1165.933
284.2099,1184.366
284.692,1202.55
285.1741,1213.599
285.6563,1203.98
286.1384,1173.873
286.6205,1142.261
287.1026,1122.462
287.5847,1110.104
288.0668,1073.868
288.549,1008.261
289.0311,938.7842
289.5132,899.1396
289.9953,888.1313
290.4774,887.3018
290.9595,895.1597
291.4417,905.2949
291.9238,898.8149
292.4059,873.4946
292.888,851.3857
293.3701,858.3213
293.8522,891.6582
294.3344,937.5454
294.8165,997.8965
295.2986,1067.271
295.7807,1125.925
296.2628,1171.293
296.7449,1220.747
297.2271,1294.143
297.7092,1387.923
298.1913,1490.015
298.6734,1592.383
299.1555,1699.463
299.6376,1819.286
300.1198,1953.144
300.6019,2089.56
301.084,2205.823
301.5661,2314.618
302.0482,2444.771
302.5303,2618.757
303.0125,2816.033
303.4946,3018.78
303.9767,3225.217
304.4588,3431.939
304.9409,3630.985
305.423,3824.085
305.9052,4021.184
306.3873,4231.195
306.8694,4442.311
307.3515,4644.951
307.8336,4837.774
308.3157,5012.833
308.7979,5176.158
309.28,5314.201
309.7621,5408.328
310.2442,5452.2
310.7263,5449.468
311.2084,5404.807
311.6906,5317.52
312.1727,5180.743
312.6548,4980.591
313.1369,4730.029
313.619,4448.273
314.1011,4108.797
314.5833,3766.104
315.0654,3435.966
315.5475,3117.95
316.0296,2830.738
316.5117,2585.122
316.9938,2372.437
317.476,2184.438
317.958,2033.892
318.4402,1896.069
318.9223,1760.293
319.4044,1629.404
319.8865,1524.687
320.3686,1466.24
320.8507,1425.133
321.3329,1382.479
321.815,1321.603
322.2971,1275.435
322.7792,1261.221
323.2613,1269.843
323.7434,1265.142
324.2256,1221.095
324.7077,1178.845
325.1898,1157.778
325.6719,1165.893
326.154,1186.784
326.6361,1229.197
327.1183,1285.363
327.6004,1330.982
328.0825,1348.169
328.5646,1370.577
329.0467,1411.448
329.5288,1484.83
330.011,1551.322
330.4931,1607.426
330.9752,1657.971
331.4573,1711.799
331.9394,1765.069
332.4215,1827.556
332.9037,1906.283
333.3858,2010.318
333.8679,2097.483
334.35,2157.922
334.8321,2209.203
335.3142,2284.354
335.7964,2396.993
336.2785,2502.701
336.7606,2585.279
337.2427,2642.061
337.7248,2702.477
338.2069,2763.525
338.6891,2832.479
339.1712,2924.439
339.6533,3043.439
340.1354,3159.525
340.6175,3263.65
341.0996,3356.853
341.5818,3439.396
342.0639,3510.393
342.546,3573.452
343.0281,3640.785
343.5102,3711.302
343.9923,3752.993
344.4745,3758.21
344.9566,3727.267
345.4387,3658.206
345.9208,3551.58
346.4029,3414.503
346.885,3249.433
347.3672,3058.06
347.8493,2852.758
348.3314,2630.918
348.8135,2402.457
349.2956,2187.315
349.7777,1986.759
350.2599,1794.943
350.7419,1593.35
351.2241,1398.186
351.7062,1244.284
352.1883,1151.042
352.6704,1077.558
353.1525,978.4727
353.6346,861.0161
354.1168,749.2974
354.5989,655.8389
355.081,576.5342
355.5631,510.0112
356.0452,458.7109
356.5273,411.5068
357.0095,357.4731
357.4916,301.313
357.9737,253.9316
358.4558,224.0249
358.9379,201.502
359.42,182.3262
359.9022,167.8906
360.3843,146.5591
360.8664,99.90332
361.3485,46.30469
361.8306,11.50439
362.3127,21.65479
362.7949,35.19922
363.277,34.42871
363.7591,16.75391
364.2412,4.084473
364.7233,7.171387
365.2054,14.78174
365.6876,16.5415
366.1697,4.774902
366.6518,6.266113
367.1339,12.10498
367.616,12.91113
368.0981,19.32764
368.5803,41.43945
369.0624,62.1626
369.5445,70.47021
370.0266,55.93604
370.5087,45.3042
370.9908,42.79883
371.473,45.93604
371.9551,42.74707
372.4372,27.06396
372.9193,14.01025
373.4014,13.59961
373.8835,32.7251
374.3657,40.62256
374.8478,29.74316
375.3299,12.41113
375.812,18.81396
376.2941,55.84033
376.7762,90.24365
377.2584,107.7666
377.7405,108.1714
378.2226,99.34082
378.7047,79.00049
379.1868,54.88428
379.6689,37.81055
380.1511,27.75391
380.6332,15.85693
381.1153,4.072754
381.5974,28.26562
382.0795,39.05615
382.5616,35.60547
383.0438,33.43994
383.5259,52.90576
384.008,86.88428
384.4901,112.8896
384.9722,122.7393
385.4543,123.356
385.9364,119.3203
386.4185,112.2354
386.9007,114.189
387.3828,141.2979
387.8649,180.1909
388.347,211.6479
388.8291,226.3877
389.3112,243.0649
389.7934,277.5186
390.2755,325.2075
390.7576,373.5664
391.2397,419.4072
391.7218,462.4233
392.2039,501.7217
392.6861,535.9087
393.1682,571.063
393.6503,615.3345
394.1324,660.8169
394.6145,696.0503
395.0966,710.2549
395.5788,720.7251
396.0609,733.4541
396.543,749.3154
397.0251,762.8447
397.5072,781.564
397.9893,793.4595
398.4715,787.8613
398.9536,736.8096
399.4357,702.2559
399.9178,697.8301
400.3999,719.5479
400.882,729.1753
401.3642,708.5215
401.8463,698.3428
402.3284,725.6382
402.8105,806.9629
403.2926,879.3784
403.7747,933.4463
404.2569,975.8208
404.739,1025.284
405.2211,1084.301
405.7032,1149.494
406.1853,1223.019
406.6674,1305.19
407.1496,1375.364
407.6317,1431.196
408.1138,1481.419
408.5959,1543.904
409.078,1617.11
409.5602,1675.43
410.0423,1705.34
410.5244,1713.984
411.0065,1711.669
411.4886,1697.964
411.9707,1691.526
412.4529,1718.961
412.935,1766.139
413.4171,1798.379
413.8992,1802.314
414.3813,1795.154
414.8634,1790.387
415.3456,1788.968
415.8277,1794.711
416.3098,1815.497
416.7919,1841.577
417.274,1865.233
417.7561,1885.572
418.2382,1900.326
418.7203,1914.094
419.2025,1920.508
419.6846,1907.876
420.1667,1853.307
420.6488,1796.982
421.1309,1759.202
421.613,1745.129
422.0952,1718.889
422.5773,1657.77
423.0594,1590.731
423.5415,1542.624
424.0236,1519.695
424.5057,1511.037
424.9879,1529.456
425.47,1567.918
425.9521,1572.111
426.4342,1505.088
426.9163,1445.8
427.3984,1445.504
427.8806,1541.541
428.3627,1595.01
428.8448,1582.531
429.3269,1539.257
429.809,1540.975
430.2911,1596.503
430.7733,1661.472
431.2554,1724.194
431.7375,1781.792
432.2196,1812.395
432.7017,1814.137
433.1838,1801.643
433.666,1788.196
434.1481,1771.088
434.6302,1744.738
435.1123,1702.176
435.5944,1656.93
436.0765,1641.109
436.5587,1651.344
437.0408,1649.607
437.5229,1598.759
438.005,1520.753
438.4871,1447.054
438.9692,1384.924
439.4514,1325.595
439.9335,1258.553
440.4156,1188.712
440.8977,1126.574
441.3798,1085.076
441.8619,1047.157
442.3441,1004.901
442.8262,957.9785
443.3083,903.0747
443.7904,830.9492
444.2725,754.4341
444.7546,685.6738
445.2368,616.9512
445.7189,567.6934
446.201,554.2148
446.6831,570.4072
447.1652,567.6738
447.6473,531.6113
448.1295,490.7397
448.6116,457.7124
449.0937,428.2407
449.5758,417.6333
450.0579,434.7456
450.54,463.8223
451.0221,474.0552
451.5042,460.2241
451.9864,447.0273
452.4685,444.7896
452.9506,452.0645
453.4327,448.8516
453.9148,432.2246
454.3969,420.1201
454.8791,446.1211
455.3612,499.4497
455.8433,515.6719
456.3254,473.939
456.8075,394.5273
457.2896,299.9404
457.7718,192.9072
458.2539,95.0459
458.736,15.65918
459.2181,46.06104
459.7002,93.14941
460.1823,127.7769
460.6645,140.4536
461.1466,103.9482
461.6287,45.43994
462.1108,6.078613
462.5929,29.94531
463.075,49.85742
463.5572,33.93359
464.0393,17.47754
464.5214,77.70654
465.0035,145.582
465.4856,215.5562
465.9677,283.2466
466.4499,341.2905
466.932,405.9229
467.4141,481.6646
467.8962,563.938
468.3783,642.5029
468.8604,712.5098
469.3426,786.2871
469.8247,868.4019
470.3068,958.3999
470.7889,1059.42
471.271,1174.575
471.7531,1294.583
472.2353,1406.428
472.7174,1509.513
473.1995,1624.747
473.6816,1756.373
474.1637,1904.101
474.6458,2070.483
475.128,2254.597
475.6101,2435.105
476.0922,2589.176
476.5743,2731.361
477.0564,2891.421
477.5385,3075.557
478.0207,3267.67
478.5028,3450.126
478.9849,3632.249
479.467,3830.918
479.9491,4048.497
480.4312,4289.766
480.9134,4563.289
481.3955,4866.692
481.8776,5172.745
482.3597,5450.79
482.8418,5736.85
483.3239,6055.205
483.806,6425.867
484.2881,6806.199
484.7703,7206.103
485.2524,7606.263
485.7345,7961.967
486.2166,8236.184
486.6987,8510.559
487.1808,8816.604
487.663,9159.392
488.1451,9463.56
488.6272,9733.034
489.1093,9952.268
489.5914,10116.33
490.0735,10226.46
490.5557,10251.63
491.0378,10194.53
491.5199,10047.42
492.002,9776.467
492.4841,9381.872
492.9662,8907.112
493.4484,8353.843
493.9305,7741.769
494.4126,7116.616
494.8947,6472.877
495.3768,5852.642
495.8589,5268.794
496.3411,4730.75
496.8232,4250.762
497.3053,3854.386
497.7874,3492.27
498.2695,3134.434
498.7516,2789.127
499.2338,2476.512
499.7159,2208.034
500.198,1974.197
500.6801,1779.686
501.1622,1633.568
501.6443,1493.628
502.1265,1346.954
502.6086,1208.533
503.0907,1095.367
503.5728,1018.652
504.0549,948.1753
504.537,877.4146
505.0192,808.813
505.5013,759.9688
505.9834,739.1885
506.4655,716.8003
506.9476,667.9458
507.4297,590.5742
507.9119,546.1855
508.394,542.4912
508.8761,555.5142
509.3582,555.2866
509.8403,543.75
510.3224,530.5874
510.8046,512.5684
511.2867,500.0981
511.7688,514.2793
512.2509,551.583
512.733,588.5562
513.2151,610.0786
513.6973,623.4956
514.1794,633.8662
514.6615,638.7881
515.1436,651.8555
515.6257,677.7759
516.1078,716.6504
516.59,767.54
517.0721,849.4395
517.5542,921.3735
518.0363,965.146
518.5184,983.1362
519.0005,1022.79
519.4827,1105.278
519.9648,1187.87
520.4469,1242.614
520.929,1253.333
521.4111,1288.651
521.8932,1356.896
522.3754,1440.278
522.8575,1512.258
523.3396,1572.794
523.8217,1626.882
524.3038,1675.836
524.7859,1719.311
525.2681,1760.979
525.7502,1800.792
526.2323,1831.254
526.7144,1853.972
527.1965,1862.328
527.6786,1842.529
528.1608,1790.356
528.6429,1720.279
529.125,1636.94
529.6071,1544.923
530.0892,1453.351
530.5714,1364.047
531.0535,1276.083
531.5356,1185.533
532.0176,1094.065
532.4998,1016.396
532.9819,968.5693
533.464,924.6836
533.9461,870.5273
534.4282,802.585
534.9103,732.4355
535.3925,656.0107
535.8746,579.7549
536.3567,513.1074
536.8388,459.2656
537.3209,403.5078
537.803,339.7295
538.2852,272.8867
538.7673,222.5605
539.2494,189.8457
539.7315,162.0488
540.2136,130.5664
540.6957,97.27246
541.1779,68.39844
541.66,45.15039
542.1421,22.14355
542.6242,12.27441
543.1063,48.92383
543.5884,71.48633
544.0706,61.40771
544.5527,47.74219
545.0348,48.41602
545.5169,60.20557
545.999,70.67383
546.4811,81.26807
546.9633,84.95947
547.4454,73.50977
547.9275,35.24512
548.4096,20.80273
548.8917,54.90771
549.3738,95.96289
549.856,102.6675
550.3381,59.04688
550.8202,20.23438
551.3023,5.870117
551.7844,21.56055
552.2665,29.91504
552.7487,29.18945
553.2308,39.98438
553.7129,81.2793
554.195,143.3047
554.6771,188.4141
555.1592,216.0879
555.6414,238.1582
556.1235,255.3711
556.6056,276.5283
557.0877,318.2188
557.5698,393.1162
558.0519,472.2002
558.5341,534.0801
559.0162,586.0898
559.4983,641.7061
559.9804,707.9844
560.4625,777.8008
560.9446,846.9062
561.4268,914.085
561.9089,991.5127
562.391,1090.522
562.8731,1190.896
563.3552,1280.292
563.8373,1354.664
564.3195,1428.91
564.8016,1505.093
565.2837,1578.235
565.7658,1634.29
566.2479,1671.854
566.73,1720.94
567.2122,1799.924
567.6943,1890.342
568.1764,1944.803
568.6585,1965.747
569.1406,1974.714
569.6227,1979.345
570.1049,1983.938
570.587,2004.514
571.0691,2048.642
571.5512,2061.654
572.0333,1984.228
572.5154,1865.975
572.9976,1764.373
573.4797,1723.359
573.9618,1668.376
574.4439,1575.975
574.926,1454.26
575.4081,1332.649
575.8903,1195.937
576.3724,1077.939
576.8545,996.3389
577.3366,954.665
577.8187,895.0146
578.3008,806.3799
578.783,722.9131
579.2651,676.3281
579.7472,665.2148
580.2293,660.5098
580.7114,660.5068
581.1935,661.8711
581.6757,652.5938
582.1578,638.918
582.6399,640.9287
583.122,672.8193
583.6041,720.3135
584.0862,771.6318
584.5684,827.7129
585.0505,892.7393
585.5326,981.0732
586.0147,1069.938
586.4968,1145.612
586.9789,1201.598
587.4611,1254.151
587.9432,1298.161
588.4253,1345.159
588.9074,1406.002
589.3895,1485.458
589.8716,1569.182
590.3538,1658.819
590.8359,1749.461
591.318,1827.593
591.8001,1891.36
592.2822,1961.376
592.7643,2055.058
593.2465,2161.255
593.7286,2246.099
594.2107,2310.068
594.6928,2354.955
595.1749,2393.808
595.657,2411.735
596.1392,2389.511
596.6213,2323.7
597.1034,2216.346
597.5854,2047.877
598.0676,1843.395
598.5497,1639.777
599.0318,1429.829
599.5139,1237.856
599.996,1068.735
600.4781,919.4355
600.9603,786.5947
601.4424,676.7861
601.9245,574.5225
602.4066,471.0342
602.8887,365.1973
603.3708,281.5088
603.853,222.7764
604.3351,178.1885
604.8172,140.9814
605.2993,111.4473
605.7814,90.72754
606.2635,78.86523
606.7457,66.76953
607.2278,44.23535
607.7099,17.6377
608.192,0.417969
608.6741,2.022461
609.1563,1.036133
609.6384,0.607422
610.1205,2.485352
610.6026,1.641602
611.0847,2.821289
611.5668,13.51758
612.049,33.16797
612.5311,64.25
613.0132,92.86621
613.4953,121.4941
613.9774,145.0186
614.4595,153.8086
614.9417,143.6787
615.4238,154.6396
615.9059,196.2168
616.388,250.1797
616.8701,288.9111
617.3522,313.9834
617.8344,334.7227
618.3165,355.0166
618.7986,373.1279
619.2807,383.4199
619.7628,388.083
620.2449,397.624
620.7271,425.834
621.2092,454.7988
621.6913,469.9072
622.1734,465.8555
622.6555,470.5059
623.1376,507.3604
623.6198,542.9043
624.1019,550.9004
624.584,516.4717
625.0661,486.5195
625.5482,466.0479
626.0303,448.2744
626.5125,420.4082
626.9946,381.9785
627.4767,341.1133
627.9588,298.4395
628.4409,256.5215
628.923,223.6562
629.4052,198.4346
629.8873,169.9287
630.3694,118.9385
630.8515,68.89062
631.3336,46.42285
631.8157,54.3457
632.2979,64.38281
632.78,74.84863
633.2621,75.35059
633.7442,56.06738
634.2263,10.70215
634.7084,54.09277
635.1906,63.73145
635.6727,54.09961
636.1548,43.45215
636.6369,29.95605
637.119,21.58203
637.6011,20.74902
638.0833,25.66406
638.5654,35.31738
639.0475,49.10742
639.5296,55.14746
640.0117,41.36523
640.4938,17.8252
640.976,0.417969
641.4581,12.81055
641.9402,21.25391
642.4223,27.06738
642.9044,29.25391
643.3865,22.43555
643.8687,6.176758
644.3508,8.876953
644.8329,53.17383
645.315,133.6064
645.7971,181.0527
646.2792,174.8359
646.7614,176.7744
647.2435,198.6426
647.7256,228.3027
648.2077,235.1055
648.6898,216.9873
649.1719,200.9639
649.6541,197.292
650.1362,202.4277
650.6183,210.4678
651.1004,220.8115
651.5825,228.0742
652.0646,221.085
652.5468,213.8281
653.0289,221.0811
653.511,245.1104
653.9931,273.1875
654.4752,318.0303
654.9573,354.4697
655.4395,361.6035
655.9216,300.0059
656.4037,265.873
656.8858,269.1211
657.3679,292.4277
657.85,313.7344
658.3322,334.5166
658.8143,344.2783
659.2964,337.1074
659.7785,321.5537
660.2606,311.8154
660.7427,309.1318
661.2249,322.1338
661.707,364.4053
662.1891,419.6309
662.6712,467.6699
663.1533,509.5352
663.6354,557.9619
664.1175,630.5312
664.5996,703.9951
665.0817,761.3555
665.5638,794.4072
666.046,833.5625
666.5281,881.9238
667.0102,937.0752
667.4923,996.7881
667.9744,1061.15
668.4565,1130.014
668.9387,1204.164
669.4208,1283.156
669.9029,1369.892
670.385,1462.836
670.8671,1552.801
671.3492,1639.301
671.8314,1718.63
672.3135,1786.948
672.7956,1844.757
673.2777,1892.685
673.7598,1917.621
674.2419,1943.855
674.7241,1994.58
675.2062,2068.812
675.6883,2113.155
676.1704,2105.625
676.6525,2080.028
677.1346,2052.08
677.6168,2025.758
678.0989,1969.716
678.581,1875.158
679.0631,1772.486
679.5452,1692.929
680.0273,1632.056
680.5095,1561.211
680.9916,1472.531
681.4737,1383.275
681.9558,1314.803
682.4379,1258.442
682.92,1195.6
683.4022,1111.772
683.8843,1029.909
684.3664,953.7451
684.8485,887.3457
685.3306,836.2471
685.8127,817.7061
686.2949,797.8359
686.777,767.8965
687.2591,729.708
687.7412,696.5371
688.2233,666.6494
688.7054,646.5137
689.1876,647.3779
689.6697,662.8682
690.1518,656.3193
690.6339,627.1436
691.116,598.791
691.5981,597.9414
692.0803,604.7217
692.5624,590.5039
693.0445,547.627
693.5266,512.5576
694.0087,513.4678
694.4908,523.793
694.973,515.4229
695.4551,461.4355
695.9372,420.9258
696.4193,402.2773
696.9014,392.79
697.3835,372.7842
697.8657,342.6201
698.3478,306.877
698.8299,260.8457
699.312,214.5479
699.7941,192.3086
700.2762,191.4551
700.7584,200.166
701.2405,233.0176
701.7226,256.8145
702.2047,231.3125
702.6868,164.5059
703.1689,109.0146
703.6511,91.12402
704.1332,83.3457
704.6153,71.83398
705.0974,54.49023
705.5795,44.56348
706.0616,42.49414
706.5438,47.19238
707.0259,60.58984
707.508,82.87109
707.9901,98.10352
708.4722,104.5986
708.9543,108.4346
709.4365,115.084
709.9186,124.3594
710.4007,136.9531
710.8828,156.0674
711.3649,170.6631
711.847,167.5508
712.3292,156.9561
712.8113,153.876
713.2934,171.4326
713.7755,185.3848
714.2576,189.0039
714.7397,187.1299
715.2219,192.6455
715.704,208.6846
716.1861,220.8145
716.6682,223.332
717.1503,219.2568
717.6324,213.6279
718.1146,207.5928
718.5967,213.4102
719.0788,258.1582
719.5609,306.8584
720.043,311.8047
720.5251,275.2236
721.0073,244.5752
721.4894,252.1221
721.9715,264.2939
722.4536,256.6553
722.9357,217.5576
723.4178,204.7012
723.9,232.1523
724.3821,266.9346
724.8642,284.7852
725.3463,285.3281
725.8284,274.5293
726.3105,251.5742
726.7927,222.6455
727.2748,187.3701
727.7569,152.1348
728.239,135.1113
728.7211,149.8193
729.2032,160.957
729.6853,134.3252
730.1674,92.13379
730.6495,66.59375
731.1317,83.74414
731.6138,95.79297
732.0959,96.16895
732.578,87.25293
733.0601,72.35059
733.5422,48.4834
734.0244,30.57812
734.5065,23.7832
734.9886,24.79102
735.4707,27.58496
735.9528,31.30469
736.4349,30.18457
736.9171,16.29102
737.3992,0.725586
737.8813,13.78613
738.3634,22.08105
738.8455,21.73242
739.3276,2.082031
739.8098,17.07324
740.2919,27.55762
740.774,29.62207
741.2561,22.66016
741.7382,0.671875
742.2203,18.44727
742.7025,10.0
743.1846,21.6543
743.6667,35.18164
744.1488,28.82812
744.6309,17.37793
745.113,12.29785
745.5952,9.438477
746.0773,4.095703
746.5594,5.450195
747.0415,9.735352
747.5236,5.583008
748.0057,6.664063
748.4879,26.28027
748.97,71.12207
749.4521,88.24902
749.9342,65.8125
750.4163,30.56641
750.8984,21.49023
751.3806,40.17188
751.8627,55.69434
752.3448,58.58789
752.8269,61.78711
753.309,93.4541
753.7911,141.0908
754.2733,171.75
754.7554,149.7129
755.2375,125.9727
755.7196,136.1025
756.2017,170.9766
756.6838,198.9014
757.166,200.5908
757.6481,202.3418
758.1302,217.3047
758.6123,240.6289
759.0944,247.8262
759.5765,233.0273
760.0587,224.5371
760.5408,243.2109
761.0229,276.5918
761.505,293.418
761.9871,296.6611
762.4692,302.2412
762.9514,323.8018
763.4335,344.9561
763.9156,354.9766
764.3977,353.0107
764.8798,353.0508
765.3619,349.374
765.8441,358.124
766.3262,393.3545
766.8083,459.1865
767.2904,477.3975
767.7725,439.3975
768.2546,393.9805
768.7368,378.877
769.2189,387.3047
769.701,407.0332
770.1831,437.5938
770.6652,469.9268
771.1473,505.7217
771.6295,535.3066
772.1116,546.6982
772.5937,529.0664
773.0758,519.7217
773.5579,536.3984
774.04,553.123
774.5222,544.4092
775.0043,499.5752
775.4864,482.2734
775.9685,501.5889
776.4506,533.46
776.9327,552.0361
777.4149,558.9111
777.897,559.9824
778.3791,557.8535
778.8612,546.0947
779.3433,509.5869
779.8254,463.9395
780.3076,429.8398
780.7897,414.3232
781.2718,408.4883
781.7539,418.043
782.236,432.3398
782.7181,434.6611
783.2003,423.5068
783.6824,408.4541
784.1645,390.8564
784.6466,371.3857
785.1287,351.5068
785.6108,330.8994
786.093,307.5938
786.5751,273.3984
787.0572,244.9912
787.5393,235.8564
788.0214,240.8203
788.5035,248.2256
788.9857,273.2539
789.4678,277.4971
789.9499,242.083
790.432,184.168
790.9141,161.8691
791.3962,180.4072
791.8784,193.3242
792.3605,181.9004
792.8426,155.3242
793.3247,126.1318
793.8068,96.22461
794.2889,72.00684
794.7711,60.13574
795.2531,52.20898
795.7352,40.98535
796.2173,27.96191
796.6995,25.0293
797.1816,45.91309
797.6637,60.78418
798.1458,58.56641
798.6279,42.12109
799.11,32.40625
799.5922,29.37012
800.0743,28.14941
800.5564,32.00586
801.0385,35.24512
801.5206,22.89551
802.0027,2.213867
802.4849,20.32324
802.967,12.86426
803.4491,2.34375
803.9312,1.637695
804.4133,12.24414
804.8954,22.92285
805.3776,38.69922
805.8597,44.04492
806.3418,26.09277
806.8239,11.45312
807.306,34.64062
807.7881,43.38867
808.2703,40.05762
808.7524,19.84473
809.2345,7.249023
809.7166,30.56055
810.1987,49.29102
810.6808,64.44922
811.163,83.83203
811.6451,92.98047
812.1272,77.28027
812.6093,31.75
813.0914,17.82129
813.5735,49.60254
814.0557,75.71484
814.5378,45.27637
815.0199,24.36816
815.502,43.06348
815.9841,8.9375
816.4662,27.16406
816.9484,21.6582
817.4305,2.305664
817.9126,4.054688
818.3947,7.005859
818.8768,17.94336
819.3589,34.9668
819.8411,41.34473
820.3232,22.50098
820.8053,28.27148
821.2874,51.51953
821.7695,44.07812
822.2516,25.68457
822.7338,4.526367
823.2159,13.44824
823.698,9.262695
824.1801,19.66211
824.6622,41.11621
825.1443,25.2959
825.6265,1.083008
826.1086,9.291016
826.5907,0.482422
827.0728,12.03906
827.5549,27.19238
828.037,41.31348
828.5192,51.25781
829.0013,57.2168
829.4834,56.2627
829.9655,47.26855
830.4476,47.67871
830.9297,93.12695
831.4119,147.2451
831.894,155.3457
832.3761,103.4941
832.8582,66.10938
833.3403,77.41895
833.8224,108.3926
834.3046,144.3076
834.7867,193.5361
835.2688,203.7373
835.7509,165.1738
836.233,118.2188
836.7151,99.30859
837.1973,100.4141
837.6794,95.09082
838.1615,80.95703
838.6436,71.24414
839.1257,79.31445
839.6078,93.41895
840.09,103.8477
840.5721,108.1201
841.0542,112.96
841.5363,118.8496
842.0184,125.2383
842.5005,130.1982
842.9827,133.4072
843.4648,148.3252
843.9469,176.3076
844.429,201.9697
844.9111,208.0488
845.3932,205.1914
845.8754,204.0342
846.3575,205.1074
846.8396,220.8301
847.3217,281.2393
847.8038,337.6631
848.2859,353.7109
848.7681,320.3965
849.2502,312.4766
849.7323,333.4307
850.2144,368.5039
850.6965,411.2871
851.1786,459.2861
851.6608,506.1025
852.1429,550.4297
852.625,589.4033
853.1071,606.9971
853.5892,628.624
854.0714,678.9775
854.5535,765.0186
855.0356,834.708
855.5177,867.7871
855.9998,907.916
856.4819,984.9697
856.9641,1095.809
857.4462,1171.65
857.9283,1212.739
858.4104,1258.519
858.8925,1345.519
859.3746,1448.152
859.8568,1533.55
860.3389,1602.784
860.821,1680.783
861.303,1780.988
861.7852,1887.819
862.2673,1997.109
862.7494,2107.518
863.2315,2210.776
863.7136,2303.345
864.1957,2403.528
864.6779,2525.231
865.16,2658.645
865.6421,2784.08
866.1242,2901.995
866.6063,3009.662
867.0884,3087.197
867.5706,3168.549
868.0527,3285.429
868.5348,3429.857
869.0169,3531.038
869.499,3585.271
869.9811,3604.1
870.4633,3586.64
870.9454,3539.397
871.4275,3487.796
871.9096,3431.033
872.3917,3364.832
872.8738,3297.12
873.356,3208.154
873.8381,3070.794
874.3202,2897.624
874.8023,2738.596
875.2844,2620.027
875.7665,2493.11
876.2487,2342.78
876.7308,2180.452
877.2129,2032.922
877.695,1900.893
878.1771,1790.327
878.6592,1709.638
879.1414,1641.741
879.6235,1562.828
880.1056,1483.911
880.5877,1426.845
881.0698,1410.351
881.5519,1403.044
882.0341,1406.103
882.5162,1409.637
882.9983,1395.694
883.4804,1358.291
883.9625,1339.027
884.4446,1348.21
884.9268,1372.883
885.4089,1401.34
885.891,1430.354
886.3731,1455.084
886.8552,1476.03
887.3373,1488.124
887.8195,1482.484
888.3016,1470.093
888.7837,1465.218
889.2658,1478.492
889.7479,1468.881
890.23,1428.89
890.7122,1382.13
891.1943,1353.372
891.6764,1339.025
892.1585,1331.106
892.6406,1329.501
893.1227,1325.25
893.6049,1306.811
894.087,1285.378
894.5691,1270.819
895.0512,1265.859
895.5333,1262.151
896.0154,1261.321
896.4976,1259.194
896.9797,1252.32
897.4618,1241.229
897.9439,1228.502
898.426,1214.461
898.9081,1203.956
899.3903,1211.718
899.8724,1215.937
900.3545,1190.517
900.8366,1132.937
901.3187,1095.328
901.8008,1086.197
902.283,1091.555
902.7651,1111.102
903.2472,1140.824
903.7293,1150.438
904.2114,1141.783
904.6935,1148.739
905.1757,1213.329
905.6578,1285.119
906.1399,1305.093
906.622,1287.94
907.1041,1286.154
907.5862,1321.135
908.0684,1365.609
908.5505,1416.332
909.0326,1470.948
909.5147,1523.831
909.9968,1575.428
910.4789,1629.291
910.9611,1681.829
911.4432,1746.05
911.9253,1841.291
912.4074,1958.501
912.8895,2083.307
913.3716,2210.888
913.8538,2346.038
914.3359,2488.87
914.818,2639.855
915.3001,2802.687
915.7822,2978.756
916.2643,3145.113
916.7465,3293.424
917.2286,3451.907
917.7107,3671.904
918.1928,3913.237
918.6749,4111.444
919.157,4240.688
919.6392,4384.813
920.1213,4585.74
920.6034,4796.112
921.0855,4984.888
921.5676,5147.152
922.0497,5324.107
922.5319,5520.066
923.014,5696.871
923.4961,5825.437
923.9782,5912.977
924.4603,5971.851
924.9424,6002.024
925.4246,5995.688
925.9067,5947.673
926.3888,5862.371
926.8708,5740.632
927.353,5584.734
927.8351,5405.085
928.3172,5199.712
928.7993,4975.061
929.2814,4731.779
929.7635,4469.255
930.2457,4188.55
930.7278,3887.775
931.2099,3575.691
931.692,3201.5
932.1741,2872.972
932.6563,2646.304
933.1384,2471.142
933.6205,2263.822
934.1026,2012.499
934.5847,1800.665
935.0668,1650.673
935.549,1522.445
936.0311,1351.935
936.5132,1168.985
936.9953,1033.604
937.4774,978.0322
937.9595,917.5508
938.4417,803.8975
938.9238,688.7188
939.4059,613.541
939.888,585.3545
940.3701,560.4639
940.8522,540.3223
941.3344,512.6797
941.8165,461.6582
942.2986,399.0264
942.7807,336.8701
943.2628,276.9922
943.7449,233.543
944.2271,225.9697
944.7092,221.4541
945.1913,206.335
945.6734,181.8027
946.1555,158.2578
946.6376,136.4883
947.1198,105.3154
947.6019,44.73828
948.084,13.58301
948.5661,10.64844
949.0482,29.95898
949.5303,49.31055
950.0125,0.52832
950.4946,40.44727
950.9767,58.5166
951.4588,60.17969
951.9409,53.05859
952.423,36.62598
952.9052,20.2168
953.3873,3.658203
953.8694,7.71582
954.3515,9.356445
954.8336,3.617188
955.3157,7.678711
955.7979,26.52734
956.28,42.4502
956.7621,60.18359
957.2442,66.89062
957.7263,49.55566
958.2084,8.524414
958.6906,19.39844
959.1727,34.19629
959.6548,45.78711
960.1369,57.36621
960.619,70.12598
961.1011,87.37012
961.5833,109.1592
962.0654,129.8369
962.5475,141.0361
963.0296,164.043
963.5117,208.9424
963.9938,265.498
964.476,303.4697
964.9581,322.3604
965.4402,331.1133
965.9223,330.8936
966.4044,333.7324
966.8865,344.7637
967.3687,366.7129
967.8508,404.4727
968.3329,470.8477
968.815,537.0898
969.2971,597.5029
969.7792,658.3242
970.2614,739.4922
970.7435,834.1064
971.2256,907.2783
971.7077,954.0791
972.1898,1003.203
972.6719,1076.832
973.1541,1157.726
973.6362,1228.368
974.1183,1285.621
974.6004,1372.36
975.0825,1499.552
975.5646,1627.42
976.0468,1741.9
976.5289,1841.879
977.011,1915.169
977.4931,1969.239
977.9752,2030.483
978.4573,2119.614
978.9395,2208.881
979.4216,2293.643
979.9037,2368.091
980.3858,2424.025
980.8679,2460.494
981.35,2483.938
981.8322,2495.659
982.3143,2492.137
982.7964,2472.515
983.2785,2433.307
983.7606,2364.015
984.2427,2256.195
984.7249,2154.469
985.207,2082.865
985.6891,2010.814
986.1712,1918.766
986.6533,1807.749
987.1354,1721.363
987.6176,1660.229
988.0997,1594.566
988.5818,1506.016
989.0639,1403.903
989.546,1290.062
990.0281,1169.641
990.5103,1059.138
990.9924,959.4668
991.4745,876.7637
991.9566,815.1191
992.4387,766.3955
992.9208,714.4688
993.4029,661.4023
993.885,621.0312
994.3671,599.0293
994.8492,577.4238
995.3314,543.708
995.8135,503.3975
996.2956,460.1641
996.7777,412.0273
997.2598,369.3281
997.7419,330.5137
998.2241,301.0176
998.7062,296.5654
999.1883,301.1396
999.6704,266.1875
1000.153,200.8916
1000.635,154.46
1001.117,177.5215
1001.599,195.9043
1002.081,167.873
1002.563,117.2666
1003.045,101.9482
1003.527,125.75
1004.009,138.3701
1004.492,125.4854
1004.974,107.1279
1005.456,110.4326
1005.938,122.0156
1006.42,123.5215
1006.902,109.5303
1007.384,88.26562
1007.866,50.81348
1008.349,20.17773
1008.831,18.69141
1009.313,42.5293
1009.795,38.46875
1010.277,9.077148
1010.759,14.57812
1011.241,7.741211
1011.723,7.086914
1012.205,18.21387
1012.688,24.47754
1013.17,24.00098
1013.652,14.57422
1014.134,4.107422
1014.616,6.306641
1015.098,15.99121
1015.58,23.2832
1016.062,28.35645
1016.544,34.13965
1017.027,43.00488
1017.509,45.61816
1017.991,30.05664
1018.473,13.52734
1018.955,7.379883
1019.437,11.94141
1019.919,22.35742
1020.401,39.06152
1020.884,52.23145
1021.366,61.95996
1021.848,59.63379
1022.33,21.84863
1022.812,37.71387
1023.294,71.7041
1023.776,50.0791
1024.258,32.30859
1024.74,30.45703
1025.223,31.46484
1025.705,3.262695
1026.187,41.75098
1026.669,48.86426
1027.151,0.371094
1027.633,43.76074
1028.115,40.71582
1028.597,21.80664
1029.079,11.41113
1029.562,10.89453
1030.044,5.982422
1030.526,5.277344
1031.008,8.850586
1031.49,8.416016
1031.972,34.46289
1032.454,55.63477
1032.936,70.48633
1033.419,75.66895
1033.901,56.73145
1034.383,45.68555
1034.865,47.49414
1035.347,58.79395
1035.829,78.94922
1036.311,106.0283
1036.793,122.2041
1037.276,124.9893
1037.758,121.8994
1038.24,113.8779
1038.722,106.1211
1039.204,100.7256
1039.686,98.08496
1040.168,108.3447
1040.65,134.6357
1041.132,161.7812
1041.615,183.4434
1042.097,202.5674
1042.579,232.9453
1043.061,264.458
1043.543,274.4111
1044.025,228.2197
1044.507,199.2197
1044.989,209.6777
1045.471,233.4961
1045.954,245.6289
1046.436,246.7734
1046.918,251.0225
1047.4,259.1143
1047.882,274.4189
1048.364,318.1875
1048.846,354.3389
1049.328,347.5732
1049.811,302.1562
1050.293,272.959
1050.775,263.7871
1051.257,263.6865
1051.739,274.083
1052.221,283.6836
1052.703,262.5586
1053.185,229.8066
1053.667,226.3271
1054.15,278.9102
1054.632,314.0674
1055.114,283.6562
1055.596,258.3867
1056.078,290.3203
1056.56,374.9785
1057.042,422.6465
1057.524,435.2178
1058.006,445.2227
1058.489,467.7891
1058.971,499.4092
1059.453,543.4131
1059.935,594.1172
1060.417,637.3242
1060.899,672.8945
1061.381,695.0986
1061.863,694.9336
1062.346,707.9902
1062.828,795.2715
1063.31,917.6963
1063.792,1010.563
1064.274,1064.683
1064.756,1108.467
1065.238,1140.187
1065.72,1175.479
1066.203,1224.855
1066.685,1281.239
1067.167,1309.384
1067.649,1314.826
1068.131,1329.728
1068.613,1372.615
1069.095,1418.734
1069.577,1466.283
1070.059,1500.089
1070.542,1499.888
1071.024,1451.573
1071.506,1427.246
1071.988,1431.282
1072.47,1433.569
1072.952,1410.433
1073.434,1371.272
1073.916,1328.502
1074.398,1280.927
1074.881,1220.972
1075.363,1123.393
1075.845,1050.748
1076.327,1017.632
1076.809,1008.843
1077.291,1002.99
1077.773,999.3193
1078.255,993.6338
1078.738,983.2441
1079.22,986.2969
1079.702,1040.219
1080.184,1087.35
1080.666,1084.815
1081.148,1036.986
1081.63,1041.825
1082.112,1095.452
1082.594,1136.011
1083.077,1119.063
1083.559,1102.906
1084.041,1158.364
1084.523,1246.794
1085.005,1308.867
1085.487,1312.576
1085.969,1340.921
1086.451,1399.238
1086.933,1469.579
1087.416,1540.705
1087.898,1610.394
1088.38,1685.417
1088.862,1758.723
1089.344,1805.355
1089.826,1797.661
1090.308,1782.263
1090.79,1770.421
1091.272,1758.421
1091.755,1739.596
1092.237,1713.477
1092.719,1680.771
1093.201,1642.865
1093.683,1592.841
1094.165,1515.733
1094.647,1429.941
1095.129,1349.064
1095.612,1273.706
1096.094,1208.449
1096.576,1153.727
1097.058,1102.569
1097.54,1059.379
1098.022,1006.589
1098.504,908.8076
1098.986,793.6562
1099.469,705.1855
1099.951,663.6846
1100.433,626.2549
1100.915,591.3975
1101.397,564.1709
1101.879,560.1367
1102.361,562.791
1102.843,529.834
1103.325,467.3613
1103.807,413.3594
1104.29,381.0986
1104.772,363.4473
1105.254,363.7109
1105.736,370.4873
1106.218,364.7139
1106.7,348.5693
1107.182,332.5088
1107.664,317.0547
1108.147,301.5273
1108.629,283.3896
1109.111,267.3281
1109.593,258.5752
1110.075,254.1377
1110.557,237.1152
1111.039,207.2461
1111.521,179.4043
1112.004,159.6396
1112.486,142.7891
1112.968,117.6709
1113.45,94.9043
1113.932,90.69043
1114.414,117.6016
1114.896,124.6123
1115.378,104.958
1115.86,90.3877
1116.343,115.292
1116.825,151.5801
1117.307,142.8857
1117.789,104.5518
1118.271,80.49805
1118.753,99.44727
1119.235,112.9014
1119.717,114.9004
1120.199,110.8242
1120.682,105.9473
1121.164,100.0537
1121.646,88.82422
1122.128,73.125
1122.61,66.66992
1123.092,85.91016
1123.574,104.7871
1124.056,116.6777
1124.539,119.0215
1125.021,96.95801
1125.503,54.29102
1125.985,35.22656
1126.467,53.16895
1126.949,76.83203
1127.431,92.12402
1127.913,95.78125
1128.396,77.08398
1128.878,38.34277
1129.36,30.79688
1129.842,56.4502
1130.324,86.1875
1130.806,114.9492
1131.288,130.667
1131.77,106.5049
1132.252,66.15234
1132.734,44.81348
1133.217,56.50293
1133.699,61.87305
1134.181,59.29297
1134.663,56.28125
1135.145,64.49316
1135.627,72.10547
1136.109,52.17285
1136.591,14.58789
1137.074,8.539063
1137.556,14.24609
1138.038,17.26953
1138.52,16.41309
1139.002,51.34961
1139.484,32.59961
1139.966,15.98535
1140.448,24.93945
1140.931,7.198242
1141.413,26.26855
1141.895,7.701172
1142.377,38.56641
1142.859,45.90039
1143.341,42.77637
1143.823,70.75293
1144.305,118.8125
1144.787,115.4473
1145.27,36.91602
1145.752,26.02246
1146.234,0.227539
1146.716,43.03223
1147.198,63.41797
1147.68,62.72266
1148.162,46.20703
1148.644,15.51758
1149.126,1.694336
1149.609,26.06641
1150.091,47.8916
1150.573,25.55078
1151.055,9.191406
1151.537,22.41016
1152.019,11.25977
1152.501,4.328125
1152.983,25.00098
1153.466,41.23828
1153.948,44.86426
1154.43,43.70117
1154.912,40.87109
1155.394,39.50586
1155.876,47.31836
1156.358,72.81738
1156.84,82.63477
1157.322,72.96875
1157.805,60.26953
1158.287,61.87891
1158.769,66.54492
1159.251,49.17676
1159.733,19.17773
1160.215,24.49512
1160.697,111.0889
1161.179,146.3291
1161.661,100.3672
1162.144,33.13281
1162.626,22.61719
1163.108,41.19727
1163.59,36.33398
1164.072,3.943359
1164.554,8.56543
1165.036,34.41797
1165.518,57.67676
1166.0,33.78418
1166.483,7.59082
1166.965,8.053711
1167.447,17.43652
1167.929,30.83203
1168.411,20.67773
1168.893,22.11816
1169.375,64.77832
1169.857,100.1055
1170.34,108.9492
1170.822,96.51367
1171.304,71.56348
1171.786,39.71289
1172.268,21.43945
1172.75,27.98535
1173.232,37.33203
1173.714,44.35254
1174.197,46.46777
1174.679,39.30762
1175.161,25.68262
1175.643,32.95703
1176.125,56.35938
1176.607,67.4502
1177.089,31.97852
1177.571,7.595703
1178.053,43.32031
1178.536,85.31348
1179.018,69.63379
1179.5,3.563477
1179.982,6.547852
1180.464,57.21191
1180.946,105.1611
1181.428,62.38867
1181.91,12.21484
1182.392,4.020508
1182.875,5.540039
1183.357,34.00781
1183.839,82.49707
1184.321,107.8418
1184.803,106.0049
1185.285,96.13867
1185.767,87.40625
1186.249,80.95215
1186.732,79.54297
1187.214,80.74512
1187.696,77.65332
1188.178,69.76562
1188.66,63.72949
1189.142,61.00977
1189.624,56.70801
1190.106,39.87695
1190.589,24.98145
1191.071,27.05664
1191.553,43.54492
1192.035,55.99219
1192.517,64.62793
1192.999,66.19238
1193.481,57.50781
1193.963,49.18555
1194.445,53.36719
1194.927,61.49121
1195.41,67.7998
1195.892,71.04297
1196.374,66.01367
1196.856,49.44531
1197.338,48.6084
1197.82,83.06055
1198.302,113.6279
1198.784,91.94824
1199.267,45.15625
1199.749,6.558594
1200.231,25.46191
1200.713,24.75098
1201.195,13.58984
1201.677,50.69629
1202.159,69.3916
1202.641,75.30371
1203.124,68.07227
1203.606,53.20215
1204.088,44.88672
1204.57,42.3418
1205.052,50.80566
1205.534,73.77832
1206.016,86.27441
1206.498,59.75098
1206.98,24.24219
1207.463,15.98145
1207.945,24.4209
1208.427,27.1377
1208.909,15.19727
1209.391,17.30176
1209.873,39.15723
1210.355,55.45605
1210.837,35.89551
1211.319,6.503906
1211.802,4.323242
1212.284,0.083007999
1212.766,8.916992
1213.248,23.18555
1213.73,35.5752
1214.212,46.67383
1214.694,49.10156
1215.176,23.3291
1215.659,5.206055
1216.141,3.820313
1216.623,21.40137
1217.105,37.42285
1217.587,38.32715
1218.069,42.82324
1218.551,53.71582
1219.033,66.6084
1219.516,86.93945
1219.998,99.1416
1220.48,74.28125
1220.962,19.82715
1221.444,0.154297
1221.926,26.85352
1222.408,46.92969
1222.89,50.24023
1223.372,49.52637
1223.854,57.94434
1224.337,70.97754
1224.819,92.90234
1225.301,121.0645
1225.783,111.1816
1226.265,51.06738
1226.747,9.87793
1227.229,5.256836
1227.711,22.03516
1228.193,67.16406
1228.676,108.4502
1229.158,105.4082
1229.64,54.44238
1230.122,16.3584
1230.604,8.845703
1231.086,17.72266
1231.568,7.541016
1232.05,14.66016
1232.533,61.80566
1233.015,103.7559
1233.497,94.89551
1233.979,32.3877
1234.461,26.32031
1234.943,83.05078
1235.425,109.5889
1235.907,56.89355
1236.39,4.113281
1236.872,1.919922
1237.354,26.9082
1237.836,41.73633
1238.318,41.05078
1238.8,53.66797
1239.282,79.9834
1239.764,103.2207
1240.246,119.7832
1240.729,123.3027
1241.211,92.1875
1241.693,55.16016
1242.175,45.88281
1242.657,65.86621
1243.139,76.71484
1243.621,78.44727
1244.103,71.28613
1244.585,53.63672
1245.068,38.91895
1245.55,38.04395
1246.032,43.73047
1246.514,49.29004
1246.996,54.81055
1247.478,52.67383
1247.96,43.24805
1248.442,31.60156
1248.925,17.43652
1249.407,5.798828
1249.889,2.788086
1250.371,5.921875
1250.853,2.794922
1251.335,6.746094
1251.817,37.44238
1252.299,85.0498
1252.781,119.4287
1253.264,118.835
1253.746,108.6895
1254.228,90.50391
1254.71,74.30957
1255.192,74.08887
1255.674,85.32031
1256.156,67.25586
1256.638,27.58496
1257.12,10.02734
1257.603,63.46387
1258.085,102.6221
1258.567,109.5312
1259.049,98.52246
1259.531,67.73145
1260.013,30.26562
1260.495,37.51758
1260.977,82.55664
1261.46,123.6611
1261.942,158.1611
1262.424,161.3135
1262.906,118.6113
1263.388,70.22656
1263.87,60.0127
1264.352,72.53027
1264.834,76.36621
1265.317,72.19922
1265.799,70.42578
1266.281,76.78516
1266.763,79.66504
1267.245,76.66797
1267.727,73.61426
1268.209,73.69141
1268.691,77.45215
1269.173,88.87109
1269.656,105.3438
1270.138,115.0684
1270.62,116.8916
1271.102,111.7451
1271.584,97.60254
1272.066,88.16504
1272.548,110.8643
1273.03,133.71
1273.512,110.4092
1273.995,57.59961
1274.477,41.44922
1274.959,72.13379
1275.441,84.65234
1275.923,68.9043
1276.405,55.3291
1276.887,73.15723
1277.369,99.66406
1277.852,127.9219
1278.334,149.0635
1278.816,136.6191
1279.298,89.2998
1279.78,83.6084
1280.262,128.3984
1280.744,156.085
1281.226,84.76367
1281.708,22.49512
1282.191,39.93652
1282.673,93.94922
1283.155,117.9053
1283.637,114.6475
1284.119,98.87207
1284.601,73.25781
1285.083,58.0332
1285.565,68.09375
1286.047,84.99023
1286.53,107.3682
1287.012,126.5205
1287.494,127.6377
1287.976,115.0713
1288.458,94.31738
1288.94,68.32617
1289.422,61.75586
1289.904,101.2529
1290.386,135.9209
1290.869,160.2549
1291.351,170.8535
1291.833,156.1875
1292.315,128.5879
1292.797,106.8662
1293.279,91.67383
1293.761,73.0752
1294.243,41.19238
1294.726,34.78516
1295.208,64.5
1295.69,99.87109
1296.172,111.8867
1296.654,111.3018
1297.136,105.2822
1297.618,96.20801
1298.1,93.64941
1298.583,99.9209
1299.065,92.46094
1299.547,67.49805
1300.029,39.96387
1300.511,13.24609
1300.993,30.22559
1301.475,85.63281
1301.957,248.3711
1302.439,279.2598
1302.922,190.749
1303.404,137.9209
1303.886,137.5039
1304.368,137.8672
1304.85,106.6221
1305.332,71.07227
1305.814,35.9668
1306.296,9.21875
1306.778,8.532227
1307.261,25.20801
1307.743,30.39844
1308.225,23.46191
1308.707,27.71582
1309.189,66.95117
1309.671,70.30566
1310.153,76.18457
1310.635,73.44238
1311.118,73.27441
1311.6,75.85254
1312.082,88.12695
1312.564,99.18164
1313.046,87.99219
1313.528,34.44727
1314.01,5.75293
1314.492,9.391602
1314.974,23.18164
1315.457,37.92969
1315.939,46.44336
1316.421,32.70898
1316.903,8.610352
1317.385,0.226563
1317.867,0.0
1500.0,0.0
